description,has_signal
Q8TF40|EUKARYA|NO_SP|0,0
Q1ENB6|EUKARYA|NO_SP|1,0
P36001|EUKARYA|NO_SP|2,0
P55317|EUKARYA|NO_SP|0,0
P35583|EUKARYA|NO_SP|0,0
Q9PSY4|EUKARYA|NO_SP|0,0
P55316|EUKARYA|NO_SP|1,0
F4K2A1|EUKARYA|NO_SP|0,0
B0YLW8|EUKARYA|NO_SP|1,0
Q9SZL8|EUKARYA|NO_SP|2,0
O82533|EUKARYA|NO_SP|0,0
Q99PF5|EUKARYA|NO_SP|0,0
Q91904|EUKARYA|NO_SP|2,0
Q9URU9|EUKARYA|NO_SP|1,0
P53913|EUKARYA|NO_SP|1,0
O60318|EUKARYA|NO_SP|0,0
Q7Z7B0|EUKARYA|NO_SP|1,0
Q6P8X9|EUKARYA|NO_SP|1,0
P53233|EUKARYA|NO_SP|0,0
Q06787|EUKARYA|NO_SP|0,0
Q8W493|EUKARYA|NO_SP|2,0
Q12676|EUKARYA|NO_SP|2,0
P21525|EUKARYA|NO_SP|0,0
O00358|EUKARYA|NO_SP|0,0
Q9C0B1|EUKARYA|NO_SP|2,0
P02835|EUKARYA|NO_SP|1,0
Q9FV81|EUKARYA|NO_SP|2,0
P49027|EUKARYA|NO_SP|0,0
O42248|EUKARYA|NO_SP|0,0
Q09312|EUKARYA|NO_SP|1,0
Q945P0|EUKARYA|NO_SP|1,0
Q5HY92|EUKARYA|NO_SP|1,0
Q8NFG4|EUKARYA|NO_SP|2,0
Q9LGE3|EUKARYA|NO_SP|1,0
F4IMQ0|EUKARYA|NO_SP|2,0
Q3E7I5|EUKARYA|NO_SP|0,0
Q6NQJ7|EUKARYA|NO_SP|1,0
Q5TBA9|EUKARYA|NO_SP|1,0
O95073|EUKARYA|NO_SP|2,0
Q05015|EUKARYA|NO_SP|1,0
Q75W17|EUKARYA|NO_SP|0,0
Q9H469|EUKARYA|NO_SP|0,0
Q6P050|EUKARYA|NO_SP|2,0
Q9UTG6|EUKARYA|NO_SP|2,0
Q9CZS3|EUKARYA|NO_SP|0,0
Q9I9E1|EUKARYA|NO_SP|1,0
Q14331|EUKARYA|NO_SP|2,0
P42685|EUKARYA|NO_SP|1,0
Q9UTI1|EUKARYA|NO_SP|0,0
Q8N1E6|EUKARYA|NO_SP|1,0
P04406|EUKARYA|NO_SP|2,0
Q06179|EUKARYA|NO_SP|1,0
P32785|EUKARYA|NO_SP|1,0
A2RVV7|EUKARYA|NO_SP|1,0
O04862|EUKARYA|NO_SP|1,0
Q70KY4|EUKARYA|NO_SP|0,0
Q9P7X3|EUKARYA|NO_SP|1,0
Q86XJ1|EUKARYA|NO_SP|1,0
P24522|EUKARYA|NO_SP|1,0
Q6YWF1|EUKARYA|NO_SP|0,0
Q8LK61|EUKARYA|NO_SP|1,0
P14234|EUKARYA|NO_SP|1,0
O89106|EUKARYA|NO_SP|1,0
Q9WTX7|EUKARYA|NO_SP|1,0
Q2V2M9|EUKARYA|NO_SP|2,0
Q9LT47|EUKARYA|NO_SP|1,0
O74191|EUKARYA|NO_SP|2,0
Q96330|EUKARYA|NO_SP|1,0
Q8LPQ9|EUKARYA|NO_SP|0,0
Q6GLS8|EUKARYA|NO_SP|2,0
Q03002|EUKARYA|NO_SP|2,0
P08417|EUKARYA|NO_SP|0,0
O14276|EUKARYA|NO_SP|2,0
P58012|EUKARYA|NO_SP|0,0
Q8K3Q3|EUKARYA|NO_SP|2,0
Q9R1E0|EUKARYA|NO_SP|0,0
Q95V55|EUKARYA|NO_SP|1,0
Q07540|EUKARYA|NO_SP|1,0
P97376|EUKARYA|NO_SP|2,0
Q5SYB0|EUKARYA|NO_SP|1,0
Q9M8J3|EUKARYA|NO_SP|0,0
D3ZXW3|EUKARYA|NO_SP|2,0
P38777|EUKARYA|NO_SP|2,0
Q9DEN4|EUKARYA|NO_SP|0,0
Q9CZV8|EUKARYA|NO_SP|1,0
P51114|EUKARYA|NO_SP|0,0
Q9UQC2|EUKARYA|NO_SP|1,0
P17649|EUKARYA|NO_SP|2,0
Q9QVC8|EUKARYA|NO_SP|0,0
Q15007|EUKARYA|NO_SP|2,0
P53889|EUKARYA|NO_SP|2,0
P36141|EUKARYA|NO_SP|1,0
Q9P278|EUKARYA|NO_SP|0,0
P55318|EUKARYA|NO_SP|0,0
Q9Y261|EUKARYA|NO_SP|0,0
O16850|EUKARYA|NO_SP|1,0
F4J2K2|EUKARYA|NO_SP|1,0
Q96NE9|EUKARYA|NO_SP|1,0
P36088|EUKARYA|NO_SP|1,0
Q3EBQ3|EUKARYA|NO_SP|1,0
Q9ZVC9|EUKARYA|NO_SP|1,0
Q9S793|EUKARYA|NO_SP|2,0
Q92945|EUKARYA|NO_SP|0,0
Q9PRJ8|EUKARYA|NO_SP|2,0
Q32M02|EUKARYA|NO_SP|1,0
O36024|EUKARYA|NO_SP|1,0
P40099|EUKARYA|NO_SP|0,0
Q8BGW1|EUKARYA|NO_SP|2,0
Q12247|EUKARYA|NO_SP|1,0
Q8GVZ6|EUKARYA|NO_SP|2,0
P83780|EUKARYA|NO_SP|1,0
Q9FWR5|EUKARYA|NO_SP|1,0
P15442|EUKARYA|NO_SP|1,0
Q96RT7|EUKARYA|NO_SP|2,0
O46567|EUKARYA|NO_SP|0,0
Q9SY66|EUKARYA|NO_SP|1,0
Q5UBY2|EUKARYA|NO_SP|1,0
Q8N4E7|EUKARYA|NO_SP|0,0
P35637|EUKARYA|NO_SP|0,0
O74972|EUKARYA|NO_SP|2,0
Q7L622|EUKARYA|NO_SP|1,0
Q9FX54|EUKARYA|NO_SP|2,0
O59812|EUKARYA|NO_SP|1,0
Q04739|EUKARYA|NO_SP|1,0
Q8WUU5|EUKARYA|NO_SP|0,0
Q84P53|EUKARYA|NO_SP|1,0
Q8SY33|EUKARYA|NO_SP|1,0
P62879|EUKARYA|NO_SP|2,0
Q5GIS3|EUKARYA|NO_SP|2,0
P30793|EUKARYA|NO_SP|0,0
H2L099|EUKARYA|NO_SP|0,0
Q8LSN3|EUKARYA|NO_SP|0,0
P42776|EUKARYA|NO_SP|0,0
Q9HDV9|EUKARYA|NO_SP|0,0
O80988|EUKARYA|NO_SP|1,0
Q9VRJ0|EUKARYA|NO_SP|2,0
P30047|EUKARYA|NO_SP|1,0
Q9LR30|EUKARYA|NO_SP|1,0
P40208|EUKARYA|NO_SP|2,0
P38783|EUKARYA|NO_SP|2,0
O13837|EUKARYA|NO_SP|2,0
Q5JY77|EUKARYA|NO_SP|2,0
Q9LRH6|EUKARYA|NO_SP|2,0
P43694|EUKARYA|NO_SP|0,0
Q94CE5|EUKARYA|NO_SP|1,0
Q10282|EUKARYA|NO_SP|0,0
P42775|EUKARYA|NO_SP|0,0
Q9SMN1|EUKARYA|NO_SP|2,0
P16068|EUKARYA|NO_SP|1,0
P39958|EUKARYA|NO_SP|2,0
P39993|EUKARYA|NO_SP|1,0
Q09733|EUKARYA|NO_SP|1,0
Q9VVX0|EUKARYA|NO_SP|1,0
P55163|EUKARYA|NO_SP|1,0
Q9P7R5|EUKARYA|NO_SP|1,0
Q9M0A7|EUKARYA|NO_SP|1,0
P27469|EUKARYA|NO_SP|1,0
Q92908|EUKARYA|NO_SP|0,0
A6NHX0|EUKARYA|NO_SP|2,0
Q84P54|EUKARYA|NO_SP|2,0
P97265|EUKARYA|NO_SP|1,0
Q9H227|EUKARYA|NO_SP|1,0
P42777|EUKARYA|NO_SP|0,0
Q94AU7|EUKARYA|NO_SP|1,0
Q27403|EUKARYA|NO_SP|1,0
P33892|EUKARYA|NO_SP|2,0
Q94B78|EUKARYA|NO_SP|1,0
Q9C104|EUKARYA|NO_SP|1,0
P52566|EUKARYA|NO_SP|2,0
Q03555|EUKARYA|NO_SP|1,0
Q8GWW8|EUKARYA|NO_SP|1,0
O70237|EUKARYA|NO_SP|0,0
Q8RWE8|EUKARYA|NO_SP|1,0
Q9LQT8|EUKARYA|NO_SP|0,0
P11862|EUKARYA|NO_SP|1,0
Q9ZPQ3|EUKARYA|NO_SP|1,0
Q8WXD5|EUKARYA|NO_SP|1,0
P34802|EUKARYA|NO_SP|0,0
Q9STX3|EUKARYA|NO_SP|1,0
Q641A1|EUKARYA|NO_SP|0,0
Q6DFA8|EUKARYA|NO_SP|0,0
P34689|EUKARYA|NO_SP|0,0
Q8K1M4|EUKARYA|NO_SP|0,0
P00359|EUKARYA|NO_SP|2,0
Q9M350|EUKARYA|NO_SP|1,0
Q7XJ96|EUKARYA|NO_SP|2,0
Q9H0R6|EUKARYA|NO_SP|2,0
Q8WTX7|EUKARYA|NO_SP|2,0
Q84P52|EUKARYA|NO_SP|2,0
P35573|EUKARYA|NO_SP|1,0
Q9USN5|EUKARYA|NO_SP|1,0
Q99PT1|EUKARYA|NO_SP|2,0
Q32NR9|EUKARYA|NO_SP|1,0
Q9SSQ4|EUKARYA|NO_SP|2,0
P40492|EUKARYA|NO_SP|1,0
Q9C6B3|EUKARYA|NO_SP|1,0
Q09785|EUKARYA|NO_SP|1,0
Q9TU03|EUKARYA|NO_SP|2,0
A4FVR1|EUKARYA|NO_SP|2,0
Q9Y2X7|EUKARYA|NO_SP|2,0
P27900|EUKARYA|NO_SP|2,0
O13702|EUKARYA|NO_SP|0,0
Q93YV0|EUKARYA|NO_SP|1,0
Q7L5D6|EUKARYA|NO_SP|0,0
Q5VTD9|EUKARYA|NO_SP|0,0
O22043|EUKARYA|NO_SP|2,0
O59703|EUKARYA|NO_SP|2,0
Q9NWU2|EUKARYA|NO_SP|1,0
Q12418|EUKARYA|NO_SP|1,0
P30627|EUKARYA|NO_SP|1,0
P91420|EUKARYA|NO_SP|0,0
Q12315|EUKARYA|NO_SP|2,0
Q61602|EUKARYA|NO_SP|1,0
O22287|EUKARYA|NO_SP|0,0
Q9FMV1|EUKARYA|NO_SP|2,0
P16383|EUKARYA|NO_SP|0,0
Q9SGA2|EUKARYA|NO_SP|1,0
Q8IS21|EUKARYA|NO_SP|1,0
D3YN49|EUKARYA|NO_SP|1,0
Q6L545|EUKARYA|NO_SP|1,0
Q6XP49|EUKARYA|NO_SP|0,0
Q9ZST4|EUKARYA|NO_SP|0,0
P39732|EUKARYA|NO_SP|2,0
P48727|EUKARYA|NO_SP|0,0
Q9VD44|EUKARYA|NO_SP|0,0
G5EFL0|EUKARYA|NO_SP|0,0
Q0WPZ7|EUKARYA|NO_SP|2,0
O94652|EUKARYA|NO_SP|1,0
P32288|EUKARYA|NO_SP|2,0
Q10CE4|EUKARYA|NO_SP|2,0
Q96IJ6|EUKARYA|NO_SP|0,0
P25157|EUKARYA|NO_SP|1,0
P29348|EUKARYA|NO_SP|2,0
Q03557|EUKARYA|NO_SP|1,0
O75879|EUKARYA|NO_SP|0,0
P53260|EUKARYA|NO_SP|1,0
P36408|EUKARYA|NO_SP|2,0
O24456|EUKARYA|NO_SP|0,0
Q12125|EUKARYA|NO_SP|0,0
Q04839|EUKARYA|NO_SP|1,0
Q9N658|EUKARYA|NO_SP|0,0
Q03833|EUKARYA|NO_SP|0,0
O35826|EUKARYA|NO_SP|1,0
Q9VYS4|EUKARYA|NO_SP|1,0
O17087|EUKARYA|NO_SP|1,0
D2WL32|EUKARYA|NO_SP|2,0
P08151|EUKARYA|NO_SP|0,0
Q59W62|EUKARYA|NO_SP|0,0
Q6PBM1|EUKARYA|NO_SP|0,0
Q9HDW8|EUKARYA|NO_SP|0,0
Q2QPW1|EUKARYA|NO_SP|1,0
Q99JY3|EUKARYA|NO_SP|0,0
Q04233|EUKARYA|NO_SP|2,0
Q2KIR7|EUKARYA|NO_SP|1,0
O13426|EUKARYA|NO_SP|2,0
Q94JQ3|EUKARYA|NO_SP|0,0
G5EEN4|EUKARYA|NO_SP|0,0
P06537|EUKARYA|NO_SP|0,0
Q9LQL0|EUKARYA|NO_SP|0,0
Q9Y7U3|EUKARYA|NO_SP|1,0
P53849|EUKARYA|NO_SP|1,0
Q9FFH0|EUKARYA|NO_SP|2,0
P39726|EUKARYA|NO_SP|0,0
Q8GY54|EUKARYA|NO_SP|2,0
Q95UQ1|EUKARYA|NO_SP|1,0
Q5ZR76|EUKARYA|NO_SP|2,0
Q9NWZ8|EUKARYA|NO_SP|1,0
Q9M0A5|EUKARYA|NO_SP|1,0
P25569|EUKARYA|NO_SP|1,0
Q59VM7|EUKARYA|NO_SP|1,0
Q02784|EUKARYA|NO_SP|0,0
Q9C102|EUKARYA|NO_SP|1,0
Q12393|EUKARYA|NO_SP|2,0
Q8VZS6|EUKARYA|NO_SP|2,0
Q9FN69|EUKARYA|NO_SP|2,0
Q95ZK7|EUKARYA|NO_SP|1,0
Q53GS7|EUKARYA|NO_SP|1,0
Q9LRR9|EUKARYA|NO_SP|2,0
Q9LRS0|EUKARYA|NO_SP|2,0
B7ZFT1|EUKARYA|NO_SP|1,0
Q9DB00|EUKARYA|NO_SP|2,0
P46984|EUKARYA|NO_SP|1,0
Q8SR40|EUKARYA|NO_SP|1,0
P47122|EUKARYA|NO_SP|0,0
Q08726|EUKARYA|NO_SP|0,0
P81274|EUKARYA|NO_SP|2,0
Q9NW75|EUKARYA|NO_SP|0,0
O75791|EUKARYA|NO_SP|2,0
Q14449|EUKARYA|NO_SP|0,0
Q9ZR12|EUKARYA|NO_SP|2,0
Q9BQ67|EUKARYA|NO_SP|0,0
Q9Z1B2|EUKARYA|NO_SP|1,0
P30713|EUKARYA|NO_SP|0,0
Q8L7C9|EUKARYA|NO_SP|2,0
Q9JI57|EUKARYA|NO_SP|2,0
P36156|EUKARYA|NO_SP|2,0
D2XV59|EUKARYA|NO_SP|0,0
O94250|EUKARYA|NO_SP|1,0
Q05926|EUKARYA|NO_SP|2,0
Q0JKD0|EUKARYA|NO_SP|0,0
Q9NZD2|EUKARYA|NO_SP|1,0
P21279|EUKARYA|NO_SP|2,0
F3Y5P4|EUKARYA|NO_SP|2,0
Q3V6T2|EUKARYA|NO_SP|1,0
P38715|EUKARYA|NO_SP|0,0
Q9NZI5|EUKARYA|NO_SP|2,0
Q03569|EUKARYA|NO_SP|1,0
Q08969|EUKARYA|NO_SP|1,0
Q12068|EUKARYA|NO_SP|2,0
Q5FWH3|EUKARYA|NO_SP|2,0
Q9C469|EUKARYA|NO_SP|1,0
Q8GWS0|EUKARYA|NO_SP|0,0
O94246|EUKARYA|NO_SP|1,0
Q9FHE1|EUKARYA|NO_SP|0,0
Q923K4|EUKARYA|NO_SP|0,0
Q56WN1|EUKARYA|NO_SP|2,0
P34897|EUKARYA|NO_SP|1,0
A8MTJ3|EUKARYA|NO_SP|2,0
P39717|EUKARYA|NO_SP|1,0
Q95QJ7|EUKARYA|NO_SP|1,0
P15505|EUKARYA|NO_SP|0,0
O77512|EUKARYA|NO_SP|1,0
Q49A26|EUKARYA|NO_SP|2,0
P04899|EUKARYA|NO_SP|2,0
Q9SCX9|EUKARYA|NO_SP|0,0
P32191|EUKARYA|NO_SP|0,0
P36970|EUKARYA|NO_SP|2,0
Q9U405|EUKARYA|NO_SP|1,0
Q60760|EUKARYA|NO_SP|1,0
Q14451|EUKARYA|NO_SP|0,0
Q9UU96|EUKARYA|NO_SP|0,0
Q08622|EUKARYA|NO_SP|1,0
Q9S7E9|EUKARYA|NO_SP|1,0
E5RQA1|EUKARYA|NO_SP|1,0
Q22663|EUKARYA|NO_SP|1,0
Q9Y7N3|EUKARYA|NO_SP|2,0
Q86SX6|EUKARYA|NO_SP|0,0
Q8TAX9|EUKARYA|NO_SP|2,0
Q60EZ2|EUKARYA|NO_SP|0,0
P78417|EUKARYA|NO_SP|2,0
Q9UT36|EUKARYA|NO_SP|1,0
Q08886|EUKARYA|NO_SP|1,0
Q86WP2|EUKARYA|NO_SP|2,0
P27601|EUKARYA|NO_SP|2,0
P63096|EUKARYA|NO_SP|2,0
Q9NVN8|EUKARYA|NO_SP|2,0
O59762|EUKARYA|NO_SP|1,0
O42906|EUKARYA|NO_SP|0,0
P40106|EUKARYA|NO_SP|1,0
O49506|EUKARYA|NO_SP|2,0
P17695|EUKARYA|NO_SP|1,0
P08754|EUKARYA|NO_SP|2,0
Q96QA5|EUKARYA|NO_SP|2,0
Q9LX31|EUKARYA|NO_SP|0,0
Q04322|EUKARYA|NO_SP|1,0
O94711|EUKARYA|NO_SP|1,0
Q9VXG1|EUKARYA|NO_SP|0,0
Q99714|EUKARYA|NO_SP|0,0
Q0J7P4|EUKARYA|NO_SP|0,0
Q9ZV65|EUKARYA|NO_SP|0,0
Q9P3U4|EUKARYA|NO_SP|2,0
Q9BXL5|EUKARYA|NO_SP|2,0
Q568P9|EUKARYA|NO_SP|1,0
Q6WQI6|EUKARYA|NO_SP|2,0
C8V4D4|EUKARYA|NO_SP|2,0
Q8LF89|EUKARYA|NO_SP|2,0
P59169|EUKARYA|NO_SP|0,0
Q8LPU4|EUKARYA|NO_SP|1,0
P34470|EUKARYA|NO_SP|1,0
Q9FML2|EUKARYA|NO_SP|1,0
Q92769|EUKARYA|NO_SP|1,0
Q9ERZ0|EUKARYA|NO_SP|2,0
O04921|EUKARYA|NO_SP|0,0
F4KDN0|EUKARYA|NO_SP|2,0
Q550D5|EUKARYA|NO_SP|0,0
Q9C882|EUKARYA|NO_SP|0,0
Q969Y2|EUKARYA|NO_SP|0,0
Q80SU7|EUKARYA|NO_SP|2,0
P35064|EUKARYA|NO_SP|0,0
Q8H991|EUKARYA|NO_SP|1,0
Q9SNQ6|EUKARYA|NO_SP|0,0
Q06623|EUKARYA|NO_SP|1,0
Q76N89|EUKARYA|NO_SP|2,0
Q76PD2|EUKARYA|NO_SP|2,0
Q60848|EUKARYA|NO_SP|1,0
Q10452|EUKARYA|NO_SP|0,0
Q9FE46|EUKARYA|NO_SP|0,0
P09211|EUKARYA|NO_SP|2,0
Q9ZRT5|EUKARYA|NO_SP|0,0
Q8L727|EUKARYA|NO_SP|0,0
Q84XV2|EUKARYA|NO_SP|1,0
Q04806|EUKARYA|NO_SP|2,0
O74544|EUKARYA|NO_SP|0,0
Q9DAN6|EUKARYA|NO_SP|1,0
Q9UBP9|EUKARYA|NO_SP|1,0
Q9SAC6|EUKARYA|NO_SP|2,0
P62804|EUKARYA|NO_SP|0,0
Q96MB7|EUKARYA|NO_SP|1,0
Q96CS2|EUKARYA|NO_SP|1,0
Q9H6D7|EUKARYA|NO_SP|2,0
Q5BKC6|EUKARYA|NO_SP|1,0
Q8R316|EUKARYA|NO_SP|2,0
Q03385|EUKARYA|NO_SP|2,0
O88958|EUKARYA|NO_SP|1,0
Q8C0L9|EUKARYA|NO_SP|2,0
Q8N335|EUKARYA|NO_SP|1,0
P90551|EUKARYA|NO_SP|0,0
P41277|EUKARYA|NO_SP|1,0
Q8K5C0|EUKARYA|NO_SP|2,0
Q9BYG8|EUKARYA|NO_SP|2,0
O74824|EUKARYA|NO_SP|0,0
Q8CCK0|EUKARYA|NO_SP|0,0
Q8T1C6|EUKARYA|NO_SP|2,0
Q9UTL7|EUKARYA|NO_SP|0,0
Q07845|EUKARYA|NO_SP|1,0
Q93V58|EUKARYA|NO_SP|1,0
Q62833|EUKARYA|NO_SP|0,0
Q96305|EUKARYA|NO_SP|2,0
P27456|EUKARYA|NO_SP|0,0
Q9DCM2|EUKARYA|NO_SP|1,0
Q6DBX4|EUKARYA|NO_SP|0,0
Q9N1F5|EUKARYA|NO_SP|2,0
Q9FGW9|EUKARYA|NO_SP|2,0
P48239|EUKARYA|NO_SP|2,0
P53258|EUKARYA|NO_SP|2,0
Q9SS38|EUKARYA|NO_SP|0,0
Q27511|EUKARYA|NO_SP|0,0
P59226|EUKARYA|NO_SP|0,0
Q9I9R0|EUKARYA|NO_SP|1,0
P41546|EUKARYA|NO_SP|2,0
Q75N03|EUKARYA|NO_SP|1,0
Q8H7F6|EUKARYA|NO_SP|0,0
Q12849|EUKARYA|NO_SP|0,0
Q9P0R6|EUKARYA|NO_SP|1,0
Q9UUH7|EUKARYA|NO_SP|0,0
P62787|EUKARYA|NO_SP|0,0
Q0WP44|EUKARYA|NO_SP|1,0
O94927|EUKARYA|NO_SP|2,0
Q9V4C8|EUKARYA|NO_SP|2,0
Q55BW2|EUKARYA|NO_SP|1,0
O22446|EUKARYA|NO_SP|1,0
Q13547|EUKARYA|NO_SP|1,0
Q6K678|EUKARYA|NO_SP|1,0
Q8K4P8|EUKARYA|NO_SP|2,0
Q8NEC7|EUKARYA|NO_SP|1,0
Q18973|EUKARYA|NO_SP|1,0
Q07729|EUKARYA|NO_SP|1,0
Q9AWA5|EUKARYA|NO_SP|1,0
P07305|EUKARYA|NO_SP|2,0
Q9U281|EUKARYA|NO_SP|0,0
Q402E2|EUKARYA|NO_SP|0,0
Q8CHM7|EUKARYA|NO_SP|0,0
Q07653|EUKARYA|NO_SP|2,0
P53834|EUKARYA|NO_SP|1,0
P34243|EUKARYA|NO_SP|1,0
O42227|EUKARYA|NO_SP|1,0
Q8MT06|EUKARYA|NO_SP|0,0
Q8TE85|EUKARYA|NO_SP|2,0
P38647|EUKARYA|NO_SP|0,0
Q9P6M1|EUKARYA|NO_SP|1,0
Q96266|EUKARYA|NO_SP|0,0
P48566|EUKARYA|NO_SP|1,0
P04913|EUKARYA|NO_SP|2,0
P0C0S6|EUKARYA|NO_SP|0,0
Q41811|EUKARYA|NO_SP|0,0
P00348|EUKARYA|NO_SP|0,0
Q9Y3E1|EUKARYA|NO_SP|2,0
Q9H583|EUKARYA|NO_SP|0,0
Q9NRV9|EUKARYA|NO_SP|2,0
Q91898|EUKARYA|NO_SP|1,0
P32479|EUKARYA|NO_SP|1,0
P87315|EUKARYA|NO_SP|1,0
O17468|EUKARYA|NO_SP|2,0
P20271|EUKARYA|NO_SP|1,0
Q9ZVW2|EUKARYA|NO_SP|0,0
Q230X8|EUKARYA|NO_SP|1,0
F4K1R2|EUKARYA|NO_SP|2,0
Q9FJH5|EUKARYA|NO_SP|1,0
Q22717|EUKARYA|NO_SP|1,0
Q93356|EUKARYA|NO_SP|2,0
O54879|EUKARYA|NO_SP|1,0
Q9Z130|EUKARYA|NO_SP|0,0
P31942|EUKARYA|NO_SP|2,0
Q794E4|EUKARYA|NO_SP|2,0
P52272|EUKARYA|NO_SP|0,0
P12258|EUKARYA|NO_SP|1,0
Q56R42|EUKARYA|NO_SP|0,0
Q8WNR4|EUKARYA|NO_SP|2,0
Q99871|EUKARYA|NO_SP|2,0
Q3UMU9|EUKARYA|NO_SP|2,0
Q56WH4|EUKARYA|NO_SP|2,0
Q9R257|EUKARYA|NO_SP|2,0
F4HRI2|EUKARYA|NO_SP|1,0
Q05580|EUKARYA|NO_SP|2,0
Q9C5Q8|EUKARYA|NO_SP|1,0
Q12276|EUKARYA|NO_SP|1,0
Q9LS00|EUKARYA|NO_SP|2,0
Q9Y2N7|EUKARYA|NO_SP|2,0
Q0E908|EUKARYA|NO_SP|1,0
Q71PD7|EUKARYA|NO_SP|0,0
Q03532|EUKARYA|NO_SP|1,0
O60381|EUKARYA|NO_SP|2,0
Q99N13|EUKARYA|NO_SP|1,0
P22557|EUKARYA|NO_SP|1,0
Q9LR75|EUKARYA|NO_SP|0,0
P42043|EUKARYA|NO_SP|2,0
Q9UST9|EUKARYA|NO_SP|0,0
F2Z461|EUKARYA|NO_SP|0,0
O94992|EUKARYA|NO_SP|0,0
Q9DD02|EUKARYA|NO_SP|1,0
Q32SG6|EUKARYA|NO_SP|2,0
Q3HNG7|EUKARYA|NO_SP|0,0
O75367|EUKARYA|NO_SP|0,0
P48003|EUKARYA|NO_SP|0,0
Q12180|EUKARYA|NO_SP|1,0
Q64279|EUKARYA|NO_SP|1,0
Q9Z0R0|EUKARYA|NO_SP|0,0
P46604|EUKARYA|NO_SP|1,0
Q68CZ6|EUKARYA|NO_SP|2,0
Q7Z4H7|EUKARYA|NO_SP|2,0
O74774|EUKARYA|NO_SP|0,0
Q61191|EUKARYA|NO_SP|2,0
P14317|EUKARYA|NO_SP|1,0
O15379|EUKARYA|NO_SP|1,0
P09950|EUKARYA|NO_SP|0,0
Q9FE22|EUKARYA|NO_SP|1,0
Q9JHS2|EUKARYA|NO_SP|2,0
O80528|EUKARYA|NO_SP|1,0
Q9SR77|EUKARYA|NO_SP|0,0
P32769|EUKARYA|NO_SP|2,0
Q9FVE6|EUKARYA|NO_SP|2,0
P11353|EUKARYA|NO_SP|1,0
Q5GLZ8|EUKARYA|NO_SP|1,0
Q8IVU3|EUKARYA|NO_SP|0,0
Q9H422|EUKARYA|NO_SP|1,0
Q8QFR2|EUKARYA|NO_SP|2,0
P46943|EUKARYA|NO_SP|1,0
P08985|EUKARYA|NO_SP|0,0
Q12692|EUKARYA|NO_SP|0,0
Q7Z2G1|EUKARYA|NO_SP|1,0
Q12753|EUKARYA|NO_SP|1,0
Q06629|EUKARYA|NO_SP|1,0
O09106|EUKARYA|NO_SP|1,0
Q7TS99|EUKARYA|NO_SP|0,0
Q9Y5R4|EUKARYA|NO_SP|1,0
O94301|EUKARYA|NO_SP|1,0
F4JRB0|EUKARYA|NO_SP|0,0
Q16665|EUKARYA|NO_SP|2,0
Q53FT3|EUKARYA|NO_SP|1,0
O59836|EUKARYA|NO_SP|1,0
Q9BQA5|EUKARYA|NO_SP|1,0
O24591|EUKARYA|NO_SP|2,0
Q03937|EUKARYA|NO_SP|1,0
I6PL68|EUKARYA|NO_SP|1,0
O59786|EUKARYA|NO_SP|1,0
Q9QYL0|EUKARYA|NO_SP|1,0
Q9QZR5|EUKARYA|NO_SP|1,0
Q8T0S6|EUKARYA|NO_SP|2,0
Q93Z17|EUKARYA|NO_SP|1,0
P47175|EUKARYA|NO_SP|2,0
Q9USN7|EUKARYA|NO_SP|2,0
Q9BUP3|EUKARYA|NO_SP|0,0
F4IN78|EUKARYA|NO_SP|2,0
Q6Q5K6|EUKARYA|NO_SP|1,0
O74648|EUKARYA|NO_SP|1,0
O22941|EUKARYA|NO_SP|2,0
P40060|EUKARYA|NO_SP|2,0
Q21067|EUKARYA|NO_SP|0,0
O35368|EUKARYA|NO_SP|0,0
P0DOV1|EUKARYA|NO_SP|0,0
Q8R5F7|EUKARYA|NO_SP|2,0
Q9P305|EUKARYA|NO_SP|0,0
P38922|EUKARYA|NO_SP|0,0
Q08168|EUKARYA|NO_SP|0,0
Q9LEY4|EUKARYA|NO_SP|2,0
P34370|EUKARYA|NO_SP|1,0
Q9LSE2|EUKARYA|NO_SP|1,0
Q3UZ18|EUKARYA|NO_SP|2,0
Q10439|EUKARYA|NO_SP|1,0
F4IPE3|EUKARYA|NO_SP|2,0
O81796|EUKARYA|NO_SP|0,0
Q8RWL4|EUKARYA|NO_SP|1,0
Q9BTL4|EUKARYA|NO_SP|1,0
Q9P7S9|EUKARYA|NO_SP|2,0
O82499|EUKARYA|NO_SP|1,0
O49595|EUKARYA|NO_SP|0,0
P52927|EUKARYA|NO_SP|0,0
P93047|EUKARYA|NO_SP|0,0
O81027|EUKARYA|NO_SP|1,0
Q84JU6|EUKARYA|NO_SP|2,0
Q24142|EUKARYA|NO_SP|0,0
Q05549|EUKARYA|NO_SP|1,0
Q9FX67|EUKARYA|NO_SP|2,0
Q92598|EUKARYA|NO_SP|2,0
P02829|EUKARYA|NO_SP|2,0
Q18688|EUKARYA|NO_SP|2,0
Q16082|EUKARYA|NO_SP|0,0
Q09811|EUKARYA|NO_SP|1,0
Q7TMY8|EUKARYA|NO_SP|2,0
Q8W191|EUKARYA|NO_SP|0,0
Q8WUF5|EUKARYA|NO_SP|1,0
P53892|EUKARYA|NO_SP|1,0
Q8WZK3|EUKARYA|NO_SP|1,0
Q6NT76|EUKARYA|NO_SP|1,0
P05204|EUKARYA|NO_SP|0,0
P82970|EUKARYA|NO_SP|0,0
Q9C9W5|EUKARYA|NO_SP|1,0
Q00613|EUKARYA|NO_SP|2,0
P50582|EUKARYA|NO_SP|1,0
Q383Q5|EUKARYA|NO_SP|1,0
P38348|EUKARYA|NO_SP|2,0
P17156|EUKARYA|NO_SP|2,0
O59838|EUKARYA|NO_SP|2,0
Q05931|EUKARYA|NO_SP|2,0
Q10076|EUKARYA|NO_SP|2,0
P52792|EUKARYA|NO_SP|2,0
P17712|EUKARYA|NO_SP|2,0
O14254|EUKARYA|NO_SP|1,0
Q10132|EUKARYA|NO_SP|1,0
P53688|EUKARYA|NO_SP|2,0
P86397|EUKARYA|NO_SP|1,0
Q59RW5|EUKARYA|NO_SP|1,0
Q62726|EUKARYA|NO_SP|0,0
Q55GF9|EUKARYA|NO_SP|0,0
Q14197|EUKARYA|NO_SP|0,0
O94704|EUKARYA|NO_SP|2,0
P39936|EUKARYA|NO_SP|0,0
Q9R002|EUKARYA|NO_SP|1,0
P38790|EUKARYA|NO_SP|2,0
O60921|EUKARYA|NO_SP|1,0
P93032|EUKARYA|NO_SP|0,0
P28241|EUKARYA|NO_SP|0,0
O75874|EUKARYA|NO_SP|2,0
B7SXM5|EUKARYA|NO_SP|1,0
Q02748|EUKARYA|NO_SP|0,0
Q9UST4|EUKARYA|NO_SP|2,0
P90901|EUKARYA|NO_SP|2,0
Q9BYX4|EUKARYA|NO_SP|2,0
Q0G838|EUKARYA|NO_SP|1,0
Q61371|EUKARYA|NO_SP|2,0
Q8LFW5|EUKARYA|NO_SP|1,0
Q9XER9|EUKARYA|NO_SP|2,0
P78955|EUKARYA|NO_SP|1,0
Q96M11|EUKARYA|NO_SP|1,0
Q9SKX1|EUKARYA|NO_SP|2,0
Q9UPZ9|EUKARYA|NO_SP|0,0
Q9M9V6|EUKARYA|NO_SP|0,0
A2T2X4|EUKARYA|NO_SP|1,0
O15111|EUKARYA|NO_SP|0,0
O14920|EUKARYA|NO_SP|0,0
Q3SXM5|EUKARYA|NO_SP|1,0
Q6VYH9|EUKARYA|NO_SP|0,0
O74984|EUKARYA|NO_SP|1,0
Q04432|EUKARYA|NO_SP|2,0
Q0VDF9|EUKARYA|NO_SP|2,0
Q9UBY9|EUKARYA|NO_SP|0,0
P40325|EUKARYA|NO_SP|1,0
F4IZM8|EUKARYA|NO_SP|2,0
Q9W1R4|EUKARYA|NO_SP|2,0
Q8VYU8|EUKARYA|NO_SP|2,0
P41136|EUKARYA|NO_SP|0,0
Q9FFH3|EUKARYA|NO_SP|2,0
Q8LFC0|EUKARYA|NO_SP|0,0
P51553|EUKARYA|NO_SP|1,0
O35586|EUKARYA|NO_SP|1,0
Q9SYQ0|EUKARYA|NO_SP|1,0
F4IXE7|EUKARYA|NO_SP|1,0
P32617|EUKARYA|NO_SP|1,0
Q3B8Q2|EUKARYA|NO_SP|0,0
Q3U4H6|EUKARYA|NO_SP|0,0
Q9WV93|EUKARYA|NO_SP|2,0
Q9QUS4|EUKARYA|NO_SP|2,0
O94586|EUKARYA|NO_SP|2,0
Q8NJT7|EUKARYA|NO_SP|0,0
Q2WGK3|EUKARYA|NO_SP|0,0
Q96ED9|EUKARYA|NO_SP|1,0
Q9HGK2|EUKARYA|NO_SP|0,0
Q8N7B1|EUKARYA|NO_SP|2,0
Q4QQW3|EUKARYA|NO_SP|2,0
Q9SIF2|EUKARYA|NO_SP|0,0
P38532|EUKARYA|NO_SP|2,0
Q96LI6|EUKARYA|NO_SP|0,0
Q9FJF8|EUKARYA|NO_SP|1,0
P14866|EUKARYA|NO_SP|0,0
P53187|EUKARYA|NO_SP|0,0
Q10092|EUKARYA|NO_SP|2,0
P33416|EUKARYA|NO_SP|1,0
Q96VB9|EUKARYA|NO_SP|2,0
P04792|EUKARYA|NO_SP|0,0
Q84JU4|EUKARYA|NO_SP|1,0
Q9ZWA6|EUKARYA|NO_SP|2,0
Q9BXS1|EUKARYA|NO_SP|1,0
Q9JKU3|EUKARYA|NO_SP|1,0
Q9PW28|EUKARYA|NO_SP|1,0
P06730|EUKARYA|NO_SP|1,0
P23301|EUKARYA|NO_SP|2,0
Q9FJD4|EUKARYA|NO_SP|0,0
P40069|EUKARYA|NO_SP|1,0
Q68E01|EUKARYA|NO_SP|0,0
Q9UL03|EUKARYA|NO_SP|1,0
Q9UHH9|EUKARYA|NO_SP|1,0
Q10272|EUKARYA|NO_SP|1,0
Q9Y7X6|EUKARYA|NO_SP|2,0
O13848|EUKARYA|NO_SP|0,0
Q08561|EUKARYA|NO_SP|2,0
Q94B52|EUKARYA|NO_SP|0,0
Q9XUC2|EUKARYA|NO_SP|1,0
Q9EST8|EUKARYA|NO_SP|0,0
Q03267|EUKARYA|NO_SP|2,0
Q9FNN3|EUKARYA|NO_SP|2,0
Q9SLX0|EUKARYA|NO_SP|0,0
O13864|EUKARYA|NO_SP|0,0
P38217|EUKARYA|NO_SP|1,0
P12268|EUKARYA|NO_SP|0,0
Q4VRV8|EUKARYA|NO_SP|0,0
Q10139|EUKARYA|NO_SP|2,0
Q8LPJ5|EUKARYA|NO_SP|0,0
Q9Y2F5|EUKARYA|NO_SP|2,0
Q9LVQ7|EUKARYA|NO_SP|2,0
O82234|EUKARYA|NO_SP|0,0
P48597|EUKARYA|NO_SP|1,0
Q93VP3|EUKARYA|NO_SP|2,0
Q387H6|EUKARYA|NO_SP|2,0
O94476|EUKARYA|NO_SP|2,0
P43598|EUKARYA|NO_SP|1,0
Q9TZC4|EUKARYA|NO_SP|2,0
Q13418|EUKARYA|NO_SP|2,0
Q22560|EUKARYA|NO_SP|0,0
O74476|EUKARYA|NO_SP|2,0
P32337|EUKARYA|NO_SP|2,0
P25642|EUKARYA|NO_SP|1,0
Q53TQ3|EUKARYA|NO_SP|2,0
Q9H160|EUKARYA|NO_SP|1,0
P53115|EUKARYA|NO_SP|1,0
Q9VT41|EUKARYA|NO_SP|1,0
Q95TS5|EUKARYA|NO_SP|2,0
Q04213|EUKARYA|NO_SP|1,0
Q9SLK0|EUKARYA|NO_SP|2,0
Q80VL0|EUKARYA|NO_SP|1,0
Q6KCA4|EUKARYA|NO_SP|1,0
P43579|EUKARYA|NO_SP|1,0
Q9CPN8|EUKARYA|NO_SP|0,0
Q05D44|EUKARYA|NO_SP|1,0
Q6NLP2|EUKARYA|NO_SP|1,0
Q9VHS8|EUKARYA|NO_SP|0,0
Q9DFS6|EUKARYA|NO_SP|1,0
Q9Z1X4|EUKARYA|NO_SP|1,0
Q8NBZ0|EUKARYA|NO_SP|2,0
Q0VD86|EUKARYA|NO_SP|1,0
Q9NQS7|EUKARYA|NO_SP|1,0
O74736|EUKARYA|NO_SP|2,0
O94701|EUKARYA|NO_SP|1,0
Q9LX12|EUKARYA|NO_SP|2,0
Q9ULG1|EUKARYA|NO_SP|2,0
Q9NVR2|EUKARYA|NO_SP|1,0
P07250|EUKARYA|NO_SP|2,0
Q9SB60|EUKARYA|NO_SP|0,0
Q93Y52|EUKARYA|NO_SP|0,0
O82645|EUKARYA|NO_SP|2,0
P61372|EUKARYA|NO_SP|1,0
Q5DM57|EUKARYA|NO_SP|1,0
O13089|EUKARYA|NO_SP|2,0
Q91550|EUKARYA|NO_SP|1,0
Q01292|EUKARYA|NO_SP|0,0
P91276|EUKARYA|NO_SP|0,0
Q19420|EUKARYA|NO_SP|1,0
P29218|EUKARYA|NO_SP|1,0
Q99PT3|EUKARYA|NO_SP|2,0
Q96EL1|EUKARYA|NO_SP|0,0
Q38862|EUKARYA|NO_SP|2,0
Q9VDY1|EUKARYA|NO_SP|2,0
Q6ZPV2|EUKARYA|NO_SP|2,0
Q3HNM7|EUKARYA|NO_SP|0,0
Q9VBB3|EUKARYA|NO_SP|2,0
P43596|EUKARYA|NO_SP|1,0
P0CT04|EUKARYA|NO_SP|1,0
P15314|EUKARYA|NO_SP|0,0
Q9C9X7|EUKARYA|NO_SP|2,0
Q6Z1Z3|EUKARYA|NO_SP|1,0
Q12345|EUKARYA|NO_SP|2,0
Q9BDB7|EUKARYA|NO_SP|1,0
O45551|EUKARYA|NO_SP|1,0
P39935|EUKARYA|NO_SP|1,0
Q20898|EUKARYA|NO_SP|2,0
Q64282|EUKARYA|NO_SP|1,0
O14063|EUKARYA|NO_SP|0,0
A9QM74|EUKARYA|NO_SP|0,0
P21620|EUKARYA|NO_SP|0,0
Q96321|EUKARYA|NO_SP|0,0
Q94F00|EUKARYA|NO_SP|1,0
Q6CE48|EUKARYA|NO_SP|0,0
B3H615|EUKARYA|NO_SP|1,0
Q8C0D7|EUKARYA|NO_SP|2,0
Q76PC7|EUKARYA|NO_SP|1,0
P09914|EUKARYA|NO_SP|1,0
Q96FT9|EUKARYA|NO_SP|1,0
Q9ESJ7|EUKARYA|NO_SP|0,0
O82170|EUKARYA|NO_SP|1,0
O08900|EUKARYA|NO_SP|1,0
Q6DD04|EUKARYA|NO_SP|1,0
O60086|EUKARYA|NO_SP|1,0
P52292|EUKARYA|NO_SP|0,0
Q10297|EUKARYA|NO_SP|0,0
O14344|EUKARYA|NO_SP|0,0
P25626|EUKARYA|NO_SP|2,0
P53219|EUKARYA|NO_SP|1,0
P32899|EUKARYA|NO_SP|2,0
Q2I0E5|EUKARYA|NO_SP|0,0
Q06667|EUKARYA|NO_SP|1,0
Q15051|EUKARYA|NO_SP|1,0
P51617|EUKARYA|NO_SP|1,0
Q5EIC4|EUKARYA|NO_SP|2,0
Q8K337|EUKARYA|NO_SP|2,0
Q700D2|EUKARYA|NO_SP|2,0
P40154|EUKARYA|NO_SP|1,0
Q3KNY0|EUKARYA|NO_SP|1,0
Q9BYH8|EUKARYA|NO_SP|0,0
Q9FH37|EUKARYA|NO_SP|0,0
Q9LIQ6|EUKARYA|NO_SP|1,0
Q8WYH8|EUKARYA|NO_SP|2,0
Q21017|EUKARYA|NO_SP|0,0
Q56A24|EUKARYA|NO_SP|1,0
Q03164|EUKARYA|NO_SP|0,0
Q8IZD2|EUKARYA|NO_SP|2,0
Q6Q783|EUKARYA|NO_SP|2,0
Q9LDN0|EUKARYA|NO_SP|0,0
F4IIS5|EUKARYA|NO_SP|1,0
O44548|EUKARYA|NO_SP|1,0
Q9Z2Q2|EUKARYA|NO_SP|1,0
Q05655|EUKARYA|NO_SP|1,0
P41743|EUKARYA|NO_SP|1,0
Q9LRY0|EUKARYA|NO_SP|2,0
O61585|EUKARYA|NO_SP|1,0
Q9FQ09|EUKARYA|NO_SP|2,0
Q93ZV7|EUKARYA|NO_SP|2,0
S0DQI7|EUKARYA|NO_SP|2,0
Q94901|EUKARYA|NO_SP|0,0
Q6ZQ58|EUKARYA|NO_SP|0,0
Q9BRS8|EUKARYA|NO_SP|0,0
Q9SA51|EUKARYA|NO_SP|0,0
P06239|EUKARYA|NO_SP|2,0
O43679|EUKARYA|NO_SP|1,0
O95751|EUKARYA|NO_SP|1,0
P46013|EUKARYA|NO_SP|0,0
P52732|EUKARYA|NO_SP|2,0
O60333|EUKARYA|NO_SP|2,0
Q5T7B8|EUKARYA|NO_SP|1,0
Q91637|EUKARYA|NO_SP|2,0
Q8N4N8|EUKARYA|NO_SP|2,0
Q99661|EUKARYA|NO_SP|0,0
P33174|EUKARYA|NO_SP|2,0
Q9Y7X9|EUKARYA|NO_SP|1,0
Q9US36|EUKARYA|NO_SP|0,0
P14681|EUKARYA|NO_SP|0,0
P34808|EUKARYA|NO_SP|1,0
Q9FQ08|EUKARYA|NO_SP|1,0
P32807|EUKARYA|NO_SP|1,0
Q40424|EUKARYA|NO_SP|1,0
Q6NYV9|EUKARYA|NO_SP|0,0
P38439|EUKARYA|NO_SP|2,0
O94413|EUKARYA|NO_SP|0,0
Q12265|EUKARYA|NO_SP|0,0
Q9FKB5|EUKARYA|NO_SP|2,0
Q9PUL2|EUKARYA|NO_SP|1,0
A2BE28|EUKARYA|NO_SP|2,0
Q9CX60|EUKARYA|NO_SP|2,0
Q6ZMR3|EUKARYA|NO_SP|2,0
Q02796|EUKARYA|NO_SP|0,0
O61577|EUKARYA|NO_SP|1,0
Q16719|EUKARYA|NO_SP|2,0
Q9M0K4|EUKARYA|NO_SP|2,0
O43813|EUKARYA|NO_SP|1,0
Q9NS86|EUKARYA|NO_SP|1,0
O22131|EUKARYA|NO_SP|0,0
O95232|EUKARYA|NO_SP|2,0
Q12166|EUKARYA|NO_SP|1,0
A2AVQ5|EUKARYA|NO_SP|1,0
Q27365|EUKARYA|NO_SP|1,0
Q11107|EUKARYA|NO_SP|2,0
G5EDW7|EUKARYA|NO_SP|0,0
Q948J9|EUKARYA|NO_SP|1,0
Q91Z79|EUKARYA|NO_SP|0,0
Q3UWR2|EUKARYA|NO_SP|1,0
Q9R226|EUKARYA|NO_SP|2,0
Q7TSP2|EUKARYA|NO_SP|2,0
Q8T135|EUKARYA|NO_SP|2,0
O60870|EUKARYA|NO_SP|1,0
Q9SX73|EUKARYA|NO_SP|2,0
Q13351|EUKARYA|NO_SP|1,0
Q13887|EUKARYA|NO_SP|0,0
Q8JZP3|EUKARYA|NO_SP|2,0
Q8IXQ5|EUKARYA|NO_SP|2,0
Q9US60|EUKARYA|NO_SP|2,0
Q25298|EUKARYA|NO_SP|2,0
Q3U8K7|EUKARYA|NO_SP|2,0
Q07970|EUKARYA|NO_SP|1,0
Q9FHN8|EUKARYA|NO_SP|0,0
F9W301|EUKARYA|NO_SP|2,0
Q8S950|EUKARYA|NO_SP|1,0
Q19266|EUKARYA|NO_SP|1,0
P20444|EUKARYA|NO_SP|0,0
P09215|EUKARYA|NO_SP|1,0
P09217|EUKARYA|NO_SP|1,0
P38620|EUKARYA|NO_SP|0,0
Q9VPU8|EUKARYA|NO_SP|0,0
Q63531|EUKARYA|NO_SP|2,0
O75676|EUKARYA|NO_SP|0,0
Q8BSK8|EUKARYA|NO_SP|1,0
O04479|EUKARYA|NO_SP|0,0
Q9JLP1|EUKARYA|NO_SP|2,0
Q6S000|EUKARYA|NO_SP|1,0
Q15058|EUKARYA|NO_SP|2,0
Q9NGQ2|EUKARYA|NO_SP|2,0
Q9BPU3|EUKARYA|NO_SP|2,0
P28741|EUKARYA|NO_SP|2,0
Q6QLM7|EUKARYA|NO_SP|2,0
Q9BVG8|EUKARYA|NO_SP|0,0
Q09780|EUKARYA|NO_SP|0,0
Q2PQA9|EUKARYA|NO_SP|2,0
Q9SV36|EUKARYA|NO_SP|0,0
Q2M2Z5|EUKARYA|NO_SP|2,0
Q8N7A1|EUKARYA|NO_SP|2,0
P17252|EUKARYA|NO_SP|0,0
P63318|EUKARYA|NO_SP|0,0
F1M7Y5|EUKARYA|NO_SP|1,0
Q05513|EUKARYA|NO_SP|1,0
P41831|EUKARYA|NO_SP|0,0
Q9SCR2|EUKARYA|NO_SP|1,0
Q96S38|EUKARYA|NO_SP|1,0
Q9H9P8|EUKARYA|NO_SP|0,0
Q9CAP8|EUKARYA|NO_SP|1,0
O95835|EUKARYA|NO_SP|2,0
Q53QV2|EUKARYA|NO_SP|2,0
Q9WU01|EUKARYA|NO_SP|2,0
O75525|EUKARYA|NO_SP|2,0
Q80WE4|EUKARYA|NO_SP|2,0
F8WLE0|EUKARYA|NO_SP|2,0
Q9Y496|EUKARYA|NO_SP|2,0
Q9Y2U9|EUKARYA|NO_SP|0,0
P34341|EUKARYA|NO_SP|1,0
Q4FZB7|EUKARYA|NO_SP|2,0
P34278|EUKARYA|NO_SP|2,0
P05771|EUKARYA|NO_SP|0,0
Q05652|EUKARYA|NO_SP|1,0
P32895|EUKARYA|NO_SP|0,0
Q7TQM5|EUKARYA|NO_SP|1,0
O74777|EUKARYA|NO_SP|0,0
Q04437|EUKARYA|NO_SP|1,0
C8VQG9|EUKARYA|NO_SP|1,0
Q4G0J3|EUKARYA|NO_SP|1,0
Q12342|EUKARYA|NO_SP|2,0
Q7TNG8|EUKARYA|NO_SP|0,0
O00214|EUKARYA|NO_SP|0,0
Q15349|EUKARYA|NO_SP|2,0
Q12701|EUKARYA|NO_SP|2,0
O14328|EUKARYA|NO_SP|0,0
P34253|EUKARYA|NO_SP|0,0
Q9LVS0|EUKARYA|NO_SP|1,0
B6H9U8|EUKARYA|NO_SP|2,0
D5MCN2|EUKARYA|NO_SP|1,0
Q9Y4W2|EUKARYA|NO_SP|2,0
O73715|EUKARYA|NO_SP|1,0
P70060|EUKARYA|NO_SP|1,0
Q9SA57|EUKARYA|NO_SP|1,0
Q96270|EUKARYA|NO_SP|2,0
Q05315|EUKARYA|NO_SP|2,0
Q94AR8|EUKARYA|NO_SP|0,0
Q8LKS5|EUKARYA|NO_SP|2,0
Q71RC2|EUKARYA|NO_SP|2,0
Q9VAW5|EUKARYA|NO_SP|1,0
Q9LW12|EUKARYA|NO_SP|2,0
A4LBC0|EUKARYA|NO_SP|0,0
Q9LS90|EUKARYA|NO_SP|0,0
Q9H008|EUKARYA|NO_SP|0,0
Q9XIN0|EUKARYA|NO_SP|2,0
Q60680|EUKARYA|NO_SP|0,0
Q13422|EUKARYA|NO_SP|2,0
O14089|EUKARYA|NO_SP|2,0
P50094|EUKARYA|NO_SP|0,0
P41833|EUKARYA|NO_SP|2,0
O04294|EUKARYA|NO_SP|0,0
Q9GZP8|EUKARYA|NO_SP|0,0
Q6PI98|EUKARYA|NO_SP|1,0
O13024|EUKARYA|NO_SP|1,0
Q9NTI7|EUKARYA|NO_SP|1,0
P38710|EUKARYA|NO_SP|1,0
Q12271|EUKARYA|NO_SP|2,0
Q5TA45|EUKARYA|NO_SP|2,0
Q9NV88|EUKARYA|NO_SP|2,0
O42878|EUKARYA|NO_SP|2,0
Q12072|EUKARYA|NO_SP|1,0
Q96DU7|EUKARYA|NO_SP|0,0
Q94ID3|EUKARYA|NO_SP|0,0
Q9LXC9|EUKARYA|NO_SP|2,0
P54987|EUKARYA|NO_SP|1,0
P63073|EUKARYA|NO_SP|1,0
Q381A3|EUKARYA|NO_SP|2,0
A8HN58|EUKARYA|NO_SP|2,0
Q1MX18|EUKARYA|NO_SP|0,0
Q9VPY0|EUKARYA|NO_SP|2,0
Q92551|EUKARYA|NO_SP|1,0
Q9FLT2|EUKARYA|NO_SP|1,0
Q9UPP2|EUKARYA|NO_SP|2,0
Q14653|EUKARYA|NO_SP|0,0
O14896|EUKARYA|NO_SP|0,0
Q00978|EUKARYA|NO_SP|0,0
Q02556|EUKARYA|NO_SP|0,0
O94290|EUKARYA|NO_SP|1,0
Q9UTC6|EUKARYA|NO_SP|2,0
Q9C086|EUKARYA|NO_SP|2,0
Q27J81|EUKARYA|NO_SP|1,0
P40936|EUKARYA|NO_SP|1,0
P0CT05|EUKARYA|NO_SP|1,0
Q9LY23|EUKARYA|NO_SP|1,0
Q949J1|EUKARYA|NO_SP|0,0
Q03036|EUKARYA|NO_SP|2,0
P56477|EUKARYA|NO_SP|0,0
P23611|EUKARYA|NO_SP|0,0
Q9SWG0|EUKARYA|NO_SP|2,0
Q9SE37|EUKARYA|NO_SP|1,0
P40206|EUKARYA|NO_SP|1,0
Q95QK3|EUKARYA|NO_SP|1,0
Q6Q4H1|EUKARYA|NO_SP|1,0
Q9ERI5|EUKARYA|NO_SP|1,0
Q5BP74|EUKARYA|NO_SP|0,0
B9DFA8|EUKARYA|NO_SP|2,0
Q96PC2|EUKARYA|NO_SP|1,0
Q93WC9|EUKARYA|NO_SP|0,0
O94527|EUKARYA|NO_SP|1,0
K7NAJ3|EUKARYA|NO_SP|1,0
O49627|EUKARYA|NO_SP|0,0
Q03020|EUKARYA|NO_SP|0,0
Q08773|EUKARYA|NO_SP|2,0
O35671|EUKARYA|NO_SP|0,0
Q9FS87|EUKARYA|NO_SP|2,0
O04314|EUKARYA|NO_SP|1,0
Q86VZ6|EUKARYA|NO_SP|1,0
O48716|EUKARYA|NO_SP|1,0
Q7KHG2|EUKARYA|NO_SP|0,0
P32767|EUKARYA|NO_SP|1,0
B0YLW7|EUKARYA|NO_SP|0,0
Q24368|EUKARYA|NO_SP|1,0
P53125|EUKARYA|NO_SP|1,0
Q9US46|EUKARYA|NO_SP|1,0
Q9U308|EUKARYA|NO_SP|1,0
B6EU02|EUKARYA|NO_SP|2,0
P35900|EUKARYA|NO_SP|0,0
Q5TCS8|EUKARYA|NO_SP|2,0
P36132|EUKARYA|NO_SP|2,0
Q7Z3B3|EUKARYA|NO_SP|1,0
Q07053|EUKARYA|NO_SP|2,0
Q9H7Z6|EUKARYA|NO_SP|0,0
Q03694|EUKARYA|NO_SP|2,0
Q8SYK5|EUKARYA|NO_SP|1,0
Q9CAF9|EUKARYA|NO_SP|1,0
P53877|EUKARYA|NO_SP|1,0
P83777|EUKARYA|NO_SP|1,0
P18963|EUKARYA|NO_SP|0,0
Q9NWZ3|EUKARYA|NO_SP|2,0
O04196|EUKARYA|NO_SP|0,0
P38144|EUKARYA|NO_SP|1,0
Q9UU89|EUKARYA|NO_SP|1,0
Q06505|EUKARYA|NO_SP|1,0
Q9UTL6|EUKARYA|NO_SP|1,0
Q6IE81|EUKARYA|NO_SP|2,0
O60674|EUKARYA|NO_SP|1,0
Q62315|EUKARYA|NO_SP|2,0
P86938|EUKARYA|NO_SP|1,0
Q9Y6K8|EUKARYA|NO_SP|1,0
Q9UTB8|EUKARYA|NO_SP|1,0
Q63ZV0|EUKARYA|NO_SP|0,0
Q059U7|EUKARYA|NO_SP|0,0
Q8BKC5|EUKARYA|NO_SP|1,0
Q9MAB6|EUKARYA|NO_SP|0,0
Q8RWY3|EUKARYA|NO_SP|0,0
P21374|EUKARYA|NO_SP|2,0
P92208|EUKARYA|NO_SP|0,0
Q08881|EUKARYA|NO_SP|2,0
P05787|EUKARYA|NO_SP|0,0
P07170|EUKARYA|NO_SP|0,0
P26364|EUKARYA|NO_SP|0,0
Q9UU88|EUKARYA|NO_SP|2,0
O75600|EUKARYA|NO_SP|0,0
P48729|EUKARYA|NO_SP|0,0
Q8R426|EUKARYA|NO_SP|1,0
G5EDT6|EUKARYA|NO_SP|0,0
Q8GUI6|EUKARYA|NO_SP|1,0
Q8TAC2|EUKARYA|NO_SP|1,0
G5ECU7|EUKARYA|NO_SP|1,0
M9NE38|EUKARYA|NO_SP|1,0
O94637|EUKARYA|NO_SP|2,0
Q9NYS0|EUKARYA|NO_SP|0,0
Q99MG9|EUKARYA|NO_SP|1,0
O59771|EUKARYA|NO_SP|0,0
Q9UT87|EUKARYA|NO_SP|1,0
P53352|EUKARYA|NO_SP|1,0
Q9WU62|EUKARYA|NO_SP|1,0
Q94ID2|EUKARYA|NO_SP|0,0
Q9H095|EUKARYA|NO_SP|0,0
P53990|EUKARYA|NO_SP|2,0
P53193|EUKARYA|NO_SP|1,0
Q6ZPI0|EUKARYA|NO_SP|2,0
Q92833|EUKARYA|NO_SP|2,0
Q8VCW2|EUKARYA|NO_SP|0,0
Q949W6|EUKARYA|NO_SP|0,0
Q9H9L4|EUKARYA|NO_SP|2,0
B6HJ92|EUKARYA|NO_SP|0,0
P00517|EUKARYA|NO_SP|0,0
P22694|EUKARYA|NO_SP|0,0
Q9C9P4|EUKARYA|NO_SP|0,0
Q9QXL2|EUKARYA|NO_SP|2,0
P46863|EUKARYA|NO_SP|2,0
Q8VEM9|EUKARYA|NO_SP|1,0
Q9D5V2|EUKARYA|NO_SP|0,0
Q9UJP4|EUKARYA|NO_SP|0,0
Q36736|EUKARYA|NO_SP|2,0
A0A068FIK2|EUKARYA|NO_SP|2,0
F4HXU3|EUKARYA|NO_SP|2,0
P14618|EUKARYA|NO_SP|1,0
Q107X0|EUKARYA|NO_SP|0,0
P25586|EUKARYA|NO_SP|0,0
O94603|EUKARYA|NO_SP|2,0
Q9V3I5|EUKARYA|NO_SP|1,0
P46997|EUKARYA|NO_SP|0,0
Q5N712|EUKARYA|NO_SP|0,0
F4I6G4|EUKARYA|NO_SP|1,0
Q5B2V8|EUKARYA|NO_SP|0,0
Q9HE76|EUKARYA|NO_SP|0,0
Q5T7N3|EUKARYA|NO_SP|0,0
P06244|EUKARYA|NO_SP|2,0
Q9P7G9|EUKARYA|NO_SP|0,0
Q92830|EUKARYA|NO_SP|0,0
Q92993|EUKARYA|NO_SP|2,0
Q8K0T4|EUKARYA|NO_SP|1,0
Q9JMK2|EUKARYA|NO_SP|0,0
Q14722|EUKARYA|NO_SP|0,0
P62483|EUKARYA|NO_SP|2,0
O62305|EUKARYA|NO_SP|0,0
Q12494|EUKARYA|NO_SP|2,0
Q8NHM5|EUKARYA|NO_SP|1,0
O94953|EUKARYA|NO_SP|0,0
P29375|EUKARYA|NO_SP|0,0
Q80Y84|EUKARYA|NO_SP|0,0
Q9SKE2|EUKARYA|NO_SP|2,0
Q9U6M1|EUKARYA|NO_SP|1,0
Q57X81|EUKARYA|NO_SP|2,0
Q336N8|EUKARYA|NO_SP|1,0
O60303|EUKARYA|NO_SP|1,0
Q9TY84|EUKARYA|NO_SP|2,0
Q8IS98|EUKARYA|NO_SP|2,0
P52410|EUKARYA|NO_SP|0,0
Q9XT31|EUKARYA|NO_SP|0,0
Q9Y2K7|EUKARYA|NO_SP|1,0
Q9SBK6|EUKARYA|NO_SP|2,0
P18289|EUKARYA|NO_SP|1,0
Q86T24|EUKARYA|NO_SP|0,0
O60229|EUKARYA|NO_SP|1,0
O61016|EUKARYA|NO_SP|0,0
P13861|EUKARYA|NO_SP|0,0
P54367|EUKARYA|NO_SP|0,0
P08414|EUKARYA|NO_SP|1,0
Q8CDD8|EUKARYA|NO_SP|0,0
P30085|EUKARYA|NO_SP|0,0
Q6PCM1|EUKARYA|NO_SP|2,0
Q9BY66|EUKARYA|NO_SP|0,0
Q9I869|EUKARYA|NO_SP|1,0
O44408|EUKARYA|NO_SP|0,0
Q90640|EUKARYA|NO_SP|2,0
Q91784|EUKARYA|NO_SP|2,0
Q03426|EUKARYA|NO_SP|0,0
Q9ZVU5|EUKARYA|NO_SP|1,0
Q9LFA2|EUKARYA|NO_SP|1,0
Q8IXV7|EUKARYA|NO_SP|0,0
Q13886|EUKARYA|NO_SP|1,0
O14343|EUKARYA|NO_SP|0,0
F4KDD7|EUKARYA|NO_SP|1,0
Q9U6Z1|EUKARYA|NO_SP|2,0
Q7XKR9|EUKARYA|NO_SP|0,0
P24345|EUKARYA|NO_SP|0,0
F4ICK8|EUKARYA|NO_SP|1,0
Q6S591|EUKARYA|NO_SP|2,0
Q06214|EUKARYA|NO_SP|2,0
Q8N9B5|EUKARYA|NO_SP|1,0
Q9QWL7|EUKARYA|NO_SP|0,0
Q6IFX2|EUKARYA|NO_SP|0,0
Q10758|EUKARYA|NO_SP|0,0
Q96M32|EUKARYA|NO_SP|1,0
Q96MA6|EUKARYA|NO_SP|1,0
Q9BW62|EUKARYA|NO_SP|1,0
O42844|EUKARYA|NO_SP|2,0
F0JAI6|EUKARYA|NO_SP|2,0
Q8K4H1|EUKARYA|NO_SP|1,0
Q12756|EUKARYA|NO_SP|2,0
Q94CG5|EUKARYA|NO_SP|0,0
P36004|EUKARYA|NO_SP|1,0
Q6PAR0|EUKARYA|NO_SP|0,0
O08876|EUKARYA|NO_SP|1,0
O95600|EUKARYA|NO_SP|1,0
Q96M94|EUKARYA|NO_SP|0,0
Q9UH77|EUKARYA|NO_SP|2,0
P50942|EUKARYA|NO_SP|2,0
Q6JAN1|EUKARYA|NO_SP|1,0
Q9SYK4|EUKARYA|NO_SP|1,0
P38803|EUKARYA|NO_SP|1,0
Q6Q560|EUKARYA|NO_SP|2,0
Q8L735|EUKARYA|NO_SP|0,0
Q9QXM1|EUKARYA|NO_SP|1,0
O94545|EUKARYA|NO_SP|0,0
P15700|EUKARYA|NO_SP|0,0
O75164|EUKARYA|NO_SP|0,0
P70096|EUKARYA|NO_SP|0,0
P22987|EUKARYA|NO_SP|2,0
P06242|EUKARYA|NO_SP|0,0
O14901|EUKARYA|NO_SP|1,0
Q9D783|EUKARYA|NO_SP|0,0
Q9P2K6|EUKARYA|NO_SP|2,0
Q25297|EUKARYA|NO_SP|2,0
P69301|EUKARYA|NO_SP|2,0
P38169|EUKARYA|NO_SP|2,0
P10734|EUKARYA|NO_SP|0,0
P78368|EUKARYA|NO_SP|0,0
Q8WQ99|EUKARYA|NO_SP|0,0
Q8N5Z5|EUKARYA|NO_SP|0,0
Q9NQT8|EUKARYA|NO_SP|2,0
Q9QXL1|EUKARYA|NO_SP|2,0
Q7TNC6|EUKARYA|NO_SP|0,0
Q5SXA9|EUKARYA|NO_SP|0,0
Q54UC9|EUKARYA|NO_SP|2,0
Q60443|EUKARYA|NO_SP|0,0
Q8K339|EUKARYA|NO_SP|1,0
O89091|EUKARYA|NO_SP|1,0
Q53GT1|EUKARYA|NO_SP|2,0
Q8VWI7|EUKARYA|NO_SP|1,0
Q8W1Y3|EUKARYA|NO_SP|1,0
Q6YUL8|EUKARYA|NO_SP|2,0
O23826|EUKARYA|NO_SP|2,0
Q8S905|EUKARYA|NO_SP|1,0
Q02156|EUKARYA|NO_SP|1,0
P42818|EUKARYA|NO_SP|1,0
Q67Y93|EUKARYA|NO_SP|1,0
Q9UK32|EUKARYA|NO_SP|2,0
Q05979|EUKARYA|NO_SP|2,0
A0A8M2|EUKARYA|NO_SP|0,0
Q8N371|EUKARYA|NO_SP|1,0
Q9Z2X8|EUKARYA|NO_SP|1,0
Q9Z2Y0|EUKARYA|NO_SP|1,0
Q04652|EUKARYA|NO_SP|1,0
Q9GYZ0|EUKARYA|NO_SP|2,0
Q2TBA0|EUKARYA|NO_SP|0,0
P23298|EUKARYA|NO_SP|1,0
P38689|EUKARYA|NO_SP|0,0
Q2RAK2|EUKARYA|NO_SP|1,0
P40026|EUKARYA|NO_SP|2,0
Q9SEX2|EUKARYA|NO_SP|1,0
B5BUZ8|EUKARYA|NO_SP|2,0
Q9LES4|EUKARYA|NO_SP|1,0
P83095|EUKARYA|NO_SP|0,0
P47119|EUKARYA|NO_SP|1,0
Q53WJ1|EUKARYA|NO_SP|1,0
Q9SSE9|EUKARYA|NO_SP|1,0
O94606|EUKARYA|NO_SP|1,0
Q8WQG9|EUKARYA|NO_SP|2,0
Q15040|EUKARYA|NO_SP|1,0
Q8BN78|EUKARYA|NO_SP|0,0
P30625|EUKARYA|NO_SP|2,0
Q0P5L8|EUKARYA|NO_SP|0,0
Q9NZI2|EUKARYA|NO_SP|1,0
Q3UXZ9|EUKARYA|NO_SP|0,0
Q9UGL1|EUKARYA|NO_SP|0,0
P41229|EUKARYA|NO_SP|0,0
Q60749|EUKARYA|NO_SP|0,0
Q58G59|EUKARYA|NO_SP|2,0
Q9FUY2|EUKARYA|NO_SP|1,0
P63007|EUKARYA|NO_SP|1,0
Q9QXD8|EUKARYA|NO_SP|1,0
P38852|EUKARYA|NO_SP|1,0
B2D6M2|EUKARYA|NO_SP|2,0
Q5TKA1|EUKARYA|NO_SP|1,0
O75334|EUKARYA|NO_SP|0,0
Q10740|EUKARYA|NO_SP|0,0
Q9LFH3|EUKARYA|NO_SP|0,0
P36775|EUKARYA|NO_SP|2,0
P06240|EUKARYA|NO_SP|2,0
Q9FK15|EUKARYA|NO_SP|2,0
Q9FFJ8|EUKARYA|NO_SP|1,0
Q9Y468|EUKARYA|NO_SP|1,0
Q8VEE1|EUKARYA|NO_SP|1,0
Q21443|EUKARYA|NO_SP|0,0
P43586|EUKARYA|NO_SP|1,0
Q8L8B8|EUKARYA|NO_SP|0,0
Q8GW29|EUKARYA|NO_SP|0,0
O61267|EUKARYA|NO_SP|1,0
Q02759|EUKARYA|NO_SP|0,0
O75112|EUKARYA|NO_SP|0,0
Q11184|EUKARYA|NO_SP|1,0
Q946J8|EUKARYA|NO_SP|0,0
P90916|EUKARYA|NO_SP|1,0
P45970|EUKARYA|NO_SP|1,0
O13642|EUKARYA|NO_SP|2,0
O99019|EUKARYA|NO_SP|0,0
Q9VKY1|EUKARYA|NO_SP|1,0
E1BTG2|EUKARYA|NO_SP|0,0
P42283|EUKARYA|NO_SP|0,0
Q7KUT2|EUKARYA|NO_SP|1,0
P36776|EUKARYA|NO_SP|0,0
P33399|EUKARYA|NO_SP|1,0
P43033|EUKARYA|NO_SP|1,0
Q4P9P9|EUKARYA|NO_SP|1,0
Q54HI5|EUKARYA|NO_SP|2,0
A0A0G2K0D3|EUKARYA|NO_SP|0,0
F4JCX9|EUKARYA|NO_SP|2,0
Q5ZC82|EUKARYA|NO_SP|0,0
Q96JN0|EUKARYA|NO_SP|2,0
Q9LJ95|EUKARYA|NO_SP|1,0
Q09490|EUKARYA|NO_SP|1,0
Q8W593|EUKARYA|NO_SP|1,0
Q9S823|EUKARYA|NO_SP|1,0
G5EBZ4|EUKARYA|NO_SP|0,0
P29674|EUKARYA|NO_SP|1,0
Q21446|EUKARYA|NO_SP|1,0
Q10574|EUKARYA|NO_SP|1,0
Q9SJF1|EUKARYA|NO_SP|2,0
O82268|EUKARYA|NO_SP|2,0
Q945P8|EUKARYA|NO_SP|0,0
P47017|EUKARYA|NO_SP|1,0
Q9LMN4|EUKARYA|NO_SP|0,0
Q8QFP8|EUKARYA|NO_SP|2,0
P53669|EUKARYA|NO_SP|2,0
Q10573|EUKARYA|NO_SP|1,0
P92186|EUKARYA|NO_SP|1,0
Q95QD7|EUKARYA|NO_SP|1,0
Q8RUN2|EUKARYA|NO_SP|0,0
P39654|EUKARYA|NO_SP|0,0
Q9LUW0|EUKARYA|NO_SP|2,0
Q8H0W0|EUKARYA|NO_SP|0,0
Q5T3J3|EUKARYA|NO_SP|2,0
Q940X9|EUKARYA|NO_SP|0,0
P43603|EUKARYA|NO_SP|2,0
Q9VCI3|EUKARYA|NO_SP|1,0
F4J117|EUKARYA|NO_SP|0,0
Q86S05|EUKARYA|NO_SP|0,0
Q6ZH94|EUKARYA|NO_SP|0,0
Q13136|EUKARYA|NO_SP|0,0
Q5BPS0|EUKARYA|NO_SP|0,0
Q07923|EUKARYA|NO_SP|1,0
O13629|EUKARYA|NO_SP|2,0
P0DKB9|EUKARYA|NO_SP|2,0
O48847|EUKARYA|NO_SP|1,0
I1RAW4|EUKARYA|NO_SP|2,0
Q03427|EUKARYA|NO_SP|0,0
Q9FKA9|EUKARYA|NO_SP|2,0
Q7TSJ6|EUKARYA|NO_SP|2,0
Q9SLB7|EUKARYA|NO_SP|0,0
Q8QGU6|EUKARYA|NO_SP|1,0
Q9WUH2|EUKARYA|NO_SP|1,0
Q9BT23|EUKARYA|NO_SP|1,0
P34427|EUKARYA|NO_SP|2,0
Q9U489|EUKARYA|NO_SP|2,0
P32875|EUKARYA|NO_SP|2,0
Q13495|EUKARYA|NO_SP|0,0
Q8UUZ1|EUKARYA|NO_SP|2,0
Q8BPP1|EUKARYA|NO_SP|2,0
Q8LA53|EUKARYA|NO_SP|1,0
O64517|EUKARYA|NO_SP|1,0
Q7TT18|EUKARYA|NO_SP|1,0
Q64096|EUKARYA|NO_SP|2,0
P22954|EUKARYA|NO_SP|2,0
H3K2Y6|EUKARYA|NO_SP|1,0
Q12321|EUKARYA|NO_SP|1,0
Q10317|EUKARYA|NO_SP|1,0
P38633|EUKARYA|NO_SP|1,0
Q08278|EUKARYA|NO_SP|2,0
O65312|EUKARYA|NO_SP|1,0
P79937|EUKARYA|NO_SP|2,0
Q3ED65|EUKARYA|NO_SP|1,0
P41005|EUKARYA|NO_SP|1,0
Q9NH52|EUKARYA|NO_SP|2,0
Q6VMQ6|EUKARYA|NO_SP|1,0
D6RGH6|EUKARYA|NO_SP|0,0
Q5FWY4|EUKARYA|NO_SP|1,0
Q9P1T7|EUKARYA|NO_SP|1,0
F1C7I4|EUKARYA|NO_SP|2,0
O82399|EUKARYA|NO_SP|0,0
P42834|EUKARYA|NO_SP|2,0
P47025|EUKARYA|NO_SP|1,0
P45966|EUKARYA|NO_SP|1,0
O60062|EUKARYA|NO_SP|2,0
Q9SK32|EUKARYA|NO_SP|1,0
P53051|EUKARYA|NO_SP|1,0
O94675|EUKARYA|NO_SP|1,0
Q9LTJ1|EUKARYA|NO_SP|2,0
O43148|EUKARYA|NO_SP|1,0
O74880|EUKARYA|NO_SP|0,0
P38132|EUKARYA|NO_SP|2,0
Q9ULC4|EUKARYA|NO_SP|2,0
P23804|EUKARYA|NO_SP|1,0
Q71SY5|EUKARYA|NO_SP|0,0
Q12124|EUKARYA|NO_SP|1,0
Q9XIM0|EUKARYA|NO_SP|1,0
P32489|EUKARYA|NO_SP|1,0
P32442|EUKARYA|NO_SP|1,0
Q3UIK4|EUKARYA|NO_SP|0,0
Q12041|EUKARYA|NO_SP|2,0
P40495|EUKARYA|NO_SP|0,0
Q9Z0E1|EUKARYA|NO_SP|2,0
Q9FJV0|EUKARYA|NO_SP|2,0
Q8CF90|EUKARYA|NO_SP|0,0
Q6PCZ4|EUKARYA|NO_SP|0,0
P0CW40|EUKARYA|NO_SP|1,0
Q6T264|EUKARYA|NO_SP|1,0
Q9LYG3|EUKARYA|NO_SP|0,0
O70299|EUKARYA|NO_SP|2,0
P32783|EUKARYA|NO_SP|1,0
Q9UJA3|EUKARYA|NO_SP|0,0
Q501D5|EUKARYA|NO_SP|0,0
P87310|EUKARYA|NO_SP|2,0
P32585|EUKARYA|NO_SP|2,0
Q925J9|EUKARYA|NO_SP|1,0
Q6P2C8|EUKARYA|NO_SP|2,0
Q5VYS4|EUKARYA|NO_SP|0,0
Q14814|EUKARYA|NO_SP|2,0
P40070|EUKARYA|NO_SP|0,0
Q9M1Z3|EUKARYA|NO_SP|0,0
P53905|EUKARYA|NO_SP|0,0
Q99MV5|EUKARYA|NO_SP|1,0
Q9C7G0|EUKARYA|NO_SP|0,0
Q6ZN28|EUKARYA|NO_SP|2,0
Q8WXG6|EUKARYA|NO_SP|1,0
Q4VC33|EUKARYA|NO_SP|2,0
Q9VNS0|EUKARYA|NO_SP|2,0
Q10113|EUKARYA|NO_SP|2,0
Q96JK9|EUKARYA|NO_SP|0,0
O59730|EUKARYA|NO_SP|1,0
Q922Q1|EUKARYA|NO_SP|0,0
O80883|EUKARYA|NO_SP|2,0
Q9LW00|EUKARYA|NO_SP|2,0
Q5XEN5|EUKARYA|NO_SP|1,0
Q96DN6|EUKARYA|NO_SP|0,0
Q9LXT3|EUKARYA|NO_SP|1,0
O14467|EUKARYA|NO_SP|2,0
Q9LKA3|EUKARYA|NO_SP|0,0
P17505|EUKARYA|NO_SP|0,0
P20484|EUKARYA|NO_SP|1,0
Q9FV52|EUKARYA|NO_SP|0,0
Q8C052|EUKARYA|NO_SP|0,0
Q7K3L1|EUKARYA|NO_SP|1,0
Q9HCC0|EUKARYA|NO_SP|0,0
Q9UTR7|EUKARYA|NO_SP|1,0
P87323|EUKARYA|NO_SP|1,0
Q8QFR4|EUKARYA|NO_SP|2,0
O14079|EUKARYA|NO_SP|1,0
Q14676|EUKARYA|NO_SP|1,0
Q9ZP05|EUKARYA|NO_SP|0,0
O60200|EUKARYA|NO_SP|1,0
Q9NX70|EUKARYA|NO_SP|0,0
O60104|EUKARYA|NO_SP|2,0
Q21360|EUKARYA|NO_SP|1,0
Q12176|EUKARYA|NO_SP|2,0
P38112|EUKARYA|NO_SP|1,0
Q9SLN5|EUKARYA|NO_SP|1,0
Q9FV51|EUKARYA|NO_SP|2,0
P50579|EUKARYA|NO_SP|2,0
P38174|EUKARYA|NO_SP|0,0
Q61166|EUKARYA|NO_SP|2,0
Q15555|EUKARYA|NO_SP|1,0
P0CY17|EUKARYA|NO_SP|1,0
O16011|EUKARYA|NO_SP|2,0
G5EGQ5|EUKARYA|NO_SP|1,0
Q63406|EUKARYA|NO_SP|2,0
O42709|EUKARYA|NO_SP|1,0
P49739|EUKARYA|NO_SP|1,0
Q95XQ8|EUKARYA|NO_SP|1,0
Q9V461|EUKARYA|NO_SP|1,0
P43299|EUKARYA|NO_SP|0,0
O75001|EUKARYA|NO_SP|2,0
Q9D067|EUKARYA|NO_SP|2,0
O94248|EUKARYA|NO_SP|1,0
Q9Z2D6|EUKARYA|NO_SP|1,0
Q8LFL8|EUKARYA|NO_SP|0,0
O22823|EUKARYA|NO_SP|0,0
Q08288|EUKARYA|NO_SP|2,0
O43283|EUKARYA|NO_SP|1,0
A0A078CGE6|EUKARYA|NO_SP|0,0
O59767|EUKARYA|NO_SP|1,0
F4IFD0|EUKARYA|NO_SP|1,0
Q9BXY0|EUKARYA|NO_SP|1,0
O80438|EUKARYA|NO_SP|1,0
P12624|EUKARYA|NO_SP|0,0
P52164|EUKARYA|NO_SP|2,0
I0IUP4|EUKARYA|NO_SP|2,0
Q9BTE3|EUKARYA|NO_SP|1,0
Q9FEF8|EUKARYA|NO_SP|0,0
O43068|EUKARYA|NO_SP|0,0
Q00566|EUKARYA|NO_SP|1,0
P97367|EUKARYA|NO_SP|2,0
O74314|EUKARYA|NO_SP|2,0
O14220|EUKARYA|NO_SP|1,0
Q5U5Q3|EUKARYA|NO_SP|0,0
Q9Y8G3|EUKARYA|NO_SP|1,0
Q8W3L1|EUKARYA|NO_SP|0,0
P40081|EUKARYA|NO_SP|1,0
Q9SGU9|EUKARYA|NO_SP|1,0
P61326|EUKARYA|NO_SP|1,0
Q7RTP6|EUKARYA|NO_SP|1,0
Q6AYL6|EUKARYA|NO_SP|1,0
Q5FW52|EUKARYA|NO_SP|1,0
Q7X6Y7|EUKARYA|NO_SP|1,0
P38257|EUKARYA|NO_SP|2,0
D0QMC3|EUKARYA|NO_SP|0,0
P53163|EUKARYA|NO_SP|2,0
O15553|EUKARYA|NO_SP|0,0
O44740|EUKARYA|NO_SP|1,0
Q60954|EUKARYA|NO_SP|2,0
Q9WVR8|EUKARYA|NO_SP|1,0
P32179|EUKARYA|NO_SP|1,0
P08465|EUKARYA|NO_SP|2,0
Q1K9C2|EUKARYA|NO_SP|2,0
Q9P7J4|EUKARYA|NO_SP|2,0
Q8N4Q1|EUKARYA|NO_SP|2,0
Q9D5U9|EUKARYA|NO_SP|0,0
Q8TC71|EUKARYA|NO_SP|1,0
P38920|EUKARYA|NO_SP|2,0
Q06211|EUKARYA|NO_SP|1,0
O49543|EUKARYA|NO_SP|1,0
Q9Y4K4|EUKARYA|NO_SP|0,0
Q9BQ69|EUKARYA|NO_SP|0,0
Q9UBF1|EUKARYA|NO_SP|0,0
Q9UTE6|EUKARYA|NO_SP|1,0
P40065|EUKARYA|NO_SP|1,0
P21519|EUKARYA|NO_SP|0,0
Q9UBB5|EUKARYA|NO_SP|0,0
Q9FJF4|EUKARYA|NO_SP|1,0
Q8TC05|EUKARYA|NO_SP|2,0
P40356|EUKARYA|NO_SP|1,0
P53114|EUKARYA|NO_SP|1,0
Q94420|EUKARYA|NO_SP|1,0
Q9BUU2|EUKARYA|NO_SP|1,0
Q9M0V0|EUKARYA|NO_SP|1,0
Q9HE09|EUKARYA|NO_SP|2,0
Q20497|EUKARYA|NO_SP|2,0
Q9VW47|EUKARYA|NO_SP|1,0
Q93442|EUKARYA|NO_SP|1,0
P19263|EUKARYA|NO_SP|1,0
Q9Y808|EUKARYA|NO_SP|1,0
F4JGZ1|EUKARYA|NO_SP|2,0
Q9VEC1|EUKARYA|NO_SP|1,0
P34162|EUKARYA|NO_SP|1,0
P38782|EUKARYA|NO_SP|1,0
P33308|EUKARYA|NO_SP|1,0
Q10270|EUKARYA|NO_SP|1,0
Q03081|EUKARYA|NO_SP|2,0
P47164|EUKARYA|NO_SP|2,0
O50008|EUKARYA|NO_SP|2,0
Q9UT19|EUKARYA|NO_SP|2,0
O94411|EUKARYA|NO_SP|2,0
P33441|EUKARYA|NO_SP|2,0
P32787|EUKARYA|NO_SP|1,0
Q8GYJ4|EUKARYA|NO_SP|1,0
Q04922|EUKARYA|NO_SP|1,0
O94423|EUKARYA|NO_SP|1,0
O35678|EUKARYA|NO_SP|1,0
A9UHW6|EUKARYA|NO_SP|2,0
Q96AX9|EUKARYA|NO_SP|0,0
Q8IYU8|EUKARYA|NO_SP|0,0
Q9P7Y8|EUKARYA|NO_SP|1,0
Q8VZK0|EUKARYA|NO_SP|2,0
Q22227|EUKARYA|NO_SP|2,0
Q9C4Z7|EUKARYA|NO_SP|0,0
Q96T58|EUKARYA|NO_SP|0,0
Q9H8M7|EUKARYA|NO_SP|0,0
Q8TDR0|EUKARYA|NO_SP|1,0
Q9XVI9|EUKARYA|NO_SP|0,0
F4JN26|EUKARYA|NO_SP|2,0
Q9HAP2|EUKARYA|NO_SP|0,0
O14207|EUKARYA|NO_SP|2,0
U4PR86|EUKARYA|NO_SP|0,0
P34544|EUKARYA|NO_SP|2,0
P47169|EUKARYA|NO_SP|1,0
Q9SRV5|EUKARYA|NO_SP|2,0
A2AUU0|EUKARYA|NO_SP|1,0
Q07684|EUKARYA|NO_SP|0,0
G8B839|EUKARYA|NO_SP|0,0
Q06630|EUKARYA|NO_SP|1,0
Q8N183|EUKARYA|NO_SP|1,0
P87141|EUKARYA|NO_SP|1,0
Q04341|EUKARYA|NO_SP|1,0
P45984|EUKARYA|NO_SP|0,0
Q16539|EUKARYA|NO_SP|0,0
P32047|EUKARYA|NO_SP|0,0
Q8NB16|EUKARYA|NO_SP|1,0
Q2VPU4|EUKARYA|NO_SP|0,0
Q9UH92|EUKARYA|NO_SP|0,0
Q0WVF8|EUKARYA|NO_SP|2,0
Q7XYY2|EUKARYA|NO_SP|2,0
Q02078|EUKARYA|NO_SP|2,0
Q18508|EUKARYA|NO_SP|2,0
A1L020|EUKARYA|NO_SP|0,0
P49028|EUKARYA|NO_SP|1,0
O74896|EUKARYA|NO_SP|1,0
Q12525|EUKARYA|NO_SP|2,0
Q9VQ89|EUKARYA|NO_SP|1,0
Q08874|EUKARYA|NO_SP|1,0
Q24400|EUKARYA|NO_SP|2,0
Q9BXW4|EUKARYA|NO_SP|1,0
P32354|EUKARYA|NO_SP|2,0
P49736|EUKARYA|NO_SP|0,0
P55862|EUKARYA|NO_SP|1,0
Q91876|EUKARYA|NO_SP|0,0
I0IUP3|EUKARYA|NO_SP|0,0
O14323|EUKARYA|NO_SP|2,0
Q9Y7J9|EUKARYA|NO_SP|2,0
Q94AH9|EUKARYA|NO_SP|0,0
P53083|EUKARYA|NO_SP|2,0
Q9NU22|EUKARYA|NO_SP|2,0
P25046|EUKARYA|NO_SP|2,0
P50222|EUKARYA|NO_SP|1,0
Q21502|EUKARYA|NO_SP|1,0
P32389|EUKARYA|NO_SP|1,0
Q9BQP7|EUKARYA|NO_SP|1,0
O15068|EUKARYA|NO_SP|2,0
P10911|EUKARYA|NO_SP|1,0
Q8NEM0|EUKARYA|NO_SP|1,0
Q9LFA3|EUKARYA|NO_SP|1,0
P92947|EUKARYA|NO_SP|0,0
Q06213|EUKARYA|NO_SP|1,0
P32259|EUKARYA|NO_SP|1,0
Q15648|EUKARYA|NO_SP|1,0
P32570|EUKARYA|NO_SP|1,0
Q12343|EUKARYA|NO_SP|2,0
O17514|EUKARYA|NO_SP|2,0
O14354|EUKARYA|NO_SP|1,0
O43037|EUKARYA|NO_SP|1,0
Q9NX63|EUKARYA|NO_SP|1,0
Q8BQR7|EUKARYA|NO_SP|1,0
Q9XGZ0|EUKARYA|NO_SP|0,0
P48163|EUKARYA|NO_SP|1,0
G5EGQ3|EUKARYA|NO_SP|1,0
P38300|EUKARYA|NO_SP|1,0
Q9BQG0|EUKARYA|NO_SP|0,0
P55861|EUKARYA|NO_SP|0,0
P87239|EUKARYA|NO_SP|1,0
P18409|EUKARYA|NO_SP|1,0
Q01846|EUKARYA|NO_SP|1,0
Q12019|EUKARYA|NO_SP|1,0
P53094|EUKARYA|NO_SP|1,0
Q99278|EUKARYA|NO_SP|1,0
P32569|EUKARYA|NO_SP|2,0
P47822|EUKARYA|NO_SP|1,0
Q5XVF0|EUKARYA|NO_SP|1,0
A2AG06|EUKARYA|NO_SP|1,0
P97368|EUKARYA|NO_SP|2,0
P40573|EUKARYA|NO_SP|2,0
O14172|EUKARYA|NO_SP|2,0
Q9NKW1|EUKARYA|NO_SP|0,0
Q9WUI0|EUKARYA|NO_SP|0,0
P26696|EUKARYA|NO_SP|0,0
P45983|EUKARYA|NO_SP|0,0
Q61831|EUKARYA|NO_SP|1,0
O62618|EUKARYA|NO_SP|0,0
Q70IA6|EUKARYA|NO_SP|1,0
P39016|EUKARYA|NO_SP|2,0
Q9USZ6|EUKARYA|NO_SP|0,0
F4JEP5|EUKARYA|NO_SP|1,0
Q9JLC3|EUKARYA|NO_SP|1,0
Q9C5C8|EUKARYA|NO_SP|0,0
P08593|EUKARYA|NO_SP|1,0
Q86YT6|EUKARYA|NO_SP|1,0
Q9VUX2|EUKARYA|NO_SP|0,0
Q9CRB9|EUKARYA|NO_SP|1,0
O94851|EUKARYA|NO_SP|1,0
Q8IUF8|EUKARYA|NO_SP|2,0
Q9Y3D0|EUKARYA|NO_SP|2,0
Q9P802|EUKARYA|NO_SP|1,0
Q9D7G9|EUKARYA|NO_SP|0,0
Q9H2W2|EUKARYA|NO_SP|0,0
Q9WVS8|EUKARYA|NO_SP|1,0
Q9NKV0|EUKARYA|NO_SP|1,0
Q02455|EUKARYA|NO_SP|1,0
Q62625|EUKARYA|NO_SP|1,0
Q6ZRQ5|EUKARYA|NO_SP|1,0
O18211|EUKARYA|NO_SP|1,0
O96033|EUKARYA|NO_SP|1,0
Q23359|EUKARYA|NO_SP|1,0
P26041|EUKARYA|NO_SP|1,0
Q9HD47|EUKARYA|NO_SP|2,0
P87227|EUKARYA|NO_SP|1,0
P40002|EUKARYA|NO_SP|2,0
Q8LGD5|EUKARYA|NO_SP|0,0
Q5SW45|EUKARYA|NO_SP|0,0
Q9NYL2|EUKARYA|NO_SP|0,0
Q9Y4U1|EUKARYA|NO_SP|0,0
Q86B87|EUKARYA|NO_SP|0,0
O94360|EUKARYA|NO_SP|1,0
Q9UT52|EUKARYA|NO_SP|1,0
P47123|EUKARYA|NO_SP|1,0
Q9M658|EUKARYA|NO_SP|0,0
F4JRS4|EUKARYA|NO_SP|1,0
Q8GUL2|EUKARYA|NO_SP|0,0
P40562|EUKARYA|NO_SP|1,0
P40364|EUKARYA|NO_SP|1,0
O00566|EUKARYA|NO_SP|0,0
O04308|EUKARYA|NO_SP|0,0
P49959|EUKARYA|NO_SP|1,0
P53123|EUKARYA|NO_SP|1,0
Q7L0Y3|EUKARYA|NO_SP|2,0
P38172|EUKARYA|NO_SP|1,0
Q39659|EUKARYA|NO_SP|0,0
Q8R516|EUKARYA|NO_SP|1,0
A6ZJ71|EUKARYA|NO_SP|1,0
P39943|EUKARYA|NO_SP|0,0
Q8CD15|EUKARYA|NO_SP|2,0
P38162|EUKARYA|NO_SP|1,0
Q6P5G0|EUKARYA|NO_SP|0,0
Q84MM9|EUKARYA|NO_SP|0,0
Q9Y605|EUKARYA|NO_SP|1,0
Q94FN2|EUKARYA|NO_SP|2,0
Q14149|EUKARYA|NO_SP|0,0
Q8CE90|EUKARYA|NO_SP|2,0
Q9C9X0|EUKARYA|NO_SP|1,0
P49185|EUKARYA|NO_SP|0,0
P53779|EUKARYA|NO_SP|1,0
P47811|EUKARYA|NO_SP|0,0
Q07980|EUKARYA|NO_SP|2,0
Q8I113|EUKARYA|NO_SP|1,0
P47083|EUKARYA|NO_SP|1,0
Q10713|EUKARYA|NO_SP|0,0
P97434|EUKARYA|NO_SP|1,0
Q9UTR1|EUKARYA|NO_SP|1,0
Q06164|EUKARYA|NO_SP|2,0
P53102|EUKARYA|NO_SP|0,0
F4K495|EUKARYA|NO_SP|1,0
O74558|EUKARYA|NO_SP|0,0
Q86A84|EUKARYA|NO_SP|0,0
Q42290|EUKARYA|NO_SP|0,0
P07266|EUKARYA|NO_SP|0,0
Q08818|EUKARYA|NO_SP|2,0
Q9W0G7|EUKARYA|NO_SP|2,0
P25336|EUKARYA|NO_SP|1,0
P43594|EUKARYA|NO_SP|2,0
Q8SXD4|EUKARYA|NO_SP|0,0
Q3TPJ7|EUKARYA|NO_SP|0,0
Q20347|EUKARYA|NO_SP|2,0
Q9H3L0|EUKARYA|NO_SP|2,0
Q9UT46|EUKARYA|NO_SP|1,0
Q9C5C0|EUKARYA|NO_SP|0,0
P97997|EUKARYA|NO_SP|0,0
Q149C2|EUKARYA|NO_SP|1,0
Q9UUB5|EUKARYA|NO_SP|1,0
Q9C5S1|EUKARYA|NO_SP|1,0
Q7Z2B8|EUKARYA|NO_SP|0,0
P24785|EUKARYA|NO_SP|1,0
Q9ZRV4|EUKARYA|NO_SP|2,0
P40692|EUKARYA|NO_SP|2,0
Q09510|EUKARYA|NO_SP|0,0
Q9FHI1|EUKARYA|NO_SP|1,0
P36507|EUKARYA|NO_SP|0,0
P52564|EUKARYA|NO_SP|1,0
Q9P7T4|EUKARYA|NO_SP|1,0
Q09HN1|EUKARYA|NO_SP|1,0
Q99J25|EUKARYA|NO_SP|0,0
Q9UI43|EUKARYA|NO_SP|1,0
P32559|EUKARYA|NO_SP|2,0
Q96AZ1|EUKARYA|NO_SP|1,0
F4K494|EUKARYA|NO_SP|1,0
Q9WVS4|EUKARYA|NO_SP|0,0
O36025|EUKARYA|NO_SP|2,0
P35728|EUKARYA|NO_SP|2,0
O74484|EUKARYA|NO_SP|0,0
O54874|EUKARYA|NO_SP|0,0
Q9CPY0|EUKARYA|NO_SP|1,0
P35719|EUKARYA|NO_SP|2,0
P33201|EUKARYA|NO_SP|0,0
P47084|EUKARYA|NO_SP|2,0
Q9NYP9|EUKARYA|NO_SP|0,0
Q9HDV6|EUKARYA|NO_SP|2,0
Q9Y6X9|EUKARYA|NO_SP|0,0
Q9LZ08|EUKARYA|NO_SP|0,0
P30305|EUKARYA|NO_SP|0,0
Q6P7F1|EUKARYA|NO_SP|2,0
P15424|EUKARYA|NO_SP|2,0
Q7TNB4|EUKARYA|NO_SP|2,0
Q9P786|EUKARYA|NO_SP|1,0
F4IHL3|EUKARYA|NO_SP|1,0
G5ED68|EUKARYA|NO_SP|2,0
Q9Y216|EUKARYA|NO_SP|2,0
Q562C9|EUKARYA|NO_SP|0,0
Q38AH0|EUKARYA|NO_SP|1,0
Q09902|EUKARYA|NO_SP|1,0
O94427|EUKARYA|NO_SP|1,0
P38236|EUKARYA|NO_SP|1,0
Q9M8K6|EUKARYA|NO_SP|2,0
Q09859|EUKARYA|NO_SP|1,0
Q03825|EUKARYA|NO_SP|1,0
O82486|EUKARYA|NO_SP|1,0
Q9Y4B5|EUKARYA|NO_SP|0,0
Q03151|EUKARYA|NO_SP|2,0
Q9Z2C5|EUKARYA|NO_SP|2,0
Q96QG7|EUKARYA|NO_SP|2,0
Q9C0I1|EUKARYA|NO_SP|0,0
O94286|EUKARYA|NO_SP|2,0
Q9UUA5|EUKARYA|NO_SP|0,0
O14015|EUKARYA|NO_SP|1,0
O94664|EUKARYA|NO_SP|0,0
P87231|EUKARYA|NO_SP|1,0
O01583|EUKARYA|NO_SP|0,0
O13620|EUKARYA|NO_SP|2,0
Q23255|EUKARYA|NO_SP|1,0
Q9HC36|EUKARYA|NO_SP|0,0
P40050|EUKARYA|NO_SP|1,0
P53869|EUKARYA|NO_SP|1,0
P25847|EUKARYA|NO_SP|2,0
Q6L4V0|EUKARYA|NO_SP|1,0
Q03834|EUKARYA|NO_SP|1,0
P13712|EUKARYA|NO_SP|1,0
O22607|EUKARYA|NO_SP|2,0
P50536|EUKARYA|NO_SP|1,0
Q42377|EUKARYA|NO_SP|1,0
Q924K8|EUKARYA|NO_SP|1,0
Q7SZL5|EUKARYA|NO_SP|1,0
O14183|EUKARYA|NO_SP|1,0
Q9HDZ3|EUKARYA|NO_SP|1,0
O42647|EUKARYA|NO_SP|2,0
Q02866|EUKARYA|NO_SP|1,0
A2AMM0|EUKARYA|NO_SP|1,0
Q8K3P4|EUKARYA|NO_SP|0,0
Q920Q6|EUKARYA|NO_SP|0,0
Q68DK7|EUKARYA|NO_SP|0,0
Q9BTC8|EUKARYA|NO_SP|1,0
Q9EPI8|EUKARYA|NO_SP|1,0
Q9SZL6|EUKARYA|NO_SP|1,0
Q9NYA4|EUKARYA|NO_SP|1,0
Q96EF0|EUKARYA|NO_SP|2,0
Q9V3F3|EUKARYA|NO_SP|1,0
Q5JR59|EUKARYA|NO_SP|2,0
O75431|EUKARYA|NO_SP|2,0
Q9P6R4|EUKARYA|NO_SP|2,0
O94566|EUKARYA|NO_SP|0,0
P87052|EUKARYA|NO_SP|1,0
O94435|EUKARYA|NO_SP|2,0
F7BJB9|EUKARYA|NO_SP|0,0
Q9C801|EUKARYA|NO_SP|0,0
Q9UT23|EUKARYA|NO_SP|1,0
Q39023|EUKARYA|NO_SP|0,0
Q94C32|EUKARYA|NO_SP|0,0
F4JLC1|EUKARYA|NO_SP|2,0
P25270|EUKARYA|NO_SP|2,0
O15091|EUKARYA|NO_SP|0,0
Q9UKD2|EUKARYA|NO_SP|0,0
P47007|EUKARYA|NO_SP|2,0
Q8C3P7|EUKARYA|NO_SP|0,0
O94548|EUKARYA|NO_SP|1,0
Q02046|EUKARYA|NO_SP|1,0
Q84X53|EUKARYA|NO_SP|1,0
Q9VPD5|EUKARYA|NO_SP|1,0
P47095|EUKARYA|NO_SP|1,0
P53070|EUKARYA|NO_SP|0,0
Q2KHM9|EUKARYA|NO_SP|1,0
Q84WV6|EUKARYA|NO_SP|1,0
P41940|EUKARYA|NO_SP|0,0
O43014|EUKARYA|NO_SP|1,0
P53725|EUKARYA|NO_SP|1,0
Q4W6B5|EUKARYA|NO_SP|0,0
P25588|EUKARYA|NO_SP|1,0
Q7M6Y6|EUKARYA|NO_SP|1,0
Q9US51|EUKARYA|NO_SP|2,0
Q9BT17|EUKARYA|NO_SP|2,0
P38860|EUKARYA|NO_SP|1,0
O14232|EUKARYA|NO_SP|2,0
Q23973|EUKARYA|NO_SP|1,0
Q9UBK8|EUKARYA|NO_SP|1,0
O42662|EUKARYA|NO_SP|1,0
Q9DAT5|EUKARYA|NO_SP|1,0
O74876|EUKARYA|NO_SP|0,0
Q9URV3|EUKARYA|NO_SP|1,0
O13715|EUKARYA|NO_SP|1,0
Q10253|EUKARYA|NO_SP|1,0
Q9Y7P6|EUKARYA|NO_SP|2,0
O74317|EUKARYA|NO_SP|1,0
F4KAF2|EUKARYA|NO_SP|1,0
Q6UL01|EUKARYA|NO_SP|1,0
Q9HCE1|EUKARYA|NO_SP|2,0
Q924M7|EUKARYA|NO_SP|1,0
Q96JB8|EUKARYA|NO_SP|2,0
P53166|EUKARYA|NO_SP|1,0
Q6NTE8|EUKARYA|NO_SP|1,0
Q13615|EUKARYA|NO_SP|1,0
Q03920|EUKARYA|NO_SP|0,0
O88441|EUKARYA|NO_SP|2,0
O94328|EUKARYA|NO_SP|2,0
Q9C0U3|EUKARYA|NO_SP|1,0
O74389|EUKARYA|NO_SP|1,0
Q10308|EUKARYA|NO_SP|1,0
O13992|EUKARYA|NO_SP|1,0
Q09773|EUKARYA|NO_SP|1,0
O60072|EUKARYA|NO_SP|2,0
Q9JIB0|EUKARYA|NO_SP|2,0
P30307|EUKARYA|NO_SP|2,0
O94745|EUKARYA|NO_SP|2,0
Q9BWK5|EUKARYA|NO_SP|1,0
Q9SKB6|EUKARYA|NO_SP|0,0
P78860|EUKARYA|NO_SP|2,0
Q5ND52|EUKARYA|NO_SP|0,0
Q9FMS5|EUKARYA|NO_SP|1,0
Q6PDM1|EUKARYA|NO_SP|0,0
Q8WXB1|EUKARYA|NO_SP|1,0
Q9R190|EUKARYA|NO_SP|1,0
Q8BKY8|EUKARYA|NO_SP|1,0
F4JVI3|EUKARYA|NO_SP|0,0
P42939|EUKARYA|NO_SP|1,0
O13963|EUKARYA|NO_SP|1,0
Q9LVW4|EUKARYA|NO_SP|1,0
Q99MD8|EUKARYA|NO_SP|0,0
Q9JJW5|EUKARYA|NO_SP|1,0
Q01989|EUKARYA|NO_SP|1,0
Q02197|EUKARYA|NO_SP|2,0
P43619|EUKARYA|NO_SP|1,0
O75011|EUKARYA|NO_SP|0,0
Q15080|EUKARYA|NO_SP|1,0
Q13562|EUKARYA|NO_SP|0,0
Q9T0A4|EUKARYA|NO_SP|0,0
P87355|EUKARYA|NO_SP|0,0
Q54IH8|EUKARYA|NO_SP|0,0
Q9QYG0|EUKARYA|NO_SP|0,0
Q9ULP0|EUKARYA|NO_SP|1,0
Q5VZE5|EUKARYA|NO_SP|1,0
Q93VY3|EUKARYA|NO_SP|0,0
Q6UEF0|EUKARYA|NO_SP|2,0
P40360|EUKARYA|NO_SP|1,0
Q8RXH8|EUKARYA|NO_SP|0,0
Q07937|EUKARYA|NO_SP|2,0
P60324|EUKARYA|NO_SP|2,0
Q6NSW7|EUKARYA|NO_SP|0,0
Q9ZUP3|EUKARYA|NO_SP|0,0
Q70Z16|EUKARYA|NO_SP|0,0
Q9Y7N7|EUKARYA|NO_SP|2,0
A0A0U1RRE5|EUKARYA|NO_SP|0,0
O43070|EUKARYA|NO_SP|0,0
Q8AWF5|EUKARYA|NO_SP|1,0
Q8RXA8|EUKARYA|NO_SP|0,0
P15531|EUKARYA|NO_SP|0,0
P36010|EUKARYA|NO_SP|0,0
P51970|EUKARYA|NO_SP|2,0
P17568|EUKARYA|NO_SP|1,0
O75306|EUKARYA|NO_SP|0,0
Q24134|EUKARYA|NO_SP|1,0
Q62234|EUKARYA|NO_SP|1,0
Q5VVJ2|EUKARYA|NO_SP|1,0
Q86W26|EUKARYA|NO_SP|0,0
P60322|EUKARYA|NO_SP|2,0
P23503|EUKARYA|NO_SP|2,0
Q9ST62|EUKARYA|NO_SP|1,0
P52175|EUKARYA|NO_SP|0,0
O00746|EUKARYA|NO_SP|0,0
O49459|EUKARYA|NO_SP|2,0
Q96BF6|EUKARYA|NO_SP|0,0
Q500Y9|EUKARYA|NO_SP|2,0
Q94K07|EUKARYA|NO_SP|0,0
Q9UHQ1|EUKARYA|NO_SP|2,0
Q9H0A0|EUKARYA|NO_SP|1,0
Q9USR6|EUKARYA|NO_SP|1,0
O14348|EUKARYA|NO_SP|2,0
Q92317|EUKARYA|NO_SP|2,0
O14253|EUKARYA|NO_SP|2,0
P34160|EUKARYA|NO_SP|1,0
P52298|EUKARYA|NO_SP|2,0
Q9LRR7|EUKARYA|NO_SP|0,0
P14598|EUKARYA|NO_SP|1,0
P34611|EUKARYA|NO_SP|1,0
P52174|EUKARYA|NO_SP|0,0
F4JI44|EUKARYA|NO_SP|1,0
O76041|EUKARYA|NO_SP|1,0
Q62940|EUKARYA|NO_SP|1,0
P29595|EUKARYA|NO_SP|0,0
O74457|EUKARYA|NO_SP|1,0
Q08229|EUKARYA|NO_SP|1,0
Q8H1Q2|EUKARYA|NO_SP|2,0
O35095|EUKARYA|NO_SP|0,0
Q07500|EUKARYA|NO_SP|2,0
Q42599|EUKARYA|NO_SP|2,0
O00483|EUKARYA|NO_SP|1,0
Q93725|EUKARYA|NO_SP|0,0
Q0V842|EUKARYA|NO_SP|2,0
O42980|EUKARYA|NO_SP|2,0
P47035|EUKARYA|NO_SP|2,0
Q92021|EUKARYA|NO_SP|1,0
Q5BKC9|EUKARYA|NO_SP|1,0
Q96IV0|EUKARYA|NO_SP|0,0
Q03503|EUKARYA|NO_SP|1,0
P38996|EUKARYA|NO_SP|0,0
Q9LD44|EUKARYA|NO_SP|0,0
B8AW64|EUKARYA|NO_SP|0,0
Q9VJQ5|EUKARYA|NO_SP|2,0
Q64289|EUKARYA|NO_SP|0,0
Q9BU61|EUKARYA|NO_SP|0,0
Q54S83|EUKARYA|NO_SP|1,0
P93306|EUKARYA|NO_SP|1,0
Q02375|EUKARYA|NO_SP|0,0
Q9Z2J4|EUKARYA|NO_SP|2,0
O94660|EUKARYA|NO_SP|2,0
Q84TH9|EUKARYA|NO_SP|1,0
Q9UT53|EUKARYA|NO_SP|1,0
Q3UYV9|EUKARYA|NO_SP|2,0
Q08887|EUKARYA|NO_SP|1,0
Q91ZR4|EUKARYA|NO_SP|0,0
Q8WX92|EUKARYA|NO_SP|0,0
O95644|EUKARYA|NO_SP|0,0
Q60591|EUKARYA|NO_SP|2,0
Q9WV30|EUKARYA|NO_SP|0,0
O08750|EUKARYA|NO_SP|1,0
Q9BZQ8|EUKARYA|NO_SP|1,0
Q9EQ80|EUKARYA|NO_SP|2,0
Q5SZT7|EUKARYA|NO_SP|0,0
Q8N5F7|EUKARYA|NO_SP|0,0
Q86WI3|EUKARYA|NO_SP|2,0
Q9LTR9|EUKARYA|NO_SP|2,0
P36597|EUKARYA|NO_SP|2,0
Q9ESX4|EUKARYA|NO_SP|1,0
Q06512|EUKARYA|NO_SP|2,0
Q9HB07|EUKARYA|NO_SP|0,0
Q9M2K0|EUKARYA|NO_SP|1,0
F4K5J1|EUKARYA|NO_SP|1,0
P12844|EUKARYA|NO_SP|1,0
F4I460|EUKARYA|NO_SP|1,0
Q9UBF9|EUKARYA|NO_SP|1,0
P70475|EUKARYA|NO_SP|0,0
P0CF96|EUKARYA|NO_SP|0,0
Q9USY3|EUKARYA|NO_SP|1,0
Q86UY6|EUKARYA|NO_SP|1,0
Q9ZVP8|EUKARYA|NO_SP|1,0
O49505|EUKARYA|NO_SP|1,0
O77774|EUKARYA|NO_SP|1,0
Q09014|EUKARYA|NO_SP|1,0
P40205|EUKARYA|NO_SP|1,0
Q9C503|EUKARYA|NO_SP|0,0
P32340|EUKARYA|NO_SP|2,0
O64903|EUKARYA|NO_SP|0,0
Q09161|EUKARYA|NO_SP|2,0
Q945M1|EUKARYA|NO_SP|1,0
A2AIL4|EUKARYA|NO_SP|0,0
Q9Z1J2|EUKARYA|NO_SP|0,0
Q8TD19|EUKARYA|NO_SP|0,0
Q60795|EUKARYA|NO_SP|2,0
O94916|EUKARYA|NO_SP|0,0
P12036|EUKARYA|NO_SP|0,0
P11633|EUKARYA|NO_SP|2,0
O17898|EUKARYA|NO_SP|1,0
Q9ESN0|EUKARYA|NO_SP|1,0
Q9BSH3|EUKARYA|NO_SP|1,0
Q9NQR4|EUKARYA|NO_SP|1,0
P40096|EUKARYA|NO_SP|1,0
P70365|EUKARYA|NO_SP|2,0
Q9ST63|EUKARYA|NO_SP|1,0
Q06568|EUKARYA|NO_SP|2,0
Q62414|EUKARYA|NO_SP|0,0
Q6NPS8|EUKARYA|NO_SP|2,0
Q12181|EUKARYA|NO_SP|2,0
Q9P032|EUKARYA|NO_SP|2,0
Q7L592|EUKARYA|NO_SP|1,0
Q9VVI3|EUKARYA|NO_SP|0,0
G5EFM9|EUKARYA|NO_SP|1,0
Q8NFW8|EUKARYA|NO_SP|0,0
Q08972|EUKARYA|NO_SP|1,0
Q90Z72|EUKARYA|NO_SP|1,0
A6BLW4|EUKARYA|NO_SP|0,0
P32495|EUKARYA|NO_SP|2,0
Q54JW0|EUKARYA|NO_SP|1,0
Q9FJW4|EUKARYA|NO_SP|0,0
Q42577|EUKARYA|NO_SP|0,0
B3H5K9|EUKARYA|NO_SP|1,0
Q969S2|EUKARYA|NO_SP|1,0
Q9Y221|EUKARYA|NO_SP|1,0
Q2LKW6|EUKARYA|NO_SP|1,0
Q27415|EUKARYA|NO_SP|2,0
Q9NPP4|EUKARYA|NO_SP|1,0
P38861|EUKARYA|NO_SP|1,0
Q12129|EUKARYA|NO_SP|1,0
Q9EPA7|EUKARYA|NO_SP|2,0
Q9BZE4|EUKARYA|NO_SP|1,0
Q8BG17|EUKARYA|NO_SP|2,0
O60936|EUKARYA|NO_SP|0,0
Q84ST4|EUKARYA|NO_SP|0,0
Q1HTZ9|EUKARYA|NO_SP|2,0
Q1HTZ8|EUKARYA|NO_SP|2,0
Q15466|EUKARYA|NO_SP|0,0
Q96RI1|EUKARYA|NO_SP|1,0
P49116|EUKARYA|NO_SP|1,0
Q9QXZ7|EUKARYA|NO_SP|0,0
Q07913|EUKARYA|NO_SP|1,0
Q9VVV9|EUKARYA|NO_SP|1,0
Q12493|EUKARYA|NO_SP|1,0
Q9C000|EUKARYA|NO_SP|1,0
Q96D46|EUKARYA|NO_SP|1,0
Q8R5K4|EUKARYA|NO_SP|0,0
Q14978|EUKARYA|NO_SP|1,0
Q6Q547|EUKARYA|NO_SP|1,0
O94514|EUKARYA|NO_SP|0,0
P47077|EUKARYA|NO_SP|1,0
O14310|EUKARYA|NO_SP|1,0
Q8IXF0|EUKARYA|NO_SP|2,0
Q8BGD7|EUKARYA|NO_SP|2,0
Q9UND3|EUKARYA|NO_SP|1,0
O75469|EUKARYA|NO_SP|0,0
Q91V36|EUKARYA|NO_SP|1,0
O42975|EUKARYA|NO_SP|2,0
Q6DBA5|EUKARYA|NO_SP|1,0
Q9UU79|EUKARYA|NO_SP|1,0
Q9H0G5|EUKARYA|NO_SP|1,0
A1L188|EUKARYA|NO_SP|0,0
Q95748|EUKARYA|NO_SP|1,0
P32860|EUKARYA|NO_SP|2,0
Q75IZ7|EUKARYA|NO_SP|2,0
Q06162|EUKARYA|NO_SP|1,0
Q3UP24|EUKARYA|NO_SP|1,0
Q8VI84|EUKARYA|NO_SP|2,0
O44411|EUKARYA|NO_SP|1,0
Q9V411|EUKARYA|NO_SP|1,0
Q02892|EUKARYA|NO_SP|1,0
P48234|EUKARYA|NO_SP|2,0
Q8IVI9|EUKARYA|NO_SP|1,0
P87112|EUKARYA|NO_SP|1,0
P25655|EUKARYA|NO_SP|1,0
Q64104|EUKARYA|NO_SP|0,0
P43136|EUKARYA|NO_SP|0,0
P70033|EUKARYA|NO_SP|0,0
P80269|EUKARYA|NO_SP|2,0
Q8BG18|EUKARYA|NO_SP|1,0
P25233|EUKARYA|NO_SP|0,0
Q9FLI7|EUKARYA|NO_SP|1,0
O01775|EUKARYA|NO_SP|0,0
P92204|EUKARYA|NO_SP|2,0
Q9Y6K9|EUKARYA|NO_SP|0,0
D3ZGB1|EUKARYA|NO_SP|0,0
Q1MTQ9|EUKARYA|NO_SP|1,0
Q86WB0|EUKARYA|NO_SP|2,0
Q80TM9|EUKARYA|NO_SP|1,0
P53883|EUKARYA|NO_SP|2,0
Q12499|EUKARYA|NO_SP|0,0
P87240|EUKARYA|NO_SP|1,0
Q8CJ00|EUKARYA|NO_SP|1,0
Q9S816|EUKARYA|NO_SP|1,0
P38830|EUKARYA|NO_SP|2,0
Q5TEU4|EUKARYA|NO_SP|0,0
P36052|EUKARYA|NO_SP|1,0
Q66GR8|EUKARYA|NO_SP|0,0
H9BFW7|EUKARYA|NO_SP|0,0
P21359|EUKARYA|NO_SP|2,0
Q9SY59|EUKARYA|NO_SP|1,0
Q655V5|EUKARYA|NO_SP|0,0
Q8NEJ9|EUKARYA|NO_SP|2,0
Q9USU8|EUKARYA|NO_SP|1,0
Q9FNZ5|EUKARYA|NO_SP|1,0
Q7PLI2|EUKARYA|NO_SP|2,0
O15226|EUKARYA|NO_SP|2,0
Q99801|EUKARYA|NO_SP|0,0
O74855|EUKARYA|NO_SP|1,0
Q9C002|EUKARYA|NO_SP|1,0
Q99JR6|EUKARYA|NO_SP|2,0
P14743|EUKARYA|NO_SP|1,0
P36003|EUKARYA|NO_SP|0,0
O14236|EUKARYA|NO_SP|1,0
Q99743|EUKARYA|NO_SP|1,0
F4KEY9|EUKARYA|NO_SP|1,0
O94330|EUKARYA|NO_SP|1,0
Q4G0N4|EUKARYA|NO_SP|0,0
Q9NX02|EUKARYA|NO_SP|2,0
P87115|EUKARYA|NO_SP|1,0
Q9SIU2|EUKARYA|NO_SP|2,0
Q9P383|EUKARYA|NO_SP|2,0
Q9M9F5|EUKARYA|NO_SP|1,0
P38205|EUKARYA|NO_SP|1,0
Q8GXR9|EUKARYA|NO_SP|0,0
Q8LCG7|EUKARYA|NO_SP|0,0
Q15599|EUKARYA|NO_SP|0,0
Q9FNZ4|EUKARYA|NO_SP|1,0
Q6H6N5|EUKARYA|NO_SP|0,0
G5EDP2|EUKARYA|NO_SP|2,0
P53920|EUKARYA|NO_SP|1,0
Q9HAN9|EUKARYA|NO_SP|2,0
Q05874|EUKARYA|NO_SP|2,0
P39744|EUKARYA|NO_SP|2,0
Q07896|EUKARYA|NO_SP|1,0
G5EEK3|EUKARYA|NO_SP|1,0
Q62881|EUKARYA|NO_SP|0,0
P53927|EUKARYA|NO_SP|2,0
P53317|EUKARYA|NO_SP|2,0
Q01560|EUKARYA|NO_SP|0,0
Q9FX83|EUKARYA|NO_SP|2,0
Q8NHV4|EUKARYA|NO_SP|2,0
P51954|EUKARYA|NO_SP|0,0
Q86NP2|EUKARYA|NO_SP|2,0
P0CV94|EUKARYA|NO_SP|2,0
P0CV96|EUKARYA|NO_SP|0,0
Q9LUI2|EUKARYA|NO_SP|0,0
Q0MW30|EUKARYA|NO_SP|0,0
Q9ER97|EUKARYA|NO_SP|2,0
Q7KRY6|EUKARYA|NO_SP|2,0
Q9SV55|EUKARYA|NO_SP|2,0
Q8N4C6|EUKARYA|NO_SP|0,0
Q9HC29|EUKARYA|NO_SP|2,0
O94818|EUKARYA|NO_SP|2,0
Q12080|EUKARYA|NO_SP|2,0
Q9D6Z1|EUKARYA|NO_SP|0,0
Q07623|EUKARYA|NO_SP|1,0
P06100|EUKARYA|NO_SP|2,0
Q9FLR0|EUKARYA|NO_SP|2,0
F4JJ23|EUKARYA|NO_SP|2,0
Q8R2U2|EUKARYA|NO_SP|0,0
Q9DB96|EUKARYA|NO_SP|2,0
Q9JI78|EUKARYA|NO_SP|0,0
P55769|EUKARYA|NO_SP|0,0
Q9H9Q4|EUKARYA|NO_SP|1,0
Q9P7H0|EUKARYA|NO_SP|2,0
Q9GZT8|EUKARYA|NO_SP|2,0
Q93W20|EUKARYA|NO_SP|0,0
P53939|EUKARYA|NO_SP|2,0
O94347|EUKARYA|NO_SP|1,0
P36059|EUKARYA|NO_SP|1,0
P46087|EUKARYA|NO_SP|0,0
Q08287|EUKARYA|NO_SP|1,0
Q80W85|EUKARYA|NO_SP|2,0
Q3UV55|EUKARYA|NO_SP|0,0
O42951|EUKARYA|NO_SP|1,0
Q9P6M8|EUKARYA|NO_SP|1,0
F4HQA1|EUKARYA|NO_SP|0,0
Q76CY8|EUKARYA|NO_SP|2,0
Q9NP74|EUKARYA|NO_SP|2,0
Q58A45|EUKARYA|NO_SP|0,0
Q9FKB3|EUKARYA|NO_SP|1,0
Q9LG26|EUKARYA|NO_SP|2,0
P09874|EUKARYA|NO_SP|1,0
Q20374|EUKARYA|NO_SP|2,0
P58501|EUKARYA|NO_SP|0,0
Q6NZQ4|EUKARYA|NO_SP|1,0
Q90941|EUKARYA|NO_SP|1,0
Q9ZVZ9|EUKARYA|NO_SP|1,0
P05165|EUKARYA|NO_SP|2,0
Q58A44|EUKARYA|NO_SP|0,0
C4LY96|EUKARYA|NO_SP|1,0
Q95YL5|EUKARYA|NO_SP|0,0
O60437|EUKARYA|NO_SP|1,0
O43924|EUKARYA|NO_SP|1,0
Q96JY6|EUKARYA|NO_SP|0,0
Q62920|EUKARYA|NO_SP|0,0
P31368|EUKARYA|NO_SP|2,0
P52946|EUKARYA|NO_SP|0,0
Q8IIK4|EUKARYA|NO_SP|2,0
Q149B8|EUKARYA|NO_SP|1,0
P38855|EUKARYA|NO_SP|1,0
P50091|EUKARYA|NO_SP|1,0
Q9M0F9|EUKARYA|NO_SP|2,0
P42841|EUKARYA|NO_SP|1,0
Q9DB60|EUKARYA|NO_SP|1,0
P00560|EUKARYA|NO_SP|1,0
O74478|EUKARYA|NO_SP|1,0
Q86YP4|EUKARYA|NO_SP|1,0
P53010|EUKARYA|NO_SP|1,0
Q640Q5|EUKARYA|NO_SP|0,0
O74962|EUKARYA|NO_SP|2,0
Q8H191|EUKARYA|NO_SP|0,0
Q8S9M1|EUKARYA|NO_SP|0,0
O46102|EUKARYA|NO_SP|1,0
Q51D88|EUKARYA|NO_SP|1,0
P29468|EUKARYA|NO_SP|2,0
Q17353|EUKARYA|NO_SP|0,0
Q9GN62|EUKARYA|NO_SP|1,0
Q9EQ10|EUKARYA|NO_SP|1,0
Q9GZY1|EUKARYA|NO_SP|1,0
P26017|EUKARYA|NO_SP|2,0
Q9QYJ6|EUKARYA|NO_SP|2,0
Q53GG5|EUKARYA|NO_SP|0,0
Q09842|EUKARYA|NO_SP|2,0
Q29RF7|EUKARYA|NO_SP|1,0
Q6TRW4|EUKARYA|NO_SP|1,0
O88767|EUKARYA|NO_SP|0,0
Q90ZA1|EUKARYA|NO_SP|1,0
Q95QA6|EUKARYA|NO_SP|1,0
O42958|EUKARYA|NO_SP|2,0
Q8MML5|EUKARYA|NO_SP|1,0
A9Q751|EUKARYA|NO_SP|2,0
P38126|EUKARYA|NO_SP|2,0
Q9LTH4|EUKARYA|NO_SP|2,0
Q9R0L6|EUKARYA|NO_SP|1,0
Q8LGJ5|EUKARYA|NO_SP|1,0
O13684|EUKARYA|NO_SP|1,0
Q9HCR9|EUKARYA|NO_SP|1,0
Q9VLJ0|EUKARYA|NO_SP|1,0
P46988|EUKARYA|NO_SP|1,0
Q9VGP6|EUKARYA|NO_SP|1,0
Q867X0|EUKARYA|NO_SP|1,0
Q9NWS1|EUKARYA|NO_SP|1,0
Q99497|EUKARYA|NO_SP|0,0
C9JE40|EUKARYA|NO_SP|0,0
Q9SIE1|EUKARYA|NO_SP|2,0
Q5F4K8|EUKARYA|NO_SP|2,0
P19836|EUKARYA|NO_SP|1,0
P25646|EUKARYA|NO_SP|1,0
Q06149|EUKARYA|NO_SP|1,0
Q06608|EUKARYA|NO_SP|1,0
Q69Z38|EUKARYA|NO_SP|1,0
Q9Z301|EUKARYA|NO_SP|2,0
P24004|EUKARYA|NO_SP|1,0
Q08580|EUKARYA|NO_SP|2,0
Q9FMA3|EUKARYA|NO_SP|2,0
Q9UHV9|EUKARYA|NO_SP|1,0
Q8NJU8|EUKARYA|NO_SP|1,0
Q9FIK0|EUKARYA|NO_SP|1,0
P40459|EUKARYA|NO_SP|1,0
Q923S8|EUKARYA|NO_SP|2,0
Q04430|EUKARYA|NO_SP|1,0
Q5M755|EUKARYA|NO_SP|0,0
Q21412|EUKARYA|NO_SP|1,0
P35875|EUKARYA|NO_SP|1,0
Q4G0U5|EUKARYA|NO_SP|2,0
P35227|EUKARYA|NO_SP|0,0
Q9SNB4|EUKARYA|NO_SP|2,0
P17918|EUKARYA|NO_SP|2,0
O95613|EUKARYA|NO_SP|1,0
O74975|EUKARYA|NO_SP|2,0
Q61823|EUKARYA|NO_SP|1,0
Q95142|EUKARYA|NO_SP|1,0
O55057|EUKARYA|NO_SP|1,0
Q64536|EUKARYA|NO_SP|2,0
Q9ZNR6|EUKARYA|NO_SP|0,0
Q9N5L4|EUKARYA|NO_SP|1,0
Q56WK6|EUKARYA|NO_SP|2,0
Q9BUH6|EUKARYA|NO_SP|0,0
O49840|EUKARYA|NO_SP|0,0
Q10220|EUKARYA|NO_SP|1,0
Q12524|EUKARYA|NO_SP|2,0
P18248|EUKARYA|NO_SP|2,0
P53844|EUKARYA|NO_SP|1,0
Q04264|EUKARYA|NO_SP|2,0
Q9SRQ3|EUKARYA|NO_SP|0,0
P48612|EUKARYA|NO_SP|2,0
O70361|EUKARYA|NO_SP|1,0
Q99373|EUKARYA|NO_SP|1,0
P37254|EUKARYA|NO_SP|1,0
Q9BPZ3|EUKARYA|NO_SP|1,0
Q9ULE6|EUKARYA|NO_SP|1,0
Q9UST1|EUKARYA|NO_SP|1,0
O82357|EUKARYA|NO_SP|2,0
Q56XM9|EUKARYA|NO_SP|1,0
Q10295|EUKARYA|NO_SP|2,0
Q9NR21|EUKARYA|NO_SP|1,0
Q2EMV9|EUKARYA|NO_SP|2,0
Q9BYE7|EUKARYA|NO_SP|0,0
O54943|EUKARYA|NO_SP|2,0
P10834|EUKARYA|NO_SP|2,0
Q96BN8|EUKARYA|NO_SP|0,0
P93006|EUKARYA|NO_SP|1,0
Q9LX90|EUKARYA|NO_SP|2,0
Q13310|EUKARYA|NO_SP|0,0
P20965|EUKARYA|NO_SP|0,0
Q32N92|EUKARYA|NO_SP|2,0
P63016|EUKARYA|NO_SP|2,0
Q07362|EUKARYA|NO_SP|2,0
P57723|EUKARYA|NO_SP|0,0
Q9BSM1|EUKARYA|NO_SP|2,0
P25693|EUKARYA|NO_SP|1,0
Q8AV28|EUKARYA|NO_SP|1,0
Q15154|EUKARYA|NO_SP|1,0
Q9LXG9|EUKARYA|NO_SP|2,0
Q98TX3|EUKARYA|NO_SP|1,0
Q195N6|EUKARYA|NO_SP|0,0
Q9Y365|EUKARYA|NO_SP|1,0
P06169|EUKARYA|NO_SP|0,0
P16467|EUKARYA|NO_SP|0,0
P40530|EUKARYA|NO_SP|1,0
Q9JK42|EUKARYA|NO_SP|2,0
Q679P3|EUKARYA|NO_SP|0,0
Q9Z1Z9|EUKARYA|NO_SP|0,0
Q12511|EUKARYA|NO_SP|2,0
Q9Z2A0|EUKARYA|NO_SP|0,0
P14837|EUKARYA|NO_SP|0,0
Q9JIF5|EUKARYA|NO_SP|0,0
Q9LYK7|EUKARYA|NO_SP|1,0
O60164|EUKARYA|NO_SP|1,0
Q9XF57|EUKARYA|NO_SP|2,0
P78798|EUKARYA|NO_SP|2,0
P62024|EUKARYA|NO_SP|1,0
Q8IXK0|EUKARYA|NO_SP|0,0
Q9Z1B8|EUKARYA|NO_SP|0,0
P83871|EUKARYA|NO_SP|1,0
O42873|EUKARYA|NO_SP|0,0
Q9H2J4|EUKARYA|NO_SP|2,0
O00408|EUKARYA|NO_SP|0,0
Q23917|EUKARYA|NO_SP|0,0
B0G0Y8|EUKARYA|NO_SP|0,0
Q9MAC9|EUKARYA|NO_SP|2,0
O80448|EUKARYA|NO_SP|0,0
Q9BY49|EUKARYA|NO_SP|0,0
Q9SZH4|EUKARYA|NO_SP|2,0
P53261|EUKARYA|NO_SP|1,0
Q9CA86|EUKARYA|NO_SP|2,0
P33760|EUKARYA|NO_SP|2,0
Q94AA4|EUKARYA|NO_SP|2,0
P33401|EUKARYA|NO_SP|2,0
P37012|EUKARYA|NO_SP|2,0
Q9P7H3|EUKARYA|NO_SP|0,0
Q9H792|EUKARYA|NO_SP|1,0
Q95YL4|EUKARYA|NO_SP|0,0
Q17827|EUKARYA|NO_SP|1,0
P52554|EUKARYA|NO_SP|1,0
Q8TGA0|EUKARYA|NO_SP|2,0
P16862|EUKARYA|NO_SP|2,0
Q4E657|EUKARYA|NO_SP|0,0
Q03262|EUKARYA|NO_SP|1,0
Q76IC5|EUKARYA|NO_SP|1,0
P80895|EUKARYA|NO_SP|2,0
P34217|EUKARYA|NO_SP|1,0
Q9NWT1|EUKARYA|NO_SP|1,0
O76902|EUKARYA|NO_SP|0,0
Q0DFC9|EUKARYA|NO_SP|0,0
O15055|EUKARYA|NO_SP|2,0
Q65ZG8|EUKARYA|NO_SP|1,0
O60065|EUKARYA|NO_SP|0,0
O13764|EUKARYA|NO_SP|1,0
Q9UTN4|EUKARYA|NO_SP|1,0
P40961|EUKARYA|NO_SP|0,0
Q8LAJ7|EUKARYA|NO_SP|2,0
Q27934|EUKARYA|NO_SP|1,0
P42356|EUKARYA|NO_SP|0,0
Q6U7H8|EUKARYA|NO_SP|1,0
O74941|EUKARYA|NO_SP|1,0
P32452|EUKARYA|NO_SP|0,0
Q8NDX5|EUKARYA|NO_SP|0,0
Q9BVI0|EUKARYA|NO_SP|1,0
Q9BWX1|EUKARYA|NO_SP|1,0
Q9WV95|EUKARYA|NO_SP|0,0
Q86SQ0|EUKARYA|NO_SP|2,0
P07270|EUKARYA|NO_SP|1,0
O02696|EUKARYA|NO_SP|1,0
Q8GZM7|EUKARYA|NO_SP|1,0
Q80SX8|EUKARYA|NO_SP|0,0
G5EDY0|EUKARYA|NO_SP|2,0
Q19157|EUKARYA|NO_SP|1,0
O00329|EUKARYA|NO_SP|1,0
Q9ERS5|EUKARYA|NO_SP|1,0
Q66T02|EUKARYA|NO_SP|2,0
P07030|EUKARYA|NO_SP|0,0
Q9Z1B3|EUKARYA|NO_SP|1,0
Q9NUJ7|EUKARYA|NO_SP|1,0
O97143|EUKARYA|NO_SP|0,0
Q8N8W4|EUKARYA|NO_SP|0,0
P24867|EUKARYA|NO_SP|1,0
P17917|EUKARYA|NO_SP|2,0
Q6AYD6|EUKARYA|NO_SP|0,0
Q62048|EUKARYA|NO_SP|2,0
Q8VIN1|EUKARYA|NO_SP|2,0
P87295|EUKARYA|NO_SP|1,0
P41991|EUKARYA|NO_SP|1,0
Q10333|EUKARYA|NO_SP|1,0
Q9FNP1|EUKARYA|NO_SP|1,0
P16861|EUKARYA|NO_SP|1,0
A7MAS3|EUKARYA|NO_SP|1,0
Q9SL05|EUKARYA|NO_SP|1,0
P20052|EUKARYA|NO_SP|1,0
P20941|EUKARYA|NO_SP|1,0
Q10328|EUKARYA|NO_SP|1,0
P70182|EUKARYA|NO_SP|0,0
Q15118|EUKARYA|NO_SP|0,0
P53170|EUKARYA|NO_SP|1,0
O70400|EUKARYA|NO_SP|0,0
Q925N3|EUKARYA|NO_SP|1,0
P40005|EUKARYA|NO_SP|1,0
O94307|EUKARYA|NO_SP|2,0
O15648|EUKARYA|NO_SP|0,0
Q10LZ1|EUKARYA|NO_SP|1,0
O54714|EUKARYA|NO_SP|2,0
Q8K4R4|EUKARYA|NO_SP|1,0
Q6W2J0|EUKARYA|NO_SP|1,0
Q8C5D8|EUKARYA|NO_SP|2,0
P07271|EUKARYA|NO_SP|1,0
O23945|EUKARYA|NO_SP|1,0
O00625|EUKARYA|NO_SP|1,0
Q9TXI7|EUKARYA|NO_SP|1,0
Q9ULU4|EUKARYA|NO_SP|1,0
Q9QYE9|EUKARYA|NO_SP|0,0
Q6RFZ7|EUKARYA|NO_SP|2,0
P11970|EUKARYA|NO_SP|0,0
Q09706|EUKARYA|NO_SP|1,0
Q9T053|EUKARYA|NO_SP|2,0
Q15149|EUKARYA|NO_SP|2,0
Q8BVZ1|EUKARYA|NO_SP|1,0
Q12017|EUKARYA|NO_SP|2,0
Q6P1K2|EUKARYA|NO_SP|1,0
Q07930|EUKARYA|NO_SP|1,0
P14242|EUKARYA|NO_SP|2,0
Q9NQP4|EUKARYA|NO_SP|1,0
P0DKC4|EUKARYA|NO_SP|0,0
Q9H814|EUKARYA|NO_SP|0,0
O35129|EUKARYA|NO_SP|0,0
P67778|EUKARYA|NO_SP|0,0
O08969|EUKARYA|NO_SP|0,0
Q9FK47|EUKARYA|NO_SP|2,0
Q71A39|EUKARYA|NO_SP|1,0
Q38CE9|EUKARYA|NO_SP|1,0
A2A3N6|EUKARYA|NO_SP|1,0
Q8IVE3|EUKARYA|NO_SP|2,0
Q9S775|EUKARYA|NO_SP|2,0
Q9SIN9|EUKARYA|NO_SP|0,0
Q4KWH8|EUKARYA|NO_SP|2,0
Q54WR4|EUKARYA|NO_SP|1,0
Q9URV1|EUKARYA|NO_SP|1,0
O80839|EUKARYA|NO_SP|2,0
Q9GV41|EUKARYA|NO_SP|0,0
O74374|EUKARYA|NO_SP|2,0
Q54Q99|EUKARYA|NO_SP|1,0
Q17381|EUKARYA|NO_SP|2,0
Q8L5W8|EUKARYA|NO_SP|2,0
Q9P7A1|EUKARYA|NO_SP|1,0
Q53GL0|EUKARYA|NO_SP|2,0
Q9CWV6|EUKARYA|NO_SP|1,0
Q9UM63|EUKARYA|NO_SP|1,0
P42699|EUKARYA|NO_SP|0,0
Q1ECF5|EUKARYA|NO_SP|2,0
O60664|EUKARYA|NO_SP|1,0
M0R7Z9|EUKARYA|NO_SP|1,0
O14095|EUKARYA|NO_SP|1,0
P22045|EUKARYA|NO_SP|0,0
P50947|EUKARYA|NO_SP|1,0
O14318|EUKARYA|NO_SP|0,0
P48426|EUKARYA|NO_SP|1,0
Q383A1|EUKARYA|NO_SP|1,0
Q9SJI7|EUKARYA|NO_SP|1,0
P14923|EUKARYA|NO_SP|2,0
P00299|EUKARYA|NO_SP|0,0
Q8K4D7|EUKARYA|NO_SP|1,0
Q9T051|EUKARYA|NO_SP|2,0
P53350|EUKARYA|NO_SP|0,0
Q9UL42|EUKARYA|NO_SP|2,0
Q00196|EUKARYA|NO_SP|2,0
P17208|EUKARYA|NO_SP|2,0
Q229Z6|EUKARYA|NO_SP|1,0
P36040|EUKARYA|NO_SP|1,0
Q09855|EUKARYA|NO_SP|2,0
O74783|EUKARYA|NO_SP|2,0
Q96QT6|EUKARYA|NO_SP|1,0
P87233|EUKARYA|NO_SP|1,0
O75151|EUKARYA|NO_SP|1,0
Q8WV24|EUKARYA|NO_SP|0,0
O75925|EUKARYA|NO_SP|2,0
Q9JM05|EUKARYA|NO_SP|2,0
Q9H611|EUKARYA|NO_SP|0,0
Q384Y0|EUKARYA|NO_SP|0,0
Q57YG0|EUKARYA|NO_SP|1,0
O74448|EUKARYA|NO_SP|1,0
Q8CGT6|EUKARYA|NO_SP|0,0
Q17850|EUKARYA|NO_SP|1,0
O00444|EUKARYA|NO_SP|0,0
P82612|EUKARYA|NO_SP|2,0
Q20085|EUKARYA|NO_SP|1,0
Q69VD5|EUKARYA|NO_SP|0,0
Q94IN5|EUKARYA|NO_SP|1,0
Q9LU21|EUKARYA|NO_SP|0,0
Q9SGH4|EUKARYA|NO_SP|0,0
Q500W4|EUKARYA|NO_SP|2,0
Q9NYY3|EUKARYA|NO_SP|1,0
Q12008|EUKARYA|NO_SP|2,0
P37932|EUKARYA|NO_SP|1,0
Q8MXI4|EUKARYA|NO_SP|1,0
Q03760|EUKARYA|NO_SP|1,0
P54278|EUKARYA|NO_SP|2,0
P36069|EUKARYA|NO_SP|1,0
O74739|EUKARYA|NO_SP|1,0
Q9NPJ4|EUKARYA|NO_SP|1,0
P31361|EUKARYA|NO_SP|0,0
O14235|EUKARYA|NO_SP|1,0
Q9W123|EUKARYA|NO_SP|1,0
Q10666|EUKARYA|NO_SP|2,0
P53833|EUKARYA|NO_SP|0,0
Q9NUX5|EUKARYA|NO_SP|1,0
O13852|EUKARYA|NO_SP|1,0
P36874|EUKARYA|NO_SP|0,0
Q07098|EUKARYA|NO_SP|0,0
P63330|EUKARYA|NO_SP|0,0
P34221|EUKARYA|NO_SP|1,0
Q8GWE0|EUKARYA|NO_SP|0,0
Q0WLC6|EUKARYA|NO_SP|2,0
P82715|EUKARYA|NO_SP|0,0
Q54SM3|EUKARYA|NO_SP|0,0
Q86YI8|EUKARYA|NO_SP|1,0
Q8BLG0|EUKARYA|NO_SP|1,0
Q9SQQ9|EUKARYA|NO_SP|2,0
Q8ST83|EUKARYA|NO_SP|1,0
Q6Z156|EUKARYA|NO_SP|0,0
Q9SB00|EUKARYA|NO_SP|1,0
P14713|EUKARYA|NO_SP|0,0
Q3U6Q4|EUKARYA|NO_SP|2,0
Q8N2W9|EUKARYA|NO_SP|2,0
Q84LH8|EUKARYA|NO_SP|1,0
Q3KNI6|EUKARYA|NO_SP|2,0
Q42539|EUKARYA|NO_SP|2,0
A4L691|EUKARYA|NO_SP|2,0
Q941F1|EUKARYA|NO_SP|0,0
P26956|EUKARYA|NO_SP|0,0
Q5YGP7|EUKARYA|NO_SP|1,0
Q06494|EUKARYA|NO_SP|2,0
Q61233|EUKARYA|NO_SP|2,0
Q8TC44|EUKARYA|NO_SP|2,0
O94334|EUKARYA|NO_SP|1,0
Q9P7T7|EUKARYA|NO_SP|2,0
O74531|EUKARYA|NO_SP|2,0
Q45GQ7|EUKARYA|NO_SP|1,0
Q9JJT9|EUKARYA|NO_SP|0,0
Q5XIH7|EUKARYA|NO_SP|0,0
P78364|EUKARYA|NO_SP|0,0
Q5T6S3|EUKARYA|NO_SP|0,0
Q9BUL5|EUKARYA|NO_SP|1,0
P59644|EUKARYA|NO_SP|0,0
Q8UVX0|EUKARYA|NO_SP|0,0
Q9JMB7|EUKARYA|NO_SP|0,0
P48736|EUKARYA|NO_SP|2,0
Q6IQ23|EUKARYA|NO_SP|0,0
Q6P5Z2|EUKARYA|NO_SP|0,0
Q93Z53|EUKARYA|NO_SP|0,0
Q3EBR6|EUKARYA|NO_SP|0,0
Q99JE6|EUKARYA|NO_SP|1,0
Q944C1|EUKARYA|NO_SP|1,0
Q8K394|EUKARYA|NO_SP|0,0
Q9T052|EUKARYA|NO_SP|2,0
O44514|EUKARYA|NO_SP|1,0
Q9UTG1|EUKARYA|NO_SP|1,0
Q94A57|EUKARYA|NO_SP|2,0
Q9Y5J5|EUKARYA|NO_SP|0,0
Q19541|EUKARYA|NO_SP|1,0
Q9UUA2|EUKARYA|NO_SP|2,0
Q8W2F3|EUKARYA|NO_SP|1,0
Q57VU6|EUKARYA|NO_SP|0,0
P28069|EUKARYA|NO_SP|1,0
P42338|EUKARYA|NO_SP|1,0
Q8C115|EUKARYA|NO_SP|2,0
Q9C8J6|EUKARYA|NO_SP|0,0
O23181|EUKARYA|NO_SP|1,0
Q3ZBF9|EUKARYA|NO_SP|0,0
P13796|EUKARYA|NO_SP|2,0
Q9C9N6|EUKARYA|NO_SP|1,0
Q9USS0|EUKARYA|NO_SP|1,0
Q04636|EUKARYA|NO_SP|1,0
Q9UTA4|EUKARYA|NO_SP|2,0
Q96QC0|EUKARYA|NO_SP|2,0
P62714|EUKARYA|NO_SP|0,0
Q9M065|EUKARYA|NO_SP|2,0
P32345|EUKARYA|NO_SP|0,0
Q9UPN7|EUKARYA|NO_SP|1,0
Q10492|EUKARYA|NO_SP|1,0
Q63262|EUKARYA|NO_SP|0,0
Q05778|EUKARYA|NO_SP|2,0
Q9P7W4|EUKARYA|NO_SP|1,0
P52304|EUKARYA|NO_SP|0,0
P53218|EUKARYA|NO_SP|1,0
Q9LK57|EUKARYA|NO_SP|2,0
O04951|EUKARYA|NO_SP|0,0
G5EGK8|EUKARYA|NO_SP|0,0
O14189|EUKARYA|NO_SP|2,0
Q0WMY5|EUKARYA|NO_SP|0,0
Q9FJW6|EUKARYA|NO_SP|1,0
Q9Y0B7|EUKARYA|NO_SP|0,0
Q10218|EUKARYA|NO_SP|1,0
Q13356|EUKARYA|NO_SP|1,0
O42910|EUKARYA|NO_SP|1,0
Q10124|EUKARYA|NO_SP|0,0
Q8ND90|EUKARYA|NO_SP|2,0
O14044|EUKARYA|NO_SP|1,0
Q9XI73|EUKARYA|NO_SP|1,0
Q63934|EUKARYA|NO_SP|0,0
P20263|EUKARYA|NO_SP|0,0
Q8BHD1|EUKARYA|NO_SP|2,0
Q12245|EUKARYA|NO_SP|1,0
P25576|EUKARYA|NO_SP|2,0
O13795|EUKARYA|NO_SP|1,0
Q04049|EUKARYA|NO_SP|1,0
Q9FIF7|EUKARYA|NO_SP|1,0
Q86AS5|EUKARYA|NO_SP|1,0
Q08752|EUKARYA|NO_SP|0,0
O43586|EUKARYA|NO_SP|1,0
O59697|EUKARYA|NO_SP|1,0
Q9UTH3|EUKARYA|NO_SP|0,0
P36993|EUKARYA|NO_SP|1,0
O94451|EUKARYA|NO_SP|2,0
P41247|EUKARYA|NO_SP|0,0
O94521|EUKARYA|NO_SP|2,0
Q8H0W1|EUKARYA|NO_SP|1,0
P00950|EUKARYA|NO_SP|2,0
Q8TF01|EUKARYA|NO_SP|1,0
Q9NRX1|EUKARYA|NO_SP|0,0
Q6NQ99|EUKARYA|NO_SP|2,0
P32598|EUKARYA|NO_SP|0,0
Q8VYR5|EUKARYA|NO_SP|0,0
Q9P7X5|EUKARYA|NO_SP|1,0
Q6NWY9|EUKARYA|NO_SP|0,0
Q868H8|EUKARYA|NO_SP|1,0
Q9NQX1|EUKARYA|NO_SP|1,0
Q9CA64|EUKARYA|NO_SP|0,0
Q9V579|EUKARYA|NO_SP|2,0
P40999|EUKARYA|NO_SP|1,0
O13351|EUKARYA|NO_SP|0,0
P53184|EUKARYA|NO_SP|1,0
Q9Y253|EUKARYA|NO_SP|1,0
Q9UBT6|EUKARYA|NO_SP|1,0
P28005|EUKARYA|NO_SP|1,0
O94251|EUKARYA|NO_SP|1,0
P38291|EUKARYA|NO_SP|2,0
P38797|EUKARYA|NO_SP|0,0
P40164|EUKARYA|NO_SP|2,0
O14047|EUKARYA|NO_SP|0,0
Q8TFG6|EUKARYA|NO_SP|1,0
Q9VAF7|EUKARYA|NO_SP|1,0
Q96KF2|EUKARYA|NO_SP|2,0
P57071|EUKARYA|NO_SP|2,0
O23277|EUKARYA|NO_SP|1,0
O75626|EUKARYA|NO_SP|2,0
P35705|EUKARYA|NO_SP|0,0
Q8GW32|EUKARYA|NO_SP|0,0
O74761|EUKARYA|NO_SP|2,0
A5A3E0|EUKARYA|NO_SP|1,0
P67775|EUKARYA|NO_SP|0,0
O75170|EUKARYA|NO_SP|1,0
O23404|EUKARYA|NO_SP|1,0
O23512|EUKARYA|NO_SP|1,0
P82538|EUKARYA|NO_SP|0,0
Q8BU27|EUKARYA|NO_SP|1,0
F4JP52|EUKARYA|NO_SP|2,0
Q9XW16|EUKARYA|NO_SP|2,0
P35081|EUKARYA|NO_SP|1,0
F4IE66|EUKARYA|NO_SP|1,0
Q7JVL3|EUKARYA|NO_SP|2,0
Q03776|EUKARYA|NO_SP|1,0
P25786|EUKARYA|NO_SP|0,0
P21243|EUKARYA|NO_SP|0,0
Q4J6C6|EUKARYA|NO_SP|1,0
Q8NEY8|EUKARYA|NO_SP|1,0
Q9UUE4|EUKARYA|NO_SP|0,0
P97814|EUKARYA|NO_SP|1,0
Q9USS2|EUKARYA|NO_SP|2,0
O94324|EUKARYA|NO_SP|1,0
O75688|EUKARYA|NO_SP|1,0
Q8N3J5|EUKARYA|NO_SP|0,0
O24164|EUKARYA|NO_SP|0,0
Q9LTX3|EUKARYA|NO_SP|0,0
Q9NES8|EUKARYA|NO_SP|0,0
Q60676|EUKARYA|NO_SP|0,0
O00743|EUKARYA|NO_SP|0,0
Q10451|EUKARYA|NO_SP|1,0
Q9USP3|EUKARYA|NO_SP|1,0
P53043|EUKARYA|NO_SP|0,0
Q60636|EUKARYA|NO_SP|2,0
O43071|EUKARYA|NO_SP|2,0
O42643|EUKARYA|NO_SP|0,0
Q8LB54|EUKARYA|NO_SP|2,0
P28004|EUKARYA|NO_SP|1,0
P33334|EUKARYA|NO_SP|0,0
Q6C354|EUKARYA|NO_SP|1,0
P46471|EUKARYA|NO_SP|1,0
P40303|EUKARYA|NO_SP|0,0
Q9UT97|EUKARYA|NO_SP|0,0
Q10447|EUKARYA|NO_SP|1,0
Q9UU87|EUKARYA|NO_SP|2,0
P35813|EUKARYA|NO_SP|1,0
P40012|EUKARYA|NO_SP|0,0
Q9LNG5|EUKARYA|NO_SP|1,0
O14275|EUKARYA|NO_SP|1,0
Q8BZ97|EUKARYA|NO_SP|2,0
Q5A961|EUKARYA|NO_SP|2,0
Q12381|EUKARYA|NO_SP|0,0
P23394|EUKARYA|NO_SP|1,0
Q8RXN6|EUKARYA|NO_SP|1,0
P33203|EUKARYA|NO_SP|1,0
Q12417|EUKARYA|NO_SP|2,0
Q99PV0|EUKARYA|NO_SP|1,0
Q8WUY3|EUKARYA|NO_SP|2,0
P41812|EUKARYA|NO_SP|2,0
O74450|EUKARYA|NO_SP|1,0
Q9UT98|EUKARYA|NO_SP|2,0
O18734|EUKARYA|NO_SP|0,0
Q9M1V3|EUKARYA|NO_SP|1,0
Q9XW79|EUKARYA|NO_SP|0,0
Q9VFS5|EUKARYA|NO_SP|1,0
Q9NPH0|EUKARYA|NO_SP|2,0
P37238|EUKARYA|NO_SP|1,0
Q6AVA8|EUKARYA|NO_SP|0,0
O55035|EUKARYA|NO_SP|0,0
Q9URY1|EUKARYA|NO_SP|0,0
O60145|EUKARYA|NO_SP|2,0
O94368|EUKARYA|NO_SP|1,0
Q9DAD6|EUKARYA|NO_SP|1,0
O94406|EUKARYA|NO_SP|2,0
Q9UMS4|EUKARYA|NO_SP|2,0
Q9UUD2|EUKARYA|NO_SP|2,0
O22212|EUKARYA|NO_SP|0,0
Q96HE9|EUKARYA|NO_SP|1,0
P50528|EUKARYA|NO_SP|1,0
Q6NPL9|EUKARYA|NO_SP|2,0
Q12837|EUKARYA|NO_SP|0,0
A7Y7W2|EUKARYA|NO_SP|0,0
Q8NA72|EUKARYA|NO_SP|0,0
O60053|EUKARYA|NO_SP|1,0
P87053|EUKARYA|NO_SP|2,0
P53808|EUKARYA|NO_SP|2,0
P36614|EUKARYA|NO_SP|0,0
Q9FN02|EUKARYA|NO_SP|1,0
O60142|EUKARYA|NO_SP|1,0
Q9LG23|EUKARYA|NO_SP|2,0
P78968|EUKARYA|NO_SP|2,0
Q91VJ5|EUKARYA|NO_SP|1,0
O55103|EUKARYA|NO_SP|0,0
P29617|EUKARYA|NO_SP|0,0
P48437|EUKARYA|NO_SP|1,0
F4K2E9|EUKARYA|NO_SP|2,0
O60508|EUKARYA|NO_SP|0,0
Q496M5|EUKARYA|NO_SP|1,0
Q9C8E6|EUKARYA|NO_SP|1,0
O13911|EUKARYA|NO_SP|1,0
Q96T60|EUKARYA|NO_SP|0,0
P00491|EUKARYA|NO_SP|1,0
O74381|EUKARYA|NO_SP|1,0
P87060|EUKARYA|NO_SP|2,0
Q8LK93|EUKARYA|NO_SP|2,0
P23204|EUKARYA|NO_SP|2,0
Q9LXX5|EUKARYA|NO_SP|2,0
Q9Y7J6|EUKARYA|NO_SP|1,0
Q9BXM0|EUKARYA|NO_SP|0,0
Q94EY1|EUKARYA|NO_SP|1,0
P48634|EUKARYA|NO_SP|1,0
Q9NQV8|EUKARYA|NO_SP|2,0
Q9GLW0|EUKARYA|NO_SP|0,0
Q96MT3|EUKARYA|NO_SP|1,0
P20095|EUKARYA|NO_SP|2,0
P39008|EUKARYA|NO_SP|1,0
P38208|EUKARYA|NO_SP|1,0
P62597|EUKARYA|NO_SP|1,0
Q9S7Q2|EUKARYA|NO_SP|1,0
Q9BZL4|EUKARYA|NO_SP|0,0
O82380|EUKARYA|NO_SP|2,0
Q8BXN7|EUKARYA|NO_SP|0,0
Q3UTQ7|EUKARYA|NO_SP|1,0
Q9H4Q4|EUKARYA|NO_SP|2,0
Q13029|EUKARYA|NO_SP|2,0
Q3UZD5|EUKARYA|NO_SP|0,0
Q06830|EUKARYA|NO_SP|2,0
Q9Y255|EUKARYA|NO_SP|2,0
Q09856|EUKARYA|NO_SP|1,0
O43172|EUKARYA|NO_SP|2,0
Q66GI4|EUKARYA|NO_SP|1,0
O14021|EUKARYA|NO_SP|1,0
O94517|EUKARYA|NO_SP|0,0
Q09682|EUKARYA|NO_SP|0,0
P30186|EUKARYA|NO_SP|0,0
Q9Y7T8|EUKARYA|NO_SP|1,0
Q7ZT46|EUKARYA|NO_SP|1,0
O61742|EUKARYA|NO_SP|2,0
O75127|EUKARYA|NO_SP|0,0
O60127|EUKARYA|NO_SP|2,0
Q61152|EUKARYA|NO_SP|2,0
P40048|EUKARYA|NO_SP|2,0
P25787|EUKARYA|NO_SP|0,0
P12353|EUKARYA|NO_SP|0,0
Q41932|EUKARYA|NO_SP|0,0
Q12488|EUKARYA|NO_SP|0,0
O94329|EUKARYA|NO_SP|1,0
Q12161|EUKARYA|NO_SP|0,0
P50109|EUKARYA|NO_SP|1,0
O13919|EUKARYA|NO_SP|1,0
Q12318|EUKARYA|NO_SP|2,0
P10355|EUKARYA|NO_SP|2,0
P41903|EUKARYA|NO_SP|0,0
G5EE01|EUKARYA|NO_SP|1,0
Q8BGC4|EUKARYA|NO_SP|1,0
P35831|EUKARYA|NO_SP|2,0
P29352|EUKARYA|NO_SP|2,0
Q61074|EUKARYA|NO_SP|1,0
Q9NQV5|EUKARYA|NO_SP|1,0
F4J264|EUKARYA|NO_SP|1,0
Q86YN6|EUKARYA|NO_SP|0,0
Q9ZW82|EUKARYA|NO_SP|2,0
Q9XFT3|EUKARYA|NO_SP|0,0
O42979|EUKARYA|NO_SP|2,0
Q55FB8|EUKARYA|NO_SP|2,0
P37272|EUKARYA|NO_SP|2,0
Q02771|EUKARYA|NO_SP|2,0
F4IHY7|EUKARYA|NO_SP|1,0
Q96EY7|EUKARYA|NO_SP|0,0
O13945|EUKARYA|NO_SP|0,0
P49443|EUKARYA|NO_SP|1,0
P56602|EUKARYA|NO_SP|0,0
Q9SY69|EUKARYA|NO_SP|1,0
P48528|EUKARYA|NO_SP|0,0
Q96S44|EUKARYA|NO_SP|0,0
O88685|EUKARYA|NO_SP|2,0
Q8VWK0|EUKARYA|NO_SP|2,0
Q11011|EUKARYA|NO_SP|0,0
Q9SIV2|EUKARYA|NO_SP|0,0
P40359|EUKARYA|NO_SP|1,0
O75475|EUKARYA|NO_SP|2,0
P61289|EUKARYA|NO_SP|2,0
Q54VB6|EUKARYA|NO_SP|0,0
M0RCP6|EUKARYA|NO_SP|1,0
Q6C793|EUKARYA|NO_SP|0,0
P28708|EUKARYA|NO_SP|2,0
P30655|EUKARYA|NO_SP|2,0
O75832|EUKARYA|NO_SP|2,0
Q6NKX1|EUKARYA|NO_SP|2,0
Q00723|EUKARYA|NO_SP|2,0
E9PYL2|EUKARYA|NO_SP|0,0
P33299|EUKARYA|NO_SP|1,0
Q10329|EUKARYA|NO_SP|0,0
Q9QUM9|EUKARYA|NO_SP|0,0
Q09841|EUKARYA|NO_SP|1,0
Q09720|EUKARYA|NO_SP|1,0
Q4G338|EUKARYA|NO_SP|0,0
O94647|EUKARYA|NO_SP|1,0
Q09792|EUKARYA|NO_SP|1,0
P53041|EUKARYA|NO_SP|0,0
P0C7R1|EUKARYA|NO_SP|2,0
O94615|EUKARYA|NO_SP|0,0
Q6NZN1|EUKARYA|NO_SP|0,0
P48529|EUKARYA|NO_SP|0,0
O60828|EUKARYA|NO_SP|1,0
C7IVR4|EUKARYA|NO_SP|1,0
Q94BR4|EUKARYA|NO_SP|2,0
O43663|EUKARYA|NO_SP|2,0
O60155|EUKARYA|NO_SP|1,0
Q9FIB6|EUKARYA|NO_SP|2,0
O94579|EUKARYA|NO_SP|0,0
P28066|EUKARYA|NO_SP|0,0
O14250|EUKARYA|NO_SP|0,0
P40506|EUKARYA|NO_SP|1,0
Q09928|EUKARYA|NO_SP|1,0
Q9P6P3|EUKARYA|NO_SP|1,0
O74815|EUKARYA|NO_SP|2,0
O94487|EUKARYA|NO_SP|1,0
Q8TCE9|EUKARYA|NO_SP|2,0
Q0WQW5|EUKARYA|NO_SP|1,0
Q5VV67|EUKARYA|NO_SP|0,0
Q99MW3|EUKARYA|NO_SP|1,0
Q91836|EUKARYA|NO_SP|2,0
P21372|EUKARYA|NO_SP|1,0
Q9NZ81|EUKARYA|NO_SP|0,0
P23321|EUKARYA|NO_SP|0,0
Q06244|EUKARYA|NO_SP|1,0
O49686|EUKARYA|NO_SP|0,0
Q9VUL1|EUKARYA|NO_SP|1,0
P07257|EUKARYA|NO_SP|1,0
Q9SUU5|EUKARYA|NO_SP|1,0
Q32NN2|EUKARYA|NO_SP|1,0
Q91XU1|EUKARYA|NO_SP|1,0
O74489|EUKARYA|NO_SP|2,0
Q9AYU1|EUKARYA|NO_SP|2,0
Q8C551|EUKARYA|NO_SP|2,0
Q9V8W3|EUKARYA|NO_SP|2,0
Q06665|EUKARYA|NO_SP|0,0
Q96PK6|EUKARYA|NO_SP|0,0
Q5SFM8|EUKARYA|NO_SP|0,0
Q9STF2|EUKARYA|NO_SP|2,0
Q8R3K3|EUKARYA|NO_SP|1,0
P81718|EUKARYA|NO_SP|0,0
Q8BUM3|EUKARYA|NO_SP|1,0
O94462|EUKARYA|NO_SP|2,0
Q9M8D3|EUKARYA|NO_SP|0,0
F4JP46|EUKARYA|NO_SP|2,0
O94396|EUKARYA|NO_SP|2,0
Q6ZY51|EUKARYA|NO_SP|2,0
O94710|EUKARYA|NO_SP|2,0
Q94JZ8|EUKARYA|NO_SP|1,0
Q15269|EUKARYA|NO_SP|2,0
Q9URX9|EUKARYA|NO_SP|2,0
Q8K459|EUKARYA|NO_SP|1,0
O14096|EUKARYA|NO_SP|0,0
Q9ULC3|EUKARYA|NO_SP|0,0
Q3YEC7|EUKARYA|NO_SP|1,0
Q9SSX0|EUKARYA|NO_SP|0,0
O76460|EUKARYA|NO_SP|0,0
P18911|EUKARYA|NO_SP|0,0
Q86WH2|EUKARYA|NO_SP|1,0
O43374|EUKARYA|NO_SP|1,0
O43088|EUKARYA|NO_SP|2,0
P07256|EUKARYA|NO_SP|0,0
Q08257|EUKARYA|NO_SP|2,0
Q3E7K4|EUKARYA|NO_SP|1,0
P82411|EUKARYA|NO_SP|1,0
O74832|EUKARYA|NO_SP|1,0
Q8VZV9|EUKARYA|NO_SP|1,0
O08586|EUKARYA|NO_SP|1,0
Q9LK22|EUKARYA|NO_SP|2,0
Q9HGP0|EUKARYA|NO_SP|2,0
P53335|EUKARYA|NO_SP|2,0
P82804|EUKARYA|NO_SP|0,0
Q9LDD5|EUKARYA|NO_SP|1,0
Q9SSA8|EUKARYA|NO_SP|1,0
P26659|EUKARYA|NO_SP|2,0
Q99359|EUKARYA|NO_SP|1,0
P24386|EUKARYA|NO_SP|2,0
O80920|EUKARYA|NO_SP|1,0
P00127|EUKARYA|NO_SP|0,0
P10536|EUKARYA|NO_SP|0,0
O74387|EUKARYA|NO_SP|1,0
Q8H1D6|EUKARYA|NO_SP|0,0
O48533|EUKARYA|NO_SP|1,0
P43122|EUKARYA|NO_SP|2,0
Q8BQP9|EUKARYA|NO_SP|2,0
Q38937|EUKARYA|NO_SP|0,0
O60216|EUKARYA|NO_SP|1,0
Q09683|EUKARYA|NO_SP|1,0
P22216|EUKARYA|NO_SP|2,0
Q99N57|EUKARYA|NO_SP|1,0
Q96TL7|EUKARYA|NO_SP|1,0
P20936|EUKARYA|NO_SP|0,0
Q5E915|EUKARYA|NO_SP|2,0
O03042|EUKARYA|NO_SP|1,0
Q18919|EUKARYA|NO_SP|0,0
P38086|EUKARYA|NO_SP|1,0
Q9C7E7|EUKARYA|NO_SP|0,0
Q6DUB4|EUKARYA|NO_SP|0,0
O75943|EUKARYA|NO_SP|0,0
P36632|EUKARYA|NO_SP|2,0
Q9W252|EUKARYA|NO_SP|2,0
P15919|EUKARYA|NO_SP|1,0
Q02833|EUKARYA|NO_SP|1,0
P01116|EUKARYA|NO_SP|0,0
Q7TPD6|EUKARYA|NO_SP|0,0
P69735|EUKARYA|NO_SP|1,0
Q9NYW8|EUKARYA|NO_SP|0,0
Q8TDY2|EUKARYA|NO_SP|1,0
Q94AU9|EUKARYA|NO_SP|1,0
Q24472|EUKARYA|NO_SP|1,0
Q9LIS2|EUKARYA|NO_SP|0,0
Q3V089|EUKARYA|NO_SP|1,0
Q9XSR3|EUKARYA|NO_SP|0,0
P38159|EUKARYA|NO_SP|0,0
Q9LKX9|EUKARYA|NO_SP|1,0
P35290|EUKARYA|NO_SP|0,0
Q38942|EUKARYA|NO_SP|0,0
P26374|EUKARYA|NO_SP|2,0
Q9LE82|EUKARYA|NO_SP|2,0
Q04418|EUKARYA|NO_SP|2,0
Q8IUH3|EUKARYA|NO_SP|0,0
P10795|EUKARYA|NO_SP|1,0
Q08273|EUKARYA|NO_SP|1,0
Q4VGL6|EUKARYA|NO_SP|0,0
Q8RY59|EUKARYA|NO_SP|2,0
A2AU37|EUKARYA|NO_SP|1,0
P38344|EUKARYA|NO_SP|1,0
Q9XIB5|EUKARYA|NO_SP|1,0
Q9P2R6|EUKARYA|NO_SP|0,0
O94623|EUKARYA|NO_SP|1,0
Q9VUN3|EUKARYA|NO_SP|0,0
O17915|EUKARYA|NO_SP|0,0
P62827|EUKARYA|NO_SP|0,0
P62836|EUKARYA|NO_SP|0,0
Q9Y5S9|EUKARYA|NO_SP|2,0
Q18211|EUKARYA|NO_SP|1,0
Q8NG50|EUKARYA|NO_SP|1,0
F4JW79|EUKARYA|NO_SP|2,0
Q9SG02|EUKARYA|NO_SP|1,0
P19541|EUKARYA|NO_SP|1,0
P21651|EUKARYA|NO_SP|2,0
Q8C5S7|EUKARYA|NO_SP|0,0
O94761|EUKARYA|NO_SP|0,0
Q84J39|EUKARYA|NO_SP|1,0
Q9HAU5|EUKARYA|NO_SP|2,0
P03872|EUKARYA|NO_SP|2,0
Q10164|EUKARYA|NO_SP|1,0
Q09697|EUKARYA|NO_SP|2,0
Q9Y7U6|EUKARYA|NO_SP|2,0
O14106|EUKARYA|NO_SP|1,0
P81128|EUKARYA|NO_SP|1,0
Q969Q5|EUKARYA|NO_SP|0,0
P50531|EUKARYA|NO_SP|2,0
O60671|EUKARYA|NO_SP|1,0
P30776|EUKARYA|NO_SP|1,0
Q04231|EUKARYA|NO_SP|2,0
P36607|EUKARYA|NO_SP|1,0
Q9BTL3|EUKARYA|NO_SP|1,0
Q9VPH8|EUKARYA|NO_SP|2,0
O75884|EUKARYA|NO_SP|1,0
P39729|EUKARYA|NO_SP|2,0
P53295|EUKARYA|NO_SP|2,0
Q6XE24|EUKARYA|NO_SP|1,0
O60116|EUKARYA|NO_SP|1,0
Q08742|EUKARYA|NO_SP|2,0
O82504|EUKARYA|NO_SP|1,0
Q9VFP2|EUKARYA|NO_SP|1,0
Q6AYJ4|EUKARYA|NO_SP|0,0
P18754|EUKARYA|NO_SP|2,0
Q54XQ2|EUKARYA|NO_SP|0,0
P53972|EUKARYA|NO_SP|1,0
Q12044|EUKARYA|NO_SP|1,0
Q84L33|EUKARYA|NO_SP|0,0
P90897|EUKARYA|NO_SP|0,0
Q10215|EUKARYA|NO_SP|2,0
Q9UUJ4|EUKARYA|NO_SP|1,0
P36626|EUKARYA|NO_SP|1,0
P52572|EUKARYA|NO_SP|2,0
P53331|EUKARYA|NO_SP|1,0
Q08237|EUKARYA|NO_SP|1,0
Q9UGC7|EUKARYA|NO_SP|0,0
Q9C587|EUKARYA|NO_SP|2,0
Q9UTR5|EUKARYA|NO_SP|0,0
O23523|EUKARYA|NO_SP|2,0
Q08116|EUKARYA|NO_SP|1,0
O15539|EUKARYA|NO_SP|1,0
P49758|EUKARYA|NO_SP|1,0
P49804|EUKARYA|NO_SP|1,0
Q8L7S8|EUKARYA|NO_SP|0,0
Q9ZT50|EUKARYA|NO_SP|0,0
Q8K586|EUKARYA|NO_SP|0,0
Q70E73|EUKARYA|NO_SP|1,0
Q8VZE7|EUKARYA|NO_SP|1,0
A6NK89|EUKARYA|NO_SP|1,0
Q96T37|EUKARYA|NO_SP|0,0
Q925G0|EUKARYA|NO_SP|0,0
Q6AXT7|EUKARYA|NO_SP|0,0
Q6INH0|EUKARYA|NO_SP|1,0
Q54RR8|EUKARYA|NO_SP|1,0
Q12305|EUKARYA|NO_SP|2,0
Q9LUJ3|EUKARYA|NO_SP|1,0
O14227|EUKARYA|NO_SP|1,0
Q9SNB6|EUKARYA|NO_SP|2,0
O18973|EUKARYA|NO_SP|1,0
Q64012|EUKARYA|NO_SP|1,0
Q84MH1|EUKARYA|NO_SP|0,0
Q15291|EUKARYA|NO_SP|2,0
Q9C909|EUKARYA|NO_SP|0,0
Q9Y4C8|EUKARYA|NO_SP|2,0
Q9LEB4|EUKARYA|NO_SP|0,0
P25332|EUKARYA|NO_SP|1,0
Q9JKY0|EUKARYA|NO_SP|2,0
O13862|EUKARYA|NO_SP|1,0
Q06835|EUKARYA|NO_SP|1,0
P46063|EUKARYA|NO_SP|1,0
Q86YV0|EUKARYA|NO_SP|1,0
Q15042|EUKARYA|NO_SP|1,0
P0C0E4|EUKARYA|NO_SP|0,0
P48810|EUKARYA|NO_SP|0,0
Q5ABZ2|EUKARYA|NO_SP|2,0
Q9SVM8|EUKARYA|NO_SP|0,0
Q03251|EUKARYA|NO_SP|0,0
Q9NTZ6|EUKARYA|NO_SP|1,0
Q9H0Z9|EUKARYA|NO_SP|0,0
H2QII6|EUKARYA|NO_SP|1,0
O93377|EUKARYA|NO_SP|1,0
Q93062|EUKARYA|NO_SP|0,0
O04005|EUKARYA|NO_SP|2,0
Q09820|EUKARYA|NO_SP|1,0
Q9FVW4|EUKARYA|NO_SP|2,0
P03871|EUKARYA|NO_SP|1,0
Q69IL4|EUKARYA|NO_SP|0,0
P68040|EUKARYA|NO_SP|0,0
P36617|EUKARYA|NO_SP|2,0
P10862|EUKARYA|NO_SP|0,0
Q92878|EUKARYA|NO_SP|2,0
Q9UTJ8|EUKARYA|NO_SP|2,0
Q96S59|EUKARYA|NO_SP|0,0
Q9LHS9|EUKARYA|NO_SP|1,0
Q6VN19|EUKARYA|NO_SP|0,0
Q02427|EUKARYA|NO_SP|0,0
P49792|EUKARYA|NO_SP|1,0
Q9LKZ3|EUKARYA|NO_SP|2,0
P25801|EUKARYA|NO_SP|1,0
P0DJD3|EUKARYA|NO_SP|0,0
P0C090|EUKARYA|NO_SP|0,0
P21827|EUKARYA|NO_SP|1,0
P38623|EUKARYA|NO_SP|1,0
Q59E36|EUKARYA|NO_SP|0,0
Q84L31|EUKARYA|NO_SP|0,0
Q09772|EUKARYA|NO_SP|1,0
P32841|EUKARYA|NO_SP|1,0
Q8H0P8|EUKARYA|NO_SP|1,0
P62877|EUKARYA|NO_SP|1,0
P06400|EUKARYA|NO_SP|0,0
P40893|EUKARYA|NO_SP|0,0
P38927|EUKARYA|NO_SP|2,0
P38234|EUKARYA|NO_SP|1,0
B2GV50|EUKARYA|NO_SP|0,0
F4IUX6|EUKARYA|NO_SP|2,0
Q6IP18|EUKARYA|NO_SP|0,0
O13826|EUKARYA|NO_SP|2,0
Q9Z205|EUKARYA|NO_SP|1,0
P40188|EUKARYA|NO_SP|1,0
Q9SS90|EUKARYA|NO_SP|0,0
Q9Z2H2|EUKARYA|NO_SP|1,0
Q0JM17|EUKARYA|NO_SP|2,0
P17081|EUKARYA|NO_SP|0,0
O74803|EUKARYA|NO_SP|0,0
P87241|EUKARYA|NO_SP|1,0
P50861|EUKARYA|NO_SP|1,0
Q9W358|EUKARYA|NO_SP|2,0
Q10426|EUKARYA|NO_SP|1,0
O42650|EUKARYA|NO_SP|1,0
P21524|EUKARYA|NO_SP|2,0
P0CJ62|EUKARYA|NO_SP|2,0
Q96A58|EUKARYA|NO_SP|0,0
Q9SE43|EUKARYA|NO_SP|1,0
O75570|EUKARYA|NO_SP|1,0
Q6K9U2|EUKARYA|NO_SP|0,0
P53034|EUKARYA|NO_SP|1,0
Q9C8Y3|EUKARYA|NO_SP|0,0
P49796|EUKARYA|NO_SP|1,0
Q5JK84|EUKARYA|NO_SP|2,0
Q8W4E1|EUKARYA|NO_SP|2,0
P79051|EUKARYA|NO_SP|1,0
P87074|EUKARYA|NO_SP|1,0
Q9SJ20|EUKARYA|NO_SP|2,0
P36603|EUKARYA|NO_SP|1,0
P21672|EUKARYA|NO_SP|2,0
P70425|EUKARYA|NO_SP|0,0
Q07844|EUKARYA|NO_SP|2,0
P27683|EUKARYA|NO_SP|0,0
Q9USX3|EUKARYA|NO_SP|1,0
P41917|EUKARYA|NO_SP|0,0
Q6EPW7|EUKARYA|NO_SP|1,0
Q9Y3P9|EUKARYA|NO_SP|2,0
O08674|EUKARYA|NO_SP|1,0
Q75JL2|EUKARYA|NO_SP|1,0
Q9BWE0|EUKARYA|NO_SP|0,0
Q9GZR2|EUKARYA|NO_SP|0,0
Q92546|EUKARYA|NO_SP|0,0
Q09777|EUKARYA|NO_SP|2,0
Q8NE09|EUKARYA|NO_SP|1,0
P41220|EUKARYA|NO_SP|1,0
P32862|EUKARYA|NO_SP|1,0
Q14CB8|EUKARYA|NO_SP|1,0
Q8GWP5|EUKARYA|NO_SP|0,0
F4I5N6|EUKARYA|NO_SP|2,0
Q0E7J8|EUKARYA|NO_SP|2,0
Q8GXW1|EUKARYA|NO_SP|0,0
Q9LY87|EUKARYA|NO_SP|0,0
Q6GYP7|EUKARYA|NO_SP|1,0
O14924|EUKARYA|NO_SP|0,0
G3UYX5|EUKARYA|NO_SP|1,0
P49802|EUKARYA|NO_SP|1,0
P62746|EUKARYA|NO_SP|0,0
Q9UR24|EUKARYA|NO_SP|2,0
Q8IUC4|EUKARYA|NO_SP|1,0
P47924|EUKARYA|NO_SP|0,0
F4IVV0|EUKARYA|NO_SP|2,0
Q9P7W5|EUKARYA|NO_SP|1,0
Q5EBL4|EUKARYA|NO_SP|0,0
Q96K30|EUKARYA|NO_SP|1,0
Q9VMD6|EUKARYA|NO_SP|2,0
Q9ZQ19|EUKARYA|NO_SP|0,0
Q8C7R7|EUKARYA|NO_SP|0,0
Q99666|EUKARYA|NO_SP|1,0
O43566|EUKARYA|NO_SP|0,0
Q56XG6|EUKARYA|NO_SP|2,0
Q8N392|EUKARYA|NO_SP|1,0
Q9SYM5|EUKARYA|NO_SP|2,0
Q8NHV9|EUKARYA|NO_SP|1,0
Q9P7M9|EUKARYA|NO_SP|2,0
Q9FN89|EUKARYA|NO_SP|1,0
Q9W704|EUKARYA|NO_SP|1,0
Q9LSD0|EUKARYA|NO_SP|1,0
Q9LE95|EUKARYA|NO_SP|0,0
P06509|EUKARYA|NO_SP|1,0
Q93VT9|EUKARYA|NO_SP|1,0
Q9FNR1|EUKARYA|NO_SP|0,0
Q5U1Z0|EUKARYA|NO_SP|2,0
Q6ZRY4|EUKARYA|NO_SP|0,0
Q05672|EUKARYA|NO_SP|1,0
Q9UBF6|EUKARYA|NO_SP|1,0
Q04779|EUKARYA|NO_SP|0,0
Q9UKL0|EUKARYA|NO_SP|0,0
O13796|EUKARYA|NO_SP|2,0
P39531|EUKARYA|NO_SP|1,0
Q7TNK1|EUKARYA|NO_SP|2,0
Q06108|EUKARYA|NO_SP|1,0
Q9Z2P4|EUKARYA|NO_SP|1,0
Q8RX26|EUKARYA|NO_SP|1,0
Q2PPJ7|EUKARYA|NO_SP|1,0
O43665|EUKARYA|NO_SP|2,0
Q99N37|EUKARYA|NO_SP|2,0
Q6TLK4|EUKARYA|NO_SP|1,0
O81242|EUKARYA|NO_SP|1,0
Q6NLQ7|EUKARYA|NO_SP|2,0
P42073|EUKARYA|NO_SP|1,0
Q06709|EUKARYA|NO_SP|1,0
Q12090|EUKARYA|NO_SP|2,0
Q9SKI4|EUKARYA|NO_SP|2,0
P27694|EUKARYA|NO_SP|2,0
O60182|EUKARYA|NO_SP|2,0
Q9CAQ8|EUKARYA|NO_SP|1,0
Q8CIN9|EUKARYA|NO_SP|0,0
Q7TS73|EUKARYA|NO_SP|0,0
P48381|EUKARYA|NO_SP|0,0
P38339|EUKARYA|NO_SP|2,0
O08774|EUKARYA|NO_SP|0,0
Q5ZMW5|EUKARYA|NO_SP|1,0
K7WIZ6|EUKARYA|NO_SP|0,0
Q96UP3|EUKARYA|NO_SP|0,0
Q9JJC6|EUKARYA|NO_SP|0,0
Q6VN20|EUKARYA|NO_SP|0,0
Q924W9|EUKARYA|NO_SP|1,0
Q8W4B1|EUKARYA|NO_SP|0,0
Q06738|EUKARYA|NO_SP|1,0
Q09094|EUKARYA|NO_SP|1,0
Q9C115|EUKARYA|NO_SP|1,0
Q12188|EUKARYA|NO_SP|2,0
O94762|EUKARYA|NO_SP|0,0
O59811|EUKARYA|NO_SP|1,0
Q9UUJ3|EUKARYA|NO_SP|2,0
Q75J96|EUKARYA|NO_SP|1,0
Q9BSD3|EUKARYA|NO_SP|1,0
Q94K75|EUKARYA|NO_SP|0,0
Q80ZG1|EUKARYA|NO_SP|2,0
Q6PR54|EUKARYA|NO_SP|2,0
O95153|EUKARYA|NO_SP|0,0
P04449|EUKARYA|NO_SP|1,0
Q8LBI1|EUKARYA|NO_SP|1,0
P05738|EUKARYA|NO_SP|1,0
P05744|EUKARYA|NO_SP|1,0
Q9UTI8|EUKARYA|NO_SP|1,0
O74801|EUKARYA|NO_SP|1,0
P05739|EUKARYA|NO_SP|2,0
P05318|EUKARYA|NO_SP|0,0
P87232|EUKARYA|NO_SP|1,0
Q9Y3B7|EUKARYA|NO_SP|0,0
Q7M0E7|EUKARYA|NO_SP|1,0
P38064|EUKARYA|NO_SP|1,0
P36528|EUKARYA|NO_SP|1,0
Q96A35|EUKARYA|NO_SP|2,0
Q58DV5|EUKARYA|NO_SP|2,0
P51402|EUKARYA|NO_SP|1,0
P51998|EUKARYA|NO_SP|2,0
Q12213|EUKARYA|NO_SP|2,0
P05319|EUKARYA|NO_SP|0,0
Q07915|EUKARYA|NO_SP|1,0
P12687|EUKARYA|NO_SP|0,0
P09001|EUKARYA|NO_SP|0,0
O94345|EUKARYA|NO_SP|0,0
Q02204|EUKARYA|NO_SP|2,0
Q9UTK2|EUKARYA|NO_SP|0,0
P0C2C1|EUKARYA|NO_SP|2,0
Q2HJF1|EUKARYA|NO_SP|0,0
P53140|EUKARYA|NO_SP|1,0
Q04599|EUKARYA|NO_SP|1,0
P36516|EUKARYA|NO_SP|0,0
Q12508|EUKARYA|NO_SP|1,0
Q925F4|EUKARYA|NO_SP|2,0
Q8W034|EUKARYA|NO_SP|0,0
Q6NQJ6|EUKARYA|NO_SP|0,0
P36159|EUKARYA|NO_SP|1,0
Q9SHL7|EUKARYA|NO_SP|0,0
Q9H9Y6|EUKARYA|NO_SP|0,0
P47006|EUKARYA|NO_SP|2,0
P46669|EUKARYA|NO_SP|1,0
P19388|EUKARYA|NO_SP|1,0
P20436|EUKARYA|NO_SP|1,0
P22139|EUKARYA|NO_SP|2,0
P05388|EUKARYA|NO_SP|1,0
P22353|EUKARYA|NO_SP|0,0
Q9UUJ5|EUKARYA|NO_SP|2,0
Q99N92|EUKARYA|NO_SP|0,0
Q3ZBF3|EUKARYA|NO_SP|0,0
Q9HD33|EUKARYA|NO_SP|0,0
P53724|EUKARYA|NO_SP|1,0
P40993|EUKARYA|NO_SP|1,0
Q9NVW2|EUKARYA|NO_SP|0,0
Q9H0A6|EUKARYA|NO_SP|2,0
Q8K202|EUKARYA|NO_SP|1,0
P30876|EUKARYA|NO_SP|1,0
Q9VEA5|EUKARYA|NO_SP|2,0
O74857|EUKARYA|NO_SP|2,0
O74883|EUKARYA|NO_SP|1,0
Q9M1J2|EUKARYA|NO_SP|1,0
P38805|EUKARYA|NO_SP|2,0
Q5T653|EUKARYA|NO_SP|0,0
Q9CQF0|EUKARYA|NO_SP|0,0
P52815|EUKARYA|NO_SP|0,0
Q9NRX2|EUKARYA|NO_SP|0,0
Q9H0U6|EUKARYA|NO_SP|0,0
P22354|EUKARYA|NO_SP|1,0
O74464|EUKARYA|NO_SP|1,0
P23369|EUKARYA|NO_SP|2,0
Q13084|EUKARYA|NO_SP|1,0
Q9H2W6|EUKARYA|NO_SP|0,0
P32388|EUKARYA|NO_SP|1,0
Q06090|EUKARYA|NO_SP|1,0
Q03441|EUKARYA|NO_SP|1,0
Q9NRR4|EUKARYA|NO_SP|0,0
P0CX27|EUKARYA|NO_SP|1,0
P40693|EUKARYA|NO_SP|1,0
Q9FFH1|EUKARYA|NO_SP|1,0
P31334|EUKARYA|NO_SP|1,0
P36521|EUKARYA|NO_SP|1,0
Q9BYD1|EUKARYA|NO_SP|2,0
Q2TBR2|EUKARYA|NO_SP|2,0
P0C2C0|EUKARYA|NO_SP|0,0
O60118|EUKARYA|NO_SP|2,0
Q9H9A7|EUKARYA|NO_SP|1,0
Q9P801|EUKARYA|NO_SP|2,0
Q9WTV7|EUKARYA|NO_SP|0,0
Q9UBS8|EUKARYA|NO_SP|2,0
Q969K3|EUKARYA|NO_SP|1,0
Q9P7W9|EUKARYA|NO_SP|1,0
P49167|EUKARYA|NO_SP|2,0
P05737|EUKARYA|NO_SP|2,0
P02400|EUKARYA|NO_SP|0,0
O60102|EUKARYA|NO_SP|1,0
P36519|EUKARYA|NO_SP|2,0
Q2YDI0|EUKARYA|NO_SP|0,0
P36531|EUKARYA|NO_SP|1,0
P19956|EUKARYA|NO_SP|1,0
P0C2B6|EUKARYA|NO_SP|0,0
Q6P161|EUKARYA|NO_SP|0,0
P34560|EUKARYA|NO_SP|1,0
P32611|EUKARYA|NO_SP|2,0
Q6ZNA4|EUKARYA|NO_SP|2,0
Q9CZW6|EUKARYA|NO_SP|1,0
Q63HN8|EUKARYA|NO_SP|1,0
Q924T7|EUKARYA|NO_SP|0,0
Q9Y252|EUKARYA|NO_SP|0,0
O74994|EUKARYA|NO_SP|0,0
P41056|EUKARYA|NO_SP|1,0
P87262|EUKARYA|NO_SP|2,0
P39023|EUKARYA|NO_SP|2,0
O14317|EUKARYA|NO_SP|0,0
Q9UHA3|EUKARYA|NO_SP|1,0
A6QPQ5|EUKARYA|NO_SP|2,0
Q9P6P6|EUKARYA|NO_SP|2,0
P53875|EUKARYA|NO_SP|0,0
Q8L9A0|EUKARYA|NO_SP|0,0
Q16540|EUKARYA|NO_SP|2,0
P35996|EUKARYA|NO_SP|2,0
P36534|EUKARYA|NO_SP|2,0
Q9UUC8|EUKARYA|NO_SP|1,0
Q1MTR2|EUKARYA|NO_SP|2,0
Q9H777|EUKARYA|NO_SP|1,0
P51449|EUKARYA|NO_SP|0,0
Q9SJQ6|EUKARYA|NO_SP|1,0
Q8CGM2|EUKARYA|NO_SP|0,0
A9LLI7|EUKARYA|NO_SP|0,0
Q9P7P1|EUKARYA|NO_SP|1,0
Q01080|EUKARYA|NO_SP|2,0
P40422|EUKARYA|NO_SP|2,0
P07703|EUKARYA|NO_SP|1,0
O42853|EUKARYA|NO_SP|1,0
O94285|EUKARYA|NO_SP|2,0
Q05468|EUKARYA|NO_SP|2,0
P82162|EUKARYA|NO_SP|0,0
P47910|EUKARYA|NO_SP|0,0
Q04712|EUKARYA|NO_SP|1,0
P56182|EUKARYA|NO_SP|1,0
F4J8K6|EUKARYA|NO_SP|0,0
Q05022|EUKARYA|NO_SP|2,0
Q05823|EUKARYA|NO_SP|0,0
Q7M3S9|EUKARYA|NO_SP|1,0
Q05635|EUKARYA|NO_SP|1,0
P51448|EUKARYA|NO_SP|0,0
Q0WVE8|EUKARYA|NO_SP|2,0
P32529|EUKARYA|NO_SP|1,0
Q76KJ5|EUKARYA|NO_SP|0,0
P16356|EUKARYA|NO_SP|2,0
O15514|EUKARYA|NO_SP|2,0
P62487|EUKARYA|NO_SP|1,0
P22276|EUKARYA|NO_SP|1,0
Q9ZU38|EUKARYA|NO_SP|1,0
Q1MTN7|EUKARYA|NO_SP|1,0
P69242|EUKARYA|NO_SP|1,0
Q9BUL9|EUKARYA|NO_SP|1,0
Q93VC7|EUKARYA|NO_SP|0,0
Q12532|EUKARYA|NO_SP|2,0
P28807|EUKARYA|NO_SP|1,0
P08242|EUKARYA|NO_SP|1,0
Q1JQ99|EUKARYA|NO_SP|1,0
Q0VC21|EUKARYA|NO_SP|0,0
Q9BYC9|EUKARYA|NO_SP|2,0
Q3SZX5|EUKARYA|NO_SP|0,0
Q8TCC3|EUKARYA|NO_SP|2,0
O75394|EUKARYA|NO_SP|2,0
O14341|EUKARYA|NO_SP|1,0
P36532|EUKARYA|NO_SP|2,0
O94292|EUKARYA|NO_SP|2,0
O74394|EUKARYA|NO_SP|2,0
Q05921|EUKARYA|NO_SP|0,0
O74919|EUKARYA|NO_SP|1,0
O94627|EUKARYA|NO_SP|1,0
Q09100|EUKARYA|NO_SP|1,0
Q9M811|EUKARYA|NO_SP|1,0
P45818|EUKARYA|NO_SP|1,0
P36160|EUKARYA|NO_SP|2,0
Q93Y94|EUKARYA|NO_SP|1,0
O24600|EUKARYA|NO_SP|0,0
P82163|EUKARYA|NO_SP|2,0
P06507|EUKARYA|NO_SP|1,0
P06508|EUKARYA|NO_SP|1,0
Q9ST69|EUKARYA|NO_SP|0,0
P40992|EUKARYA|NO_SP|1,0
Q14684|EUKARYA|NO_SP|1,0
Q7YZH1|EUKARYA|NO_SP|0,0
Q8L633|EUKARYA|NO_SP|1,0
Q8R1B8|EUKARYA|NO_SP|0,0
Q9SE42|EUKARYA|NO_SP|0,0
P60315|EUKARYA|NO_SP|1,0
Q9XGM3|EUKARYA|NO_SP|0,0
Q9M3I4|EUKARYA|NO_SP|2,0
P13788|EUKARYA|NO_SP|1,0
P82278|EUKARYA|NO_SP|0,0
P27864|EUKARYA|NO_SP|1,0
Q96EU6|EUKARYA|NO_SP|0,0
Q08285|EUKARYA|NO_SP|1,0
O42872|EUKARYA|NO_SP|0,0
P38961|EUKARYA|NO_SP|0,0
Q08746|EUKARYA|NO_SP|2,0
P46784|EUKARYA|NO_SP|2,0
Q62191|EUKARYA|NO_SP|0,0
P35398|EUKARYA|NO_SP|0,0
P51450|EUKARYA|NO_SP|0,0
A9LLI8|EUKARYA|NO_SP|1,0
P15398|EUKARYA|NO_SP|2,0
O15446|EUKARYA|NO_SP|0,0
P24928|EUKARYA|NO_SP|2,0
O81098|EUKARYA|NO_SP|1,0
Q9UUG1|EUKARYA|NO_SP|2,0
Q8L6J1|EUKARYA|NO_SP|1,0
Q9H633|EUKARYA|NO_SP|2,0
P40571|EUKARYA|NO_SP|1,0
O14279|EUKARYA|NO_SP|2,0
Q92766|EUKARYA|NO_SP|1,0
Q9BYD3|EUKARYA|NO_SP|0,0
P36520|EUKARYA|NO_SP|2,0
Q7YR75|EUKARYA|NO_SP|0,0
Q3T0L3|EUKARYA|NO_SP|0,0
O94398|EUKARYA|NO_SP|2,0
Q2TBS2|EUKARYA|NO_SP|0,0
P36525|EUKARYA|NO_SP|1,0
P36526|EUKARYA|NO_SP|1,0
P36527|EUKARYA|NO_SP|1,0
Q2TBI6|EUKARYA|NO_SP|0,0
Q9BYC8|EUKARYA|NO_SP|0,0
Q06678|EUKARYA|NO_SP|1,0
P0C2B9|EUKARYA|NO_SP|0,0
Q86TS9|EUKARYA|NO_SP|0,0
Q96E14|EUKARYA|NO_SP|0,0
Q03305|EUKARYA|NO_SP|1,0
Q99ML9|EUKARYA|NO_SP|2,0
Q9Y508|EUKARYA|NO_SP|0,0
Q5XPI4|EUKARYA|NO_SP|2,0
A6YSL1|EUKARYA|NO_SP|0,0
O94941|EUKARYA|NO_SP|2,0
P25367|EUKARYA|NO_SP|1,0
Q8LGU7|EUKARYA|NO_SP|1,0
P87168|EUKARYA|NO_SP|2,0
P09651|EUKARYA|NO_SP|0,0
Q99729|EUKARYA|NO_SP|0,0
P92199|EUKARYA|NO_SP|1,0
Q9C106|EUKARYA|NO_SP|1,0
Q9C0Z9|EUKARYA|NO_SP|2,0
Q9LXD1|EUKARYA|NO_SP|1,0
P86926|EUKARYA|NO_SP|2,0
P86924|EUKARYA|NO_SP|1,0
P0C2C4|EUKARYA|NO_SP|2,0
Q6P1L8|EUKARYA|NO_SP|1,0
P36523|EUKARYA|NO_SP|2,0
P53881|EUKARYA|NO_SP|1,0
P14063|EUKARYA|NO_SP|2,0
P36533|EUKARYA|NO_SP|2,0
Q99N89|EUKARYA|NO_SP|0,0
Q8N5N7|EUKARYA|NO_SP|2,0
Q96EL3|EUKARYA|NO_SP|0,0
O75526|EUKARYA|NO_SP|0,0
Q8IUD6|EUKARYA|NO_SP|0,0
P53942|EUKARYA|NO_SP|1,0
Q12338|EUKARYA|NO_SP|1,0
Q9LZN0|EUKARYA|NO_SP|1,0
Q9VEB3|EUKARYA|NO_SP|2,0
Q1MTN9|EUKARYA|NO_SP|2,0
O60091|EUKARYA|NO_SP|1,0
Q32PC3|EUKARYA|NO_SP|0,0
Q9P0M9|EUKARYA|NO_SP|0,0
Q04598|EUKARYA|NO_SP|0,0
Q9NZE8|EUKARYA|NO_SP|0,0
Q96DV4|EUKARYA|NO_SP|0,0
Q8IXM3|EUKARYA|NO_SP|0,0
Q2YDI5|EUKARYA|NO_SP|0,0
Q9BV68|EUKARYA|NO_SP|2,0
Q9CQ29|EUKARYA|NO_SP|0,0
E9QAU8|EUKARYA|NO_SP|1,0
P10181|EUKARYA|NO_SP|1,0
P47076|EUKARYA|NO_SP|1,0
P32561|EUKARYA|NO_SP|1,0
Q9H7B2|EUKARYA|NO_SP|2,0
P0CU18|EUKARYA|NO_SP|1,0
P40858|EUKARYA|NO_SP|2,0
P10155|EUKARYA|NO_SP|1,0
P50106|EUKARYA|NO_SP|1,0
P22138|EUKARYA|NO_SP|1,0
P52434|EUKARYA|NO_SP|1,0
P36954|EUKARYA|NO_SP|1,0
P04051|EUKARYA|NO_SP|2,0
Q8WZJ8|EUKARYA|NO_SP|1,0
Q9UNE2|EUKARYA|NO_SP|2,0
P38786|EUKARYA|NO_SP|1,0
O95707|EUKARYA|NO_SP|1,0
P09595|EUKARYA|NO_SP|1,0
Q08774|EUKARYA|NO_SP|1,0
Q06109|EUKARYA|NO_SP|1,0
Q9NYV6|EUKARYA|NO_SP|0,0
Q12277|EUKARYA|NO_SP|0,0
Q8TEU7|EUKARYA|NO_SP|1,0
Q9LFV6|EUKARYA|NO_SP|2,0
Q9NQG5|EUKARYA|NO_SP|0,0
P82130|EUKARYA|NO_SP|0,0
P46948|EUKARYA|NO_SP|0,0
Q05636|EUKARYA|NO_SP|0,0
P25368|EUKARYA|NO_SP|1,0
A9C3R9|EUKARYA|NO_SP|1,0
Q9GZS1|EUKARYA|NO_SP|0,0
P28000|EUKARYA|NO_SP|2,0
O94444|EUKARYA|NO_SP|2,0
Q9USN8|EUKARYA|NO_SP|2,0
P62128|EUKARYA|NO_SP|2,0
Q9M3K7|EUKARYA|NO_SP|1,0
O74734|EUKARYA|NO_SP|1,0
Q06511|EUKARYA|NO_SP|1,0
Q12481|EUKARYA|NO_SP|2,0
O59678|EUKARYA|NO_SP|2,0
O13563|EUKARYA|NO_SP|1,0
Q8L6J5|EUKARYA|NO_SP|1,0
Q8L6J3|EUKARYA|NO_SP|2,0
P06506|EUKARYA|NO_SP|0,0
P39677|EUKARYA|NO_SP|0,0
P53437|EUKARYA|NO_SP|2,0
Q9C0X8|EUKARYA|NO_SP|1,0
O14012|EUKARYA|NO_SP|2,0
Q09704|EUKARYA|NO_SP|2,0
Q08745|EUKARYA|NO_SP|2,0
P06367|EUKARYA|NO_SP|1,0
Q9LTS6|EUKARYA|NO_SP|1,0
Q12167|EUKARYA|NO_SP|1,0
O14211|EUKARYA|NO_SP|1,0
P32786|EUKARYA|NO_SP|1,0
Q04031|EUKARYA|NO_SP|2,0
Q9Y7M6|EUKARYA|NO_SP|1,0
Q14690|EUKARYA|NO_SP|1,0
P0CX47|EUKARYA|NO_SP|2,0
Q3E754|EUKARYA|NO_SP|1,0
O74172|EUKARYA|NO_SP|2,0
P09597|EUKARYA|NO_SP|1,0
P40389|EUKARYA|NO_SP|2,0
P40156|EUKARYA|NO_SP|2,0
P38204|EUKARYA|NO_SP|2,0
Q12754|EUKARYA|NO_SP|1,0
Q9UTD7|EUKARYA|NO_SP|2,0
Q12149|EUKARYA|NO_SP|2,0
P46783|EUKARYA|NO_SP|2,0
P05756|EUKARYA|NO_SP|0,0
P39516|EUKARYA|NO_SP|1,0
P38701|EUKARYA|NO_SP|2,0
P0C0V8|EUKARYA|NO_SP|1,0
P0C0W1|EUKARYA|NO_SP|1,0
P0CX30|EUKARYA|NO_SP|1,0
P41058|EUKARYA|NO_SP|1,0
O60124|EUKARYA|NO_SP|0,0
O74918|EUKARYA|NO_SP|0,0
Q10146|EUKARYA|NO_SP|1,0
P48589|EUKARYA|NO_SP|2,0
Q3E7Y3|EUKARYA|NO_SP|1,0
Q9S7B2|EUKARYA|NO_SP|2,0
P0CX34|EUKARYA|NO_SP|1,0
P82129|EUKARYA|NO_SP|1,0
Q9C5J3|EUKARYA|NO_SP|1,0
P38771|EUKARYA|NO_SP|2,0
Q02983|EUKARYA|NO_SP|1,0
Q9Y2L1|EUKARYA|NO_SP|0,0
P0CX56|EUKARYA|NO_SP|1,0
P07280|EUKARYA|NO_SP|1,0
P0CX32|EUKARYA|NO_SP|1,0
Q93WF6|EUKARYA|NO_SP|0,0
Q9VEX9|EUKARYA|NO_SP|1,0
Q9LXX6|EUKARYA|NO_SP|1,0
Q19325|EUKARYA|NO_SP|1,0
O23210|EUKARYA|NO_SP|1,0
Q9SN22|EUKARYA|NO_SP|1,0
Q9SS48|EUKARYA|NO_SP|0,0
O95810|EUKARYA|NO_SP|2,0
Q8X1T0|EUKARYA|NO_SP|1,0
Q00416|EUKARYA|NO_SP|1,0
Q8NCE0|EUKARYA|NO_SP|2,0
Q54HS3|EUKARYA|NO_SP|0,0
Q9U263|EUKARYA|NO_SP|2,0
Q10178|EUKARYA|NO_SP|1,0
O74458|EUKARYA|NO_SP|1,0
Q56YA5|EUKARYA|NO_SP|1,0
Q06132|EUKARYA|NO_SP|1,0
Q5FBB7|EUKARYA|NO_SP|2,0
Q0JL44|EUKARYA|NO_SP|0,0
Q12118|EUKARYA|NO_SP|2,0
O43765|EUKARYA|NO_SP|2,0
Q9D7V1|EUKARYA|NO_SP|0,0
O14492|EUKARYA|NO_SP|0,0
Q5HYK7|EUKARYA|NO_SP|2,0
Q10321|EUKARYA|NO_SP|1,0
Q01613|EUKARYA|NO_SP|1,0
Q9QXN0|EUKARYA|NO_SP|0,0
G5EEW6|EUKARYA|NO_SP|0,0
P57059|EUKARYA|NO_SP|0,0
Q14190|EUKARYA|NO_SP|2,0
Q9LZ78|EUKARYA|NO_SP|2,0
Q96ST3|EUKARYA|NO_SP|1,0
O15304|EUKARYA|NO_SP|1,0
A8D8P8|EUKARYA|NO_SP|0,0
Q12216|EUKARYA|NO_SP|2,0
Q8WVK7|EUKARYA|NO_SP|1,0
Q9Y448|EUKARYA|NO_SP|0,0
Q00711|EUKARYA|NO_SP|0,0
Q09826|EUKARYA|NO_SP|2,0
Q92355|EUKARYA|NO_SP|1,0
Q6ZU15|EUKARYA|NO_SP|2,0
Q9DE33|EUKARYA|NO_SP|2,0
Q22795|EUKARYA|NO_SP|0,0
Q10362|EUKARYA|NO_SP|1,0
Q9UST7|EUKARYA|NO_SP|1,0
P40363|EUKARYA|NO_SP|1,0
Q9USM3|EUKARYA|NO_SP|1,0
Q03067|EUKARYA|NO_SP|2,0
Q2PJ68|EUKARYA|NO_SP|1,0
O43147|EUKARYA|NO_SP|1,0
O35179|EUKARYA|NO_SP|2,0
P98083|EUKARYA|NO_SP|0,0
Q9UUI2|EUKARYA|NO_SP|1,0
P38751|EUKARYA|NO_SP|1,0
Q99J77|EUKARYA|NO_SP|1,0
O22056|EUKARYA|NO_SP|1,0
Q04195|EUKARYA|NO_SP|2,0
F4JAA5|EUKARYA|NO_SP|2,0
Q09761|EUKARYA|NO_SP|1,0
P38283|EUKARYA|NO_SP|1,0
P38241|EUKARYA|NO_SP|1,0
Q15796|EUKARYA|NO_SP|2,0
Q8CBY1|EUKARYA|NO_SP|2,0
Q9NZC9|EUKARYA|NO_SP|1,0
G5EG17|EUKARYA|NO_SP|2,0
P62318|EUKARYA|NO_SP|0,0
Q8S895|EUKARYA|NO_SP|2,0
Q9US33|EUKARYA|NO_SP|1,0
Q9SGU2|EUKARYA|NO_SP|1,0
O82663|EUKARYA|NO_SP|0,0
Q93794|EUKARYA|NO_SP|2,0
Q04675|EUKARYA|NO_SP|0,0
Q9QZR6|EUKARYA|NO_SP|2,0
P58004|EUKARYA|NO_SP|0,0
Q9UPS6|EUKARYA|NO_SP|2,0
Q8W234|EUKARYA|NO_SP|0,0
Q9Y2Z0|EUKARYA|NO_SP|0,0
Q9QZS8|EUKARYA|NO_SP|1,0
P29353|EUKARYA|NO_SP|0,0
Q9ES52|EUKARYA|NO_SP|0,0
O24621|EUKARYA|NO_SP|0,0
Q9IA88|EUKARYA|NO_SP|0,0
Q3UND0|EUKARYA|NO_SP|2,0
P52286|EUKARYA|NO_SP|0,0
Q03406|EUKARYA|NO_SP|1,0
Q8IE95|EUKARYA|NO_SP|1,0
Q12507|EUKARYA|NO_SP|1,0
Q5A287|EUKARYA|NO_SP|0,0
Q5AK51|EUKARYA|NO_SP|2,0
O14259|EUKARYA|NO_SP|2,0
Q9USV1|EUKARYA|NO_SP|2,0
A7VLV2|EUKARYA|NO_SP|0,0
P35187|EUKARYA|NO_SP|1,0
Q9SUT5|EUKARYA|NO_SP|0,0
O35964|EUKARYA|NO_SP|2,0
Q9NR46|EUKARYA|NO_SP|2,0
Q8K2Q9|EUKARYA|NO_SP|1,0
Q3TTP0|EUKARYA|NO_SP|0,0
Q9I8X5|EUKARYA|NO_SP|0,0
Q9LDH1|EUKARYA|NO_SP|2,0
Q24167|EUKARYA|NO_SP|0,0
Q9VK34|EUKARYA|NO_SP|2,0
Q9NXA8|EUKARYA|NO_SP|0,0
Q8N6T7|EUKARYA|NO_SP|2,0
Q9LZ66|EUKARYA|NO_SP|0,0
P53965|EUKARYA|NO_SP|2,0
Q9XWS0|EUKARYA|NO_SP|1,0
P34707|EUKARYA|NO_SP|1,0
Q9LPL4|EUKARYA|NO_SP|1,0
Q8R3P9|EUKARYA|NO_SP|1,0
Q9V3U9|EUKARYA|NO_SP|2,0
P0C7P3|EUKARYA|NO_SP|1,0
Q8CH25|EUKARYA|NO_SP|0,0
O00422|EUKARYA|NO_SP|1,0
Q12136|EUKARYA|NO_SP|2,0
O74562|EUKARYA|NO_SP|0,0
Q6GLZ5|EUKARYA|NO_SP|2,0
Q91WC0|EUKARYA|NO_SP|1,0
Q7Z333|EUKARYA|NO_SP|1,0
O60174|EUKARYA|NO_SP|1,0
O94397|EUKARYA|NO_SP|2,0
A7VLV1|EUKARYA|NO_SP|0,0
O13797|EUKARYA|NO_SP|2,0
Q9H788|EUKARYA|NO_SP|0,0
O35180|EUKARYA|NO_SP|2,0
Q9FEN9|EUKARYA|NO_SP|2,0
Q8VZA0|EUKARYA|NO_SP|2,0
O13650|EUKARYA|NO_SP|1,0
P23246|EUKARYA|NO_SP|0,0
Q92835|EUKARYA|NO_SP|0,0
P40486|EUKARYA|NO_SP|1,0
Q8IW03|EUKARYA|NO_SP|1,0
Q9P7T1|EUKARYA|NO_SP|1,0
P38634|EUKARYA|NO_SP|2,0
O60187|EUKARYA|NO_SP|1,0
Q9Y2K2|EUKARYA|NO_SP|0,0
Q8L607|EUKARYA|NO_SP|2,0
Q60520|EUKARYA|NO_SP|1,0
P34164|EUKARYA|NO_SP|1,0
P06700|EUKARYA|NO_SP|1,0
O94474|EUKARYA|NO_SP|0,0
Q08491|EUKARYA|NO_SP|1,0
A7M7C7|EUKARYA|NO_SP|0,0
P97440|EUKARYA|NO_SP|0,0
Q08457|EUKARYA|NO_SP|1,0
Q9BQI6|EUKARYA|NO_SP|1,0
Q8W127|EUKARYA|NO_SP|0,0
Q9UUC6|EUKARYA|NO_SP|0,0
Q54I18|EUKARYA|NO_SP|1,0
O01510|EUKARYA|NO_SP|1,0
Q9UPR3|EUKARYA|NO_SP|0,0
Q63553|EUKARYA|NO_SP|0,0
P53127|EUKARYA|NO_SP|1,0
Q9Y675|EUKARYA|NO_SP|1,0
Q6P0E1|EUKARYA|NO_SP|0,0
P48432|EUKARYA|NO_SP|0,0
Q9VVR6|EUKARYA|NO_SP|1,0
Q4KLP8|EUKARYA|NO_SP|2,0
Q9LDX1|EUKARYA|NO_SP|2,0
O80669|EUKARYA|NO_SP|2,0
Q9P7T0|EUKARYA|NO_SP|2,0
O94640|EUKARYA|NO_SP|1,0
P59941|EUKARYA|NO_SP|2,0
P42285|EUKARYA|NO_SP|2,0
P78963|EUKARYA|NO_SP|1,0
D3YWJ0|EUKARYA|NO_SP|0,0
Q7Z7L1|EUKARYA|NO_SP|1,0
Q7G7J6|EUKARYA|NO_SP|0,0
Q9UT03|EUKARYA|NO_SP|2,0
P87176|EUKARYA|NO_SP|2,0
Q60560|EUKARYA|NO_SP|2,0
Q9VK33|EUKARYA|NO_SP|2,0
Q14683|EUKARYA|NO_SP|0,0
Q20060|EUKARYA|NO_SP|1,0
P51532|EUKARYA|NO_SP|0,0
Q04692|EUKARYA|NO_SP|1,0
Q9HAU4|EUKARYA|NO_SP|0,0
Q5KQI6|EUKARYA|NO_SP|0,0
Q9UTN6|EUKARYA|NO_SP|1,0
Q9BV90|EUKARYA|NO_SP|1,0
P53207|EUKARYA|NO_SP|2,0
P24706|EUKARYA|NO_SP|0,0
O81235|EUKARYA|NO_SP|1,0
Q80UG5|EUKARYA|NO_SP|2,0
Q9Y6P5|EUKARYA|NO_SP|0,0
Q9Y7Q6|EUKARYA|NO_SP|1,0
A2AKX3|EUKARYA|NO_SP|1,0
Q6PI26|EUKARYA|NO_SP|1,0
A1Z9P3|EUKARYA|NO_SP|1,0
Q9EQL9|EUKARYA|NO_SP|0,0
P40210|EUKARYA|NO_SP|0,0
Q8IXJ6|EUKARYA|NO_SP|2,0
Q8R216|EUKARYA|NO_SP|2,0
P38889|EUKARYA|NO_SP|1,0
Q9Y709|EUKARYA|NO_SP|0,0
Q8IY92|EUKARYA|NO_SP|1,0
O35253|EUKARYA|NO_SP|0,0
Q9MA17|EUKARYA|NO_SP|0,0
O42649|EUKARYA|NO_SP|0,0
Q18237|EUKARYA|NO_SP|1,0
Q969G3|EUKARYA|NO_SP|0,0
Q09808|EUKARYA|NO_SP|1,0
Q6Z1Y6|EUKARYA|NO_SP|0,0
Q7ZT42|EUKARYA|NO_SP|0,0
Q9FZ80|EUKARYA|NO_SP|1,0
Q61473|EUKARYA|NO_SP|0,0
Q9HB58|EUKARYA|NO_SP|1,0
Q96R06|EUKARYA|NO_SP|0,0
Q8K1N4|EUKARYA|NO_SP|1,0
O43058|EUKARYA|NO_SP|2,0
Q9CYP7|EUKARYA|NO_SP|0,0
O14135|EUKARYA|NO_SP|1,0
Q96T68|EUKARYA|NO_SP|1,0
E9Q5F9|EUKARYA|NO_SP|1,0
Q12369|EUKARYA|NO_SP|2,0
Q9UTH8|EUKARYA|NO_SP|2,0
Q9LS48|EUKARYA|NO_SP|0,0
Q8T390|EUKARYA|NO_SP|2,0
Q96B97|EUKARYA|NO_SP|2,0
Q8NEM2|EUKARYA|NO_SP|0,0
O14305|EUKARYA|NO_SP|0,0
Q923E4|EUKARYA|NO_SP|0,0
Q57YZ9|EUKARYA|NO_SP|1,0
A2AQ25|EUKARYA|NO_SP|2,0
P53251|EUKARYA|NO_SP|2,0
P40167|EUKARYA|NO_SP|1,0
Q15797|EUKARYA|NO_SP|2,0
Q13485|EUKARYA|NO_SP|2,0
Q5PRF9|EUKARYA|NO_SP|2,0
P38935|EUKARYA|NO_SP|2,0
Q9CW03|EUKARYA|NO_SP|0,0
Q99L88|EUKARYA|NO_SP|0,0
Q12420|EUKARYA|NO_SP|2,0
O74418|EUKARYA|NO_SP|0,0
Q9WU34|EUKARYA|NO_SP|2,0
O55131|EUKARYA|NO_SP|2,0
Q18221|EUKARYA|NO_SP|1,0
Q8VIJ6|EUKARYA|NO_SP|0,0
O82741|EUKARYA|NO_SP|0,0
Q96HU1|EUKARYA|NO_SP|2,0
Q8VWF1|EUKARYA|NO_SP|1,0
P36136|EUKARYA|NO_SP|2,0
P39000|EUKARYA|NO_SP|1,0
P36068|EUKARYA|NO_SP|2,0
Q9SZF7|EUKARYA|NO_SP|1,0
Q8CFH6|EUKARYA|NO_SP|0,0
Q9BRV8|EUKARYA|NO_SP|0,0
Q9USQ4|EUKARYA|NO_SP|2,0
Q55DB0|EUKARYA|NO_SP|1,0
Q62232|EUKARYA|NO_SP|2,0
O75563|EUKARYA|NO_SP|2,0
P42843|EUKARYA|NO_SP|1,0
Q9P6L5|EUKARYA|NO_SP|1,0
Q9SGE2|EUKARYA|NO_SP|2,0
O43623|EUKARYA|NO_SP|0,0
Q9P7S6|EUKARYA|NO_SP|2,0
Q12483|EUKARYA|NO_SP|2,0
Q8R570|EUKARYA|NO_SP|1,0
Q13342|EUKARYA|NO_SP|1,0
Q9UST6|EUKARYA|NO_SP|2,0
P91349|EUKARYA|NO_SP|2,0
Q5IBH7|EUKARYA|NO_SP|1,0
Q99JL1|EUKARYA|NO_SP|2,0
Q949S9|EUKARYA|NO_SP|1,0
P17947|EUKARYA|NO_SP|1,0
Q61142|EUKARYA|NO_SP|0,0
P23179|EUKARYA|NO_SP|2,0
Q9Y7J1|EUKARYA|NO_SP|1,0
Q8IRG6|EUKARYA|NO_SP|2,0
Q9D552|EUKARYA|NO_SP|1,0
O14174|EUKARYA|NO_SP|2,0
O14311|EUKARYA|NO_SP|1,0
Q7Y0F6|EUKARYA|NO_SP|0,0
Q08473|EUKARYA|NO_SP|1,0
Q66HL2|EUKARYA|NO_SP|1,0
Q9CZ91|EUKARYA|NO_SP|1,0
Q9FNN6|EUKARYA|NO_SP|1,0
Q99176|EUKARYA|NO_SP|2,0
Q9FJJ3|EUKARYA|NO_SP|1,0
P84103|EUKARYA|NO_SP|0,0
P15619|EUKARYA|NO_SP|2,0
A8MU46|EUKARYA|NO_SP|0,0
Q944A6|EUKARYA|NO_SP|1,0
P39929|EUKARYA|NO_SP|2,0
Q6IEG0|EUKARYA|NO_SP|1,0
O74690|EUKARYA|NO_SP|0,0
Q7Z614|EUKARYA|NO_SP|2,0
P00441|EUKARYA|NO_SP|0,0
O94294|EUKARYA|NO_SP|1,0
P35712|EUKARYA|NO_SP|2,0
P25582|EUKARYA|NO_SP|2,0
O14285|EUKARYA|NO_SP|2,0
O59757|EUKARYA|NO_SP|1,0
Q17695|EUKARYA|NO_SP|2,0
Q5MJ70|EUKARYA|NO_SP|1,0
O94519|EUKARYA|NO_SP|2,0
Q90WG1|EUKARYA|NO_SP|0,0
P48008|EUKARYA|NO_SP|1,0
Q924S7|EUKARYA|NO_SP|0,0
P08458|EUKARYA|NO_SP|0,0
Q8C624|EUKARYA|NO_SP|0,0
Q6Z784|EUKARYA|NO_SP|0,0
Q9SEU4|EUKARYA|NO_SP|0,0
P05480|EUKARYA|NO_SP|0,0
Q9JM73|EUKARYA|NO_SP|0,0
Q12020|EUKARYA|NO_SP|1,0
P38985|EUKARYA|NO_SP|1,0
Q5AP95|EUKARYA|NO_SP|0,0
A5YVF1|EUKARYA|NO_SP|2,0
Q9UJC5|EUKARYA|NO_SP|1,0
Q9WV48|EUKARYA|NO_SP|0,0
Q24145|EUKARYA|NO_SP|0,0
Q9TYT3|EUKARYA|NO_SP|2,0
C4P6S0|EUKARYA|NO_SP|0,0
P25294|EUKARYA|NO_SP|0,0
Q62233|EUKARYA|NO_SP|0,0
Q8N196|EUKARYA|NO_SP|0,0
Q680Q4|EUKARYA|NO_SP|2,0
O80653|EUKARYA|NO_SP|0,0
Q8BX46|EUKARYA|NO_SP|0,0
Q9LG97|EUKARYA|NO_SP|2,0
Q9P7C8|EUKARYA|NO_SP|1,0
Q95T19|EUKARYA|NO_SP|1,0
O54988|EUKARYA|NO_SP|1,0
Q9C0Z3|EUKARYA|NO_SP|2,0
O95347|EUKARYA|NO_SP|0,0
Q9UNH7|EUKARYA|NO_SP|2,0
P24704|EUKARYA|NO_SP|0,0
P41977|EUKARYA|NO_SP|1,0
Q9UQX0|EUKARYA|NO_SP|1,0
O74365|EUKARYA|NO_SP|1,0
P38858|EUKARYA|NO_SP|2,0
P18583|EUKARYA|NO_SP|2,0
P34619|EUKARYA|NO_SP|1,0
Q11193|EUKARYA|NO_SP|2,0
Q6P069|EUKARYA|NO_SP|0,0
Q9BQ15|EUKARYA|NO_SP|1,0
Q9NRY2|EUKARYA|NO_SP|2,0
Q9C9C9|EUKARYA|NO_SP|1,0
P35716|EUKARYA|NO_SP|0,0
P23497|EUKARYA|NO_SP|1,0
Q9Y5B9|EUKARYA|NO_SP|2,0
Q9SYX2|EUKARYA|NO_SP|1,0
Q04477|EUKARYA|NO_SP|0,0
P40014|EUKARYA|NO_SP|0,0
P36094|EUKARYA|NO_SP|1,0
Q23288|EUKARYA|NO_SP|1,0
Q9R1U5|EUKARYA|NO_SP|0,0
Q21921|EUKARYA|NO_SP|1,0
Q584D5|EUKARYA|NO_SP|1,0
O13736|EUKARYA|NO_SP|1,0
O59800|EUKARYA|NO_SP|1,0
Q9P7M3|EUKARYA|NO_SP|0,0
O74534|EUKARYA|NO_SP|2,0
Q8BUN5|EUKARYA|NO_SP|2,0
O15105|EUKARYA|NO_SP|0,0
Q9NTJ3|EUKARYA|NO_SP|0,0
O13710|EUKARYA|NO_SP|1,0
Q96SB8|EUKARYA|NO_SP|2,0
Q08817|EUKARYA|NO_SP|2,0
Q9D489|EUKARYA|NO_SP|1,0
Q9BT81|EUKARYA|NO_SP|0,0
Q9T014|EUKARYA|NO_SP|0,0
Q8MNV0|EUKARYA|NO_SP|1,0
Q60854|EUKARYA|NO_SP|0,0
Q9V3V7|EUKARYA|NO_SP|1,0
Q10430|EUKARYA|NO_SP|2,0
P91870|EUKARYA|NO_SP|1,0
B7Z0I7|EUKARYA|NO_SP|2,0
Q9NS26|EUKARYA|NO_SP|2,0
Q18240|EUKARYA|NO_SP|2,0
P32914|EUKARYA|NO_SP|1,0
Q15475|EUKARYA|NO_SP|2,0
F4I3Z5|EUKARYA|NO_SP|1,0
Q00497|EUKARYA|NO_SP|1,0
Q99LZ3|EUKARYA|NO_SP|1,0
P53327|EUKARYA|NO_SP|2,0
Q9GZT3|EUKARYA|NO_SP|0,0
P38324|EUKARYA|NO_SP|0,0
Q9P6M0|EUKARYA|NO_SP|1,0
Q9UPU9|EUKARYA|NO_SP|2,0
Q7TN29|EUKARYA|NO_SP|2,0
Q924W5|EUKARYA|NO_SP|2,0
Q9VV74|EUKARYA|NO_SP|1,0
Q9LPP4|EUKARYA|NO_SP|2,0
Q9Y6H5|EUKARYA|NO_SP|1,0
Q9Y7U7|EUKARYA|NO_SP|1,0
P00445|EUKARYA|NO_SP|0,0
P37262|EUKARYA|NO_SP|1,0
O75602|EUKARYA|NO_SP|1,0
Q9P0W8|EUKARYA|NO_SP|1,0
P43321|EUKARYA|NO_SP|0,0
Q03954|EUKARYA|NO_SP|2,0
Q6SKR5|EUKARYA|NO_SP|1,0
O75934|EUKARYA|NO_SP|0,0
Q14159|EUKARYA|NO_SP|0,0
Q9S758|EUKARYA|NO_SP|2,0
Q8S9G8|EUKARYA|NO_SP|2,0
Q2L4W6|EUKARYA|NO_SP|1,0
Q06134|EUKARYA|NO_SP|1,0
Q6ZWS8|EUKARYA|NO_SP|2,0
Q17768|EUKARYA|NO_SP|2,0
Q22557|EUKARYA|NO_SP|1,0
P27692|EUKARYA|NO_SP|1,0
Q9W420|EUKARYA|NO_SP|0,0
P87152|EUKARYA|NO_SP|1,0
Q69XJ0|EUKARYA|NO_SP|0,0
O94875|EUKARYA|NO_SP|0,0
P43292|EUKARYA|NO_SP|0,0
P36167|EUKARYA|NO_SP|1,0
P38687|EUKARYA|NO_SP|2,0
Q07955|EUKARYA|NO_SP|0,0
Q08170|EUKARYA|NO_SP|0,0
Q14140|EUKARYA|NO_SP|2,0
Q9BYN0|EUKARYA|NO_SP|0,0
Q04837|EUKARYA|NO_SP|2,0
P38789|EUKARYA|NO_SP|2,0
Q9HE02|EUKARYA|NO_SP|1,0
Q96Q15|EUKARYA|NO_SP|1,0
Q9LZ60|EUKARYA|NO_SP|2,0
Q8W117|EUKARYA|NO_SP|2,0
Q53HV7|EUKARYA|NO_SP|2,0
P32909|EUKARYA|NO_SP|1,0
Q96DI7|EUKARYA|NO_SP|0,0
O60107|EUKARYA|NO_SP|1,0
O64645|EUKARYA|NO_SP|2,0
P55863|EUKARYA|NO_SP|0,0
Q8NEM7|EUKARYA|NO_SP|1,0
P38282|EUKARYA|NO_SP|1,0
Q8IY81|EUKARYA|NO_SP|2,0
Q5MJ68|EUKARYA|NO_SP|1,0
Q9BPZ2|EUKARYA|NO_SP|0,0
Q9C9C0|EUKARYA|NO_SP|0,0
P09007|EUKARYA|NO_SP|1,0
O94629|EUKARYA|NO_SP|2,0
P25567|EUKARYA|NO_SP|2,0
P26686|EUKARYA|NO_SP|0,0
P10080|EUKARYA|NO_SP|1,0
Q08945|EUKARYA|NO_SP|2,0
Q9LHP2|EUKARYA|NO_SP|0,0
Q8L774|EUKARYA|NO_SP|0,0
Q944L7|EUKARYA|NO_SP|0,0
Q02775|EUKARYA|NO_SP|1,0
P40072|EUKARYA|NO_SP|1,0
B2FDA8|EUKARYA|NO_SP|0,0
Q96GM5|EUKARYA|NO_SP|0,0
P97443|EUKARYA|NO_SP|1,0
Q06091|EUKARYA|NO_SP|2,0
O95863|EUKARYA|NO_SP|0,0
Q7KZF4|EUKARYA|NO_SP|0,0
Q04007|EUKARYA|NO_SP|1,0
O94421|EUKARYA|NO_SP|1,0
O74792|EUKARYA|NO_SP|1,0
Q9FMX0|EUKARYA|NO_SP|0,0
Q96AH0|EUKARYA|NO_SP|1,0
O15370|EUKARYA|NO_SP|0,0
P48430|EUKARYA|NO_SP|0,0
Q9HAJ7|EUKARYA|NO_SP|1,0
O01798|EUKARYA|NO_SP|1,0
Q0IH24|EUKARYA|NO_SP|2,0
Q01892|EUKARYA|NO_SP|0,0
C6Y4C2|EUKARYA|NO_SP|0,0
Q40983|EUKARYA|NO_SP|0,0
Q924S8|EUKARYA|NO_SP|0,0
P06843|EUKARYA|NO_SP|2,0
O43541|EUKARYA|NO_SP|0,0
Q9UHJ3|EUKARYA|NO_SP|1,0
O01789|EUKARYA|NO_SP|0,0
Q8CG46|EUKARYA|NO_SP|0,0
O42661|EUKARYA|NO_SP|0,0
A9QM73|EUKARYA|NO_SP|2,0
Q23972|EUKARYA|NO_SP|1,0
P18480|EUKARYA|NO_SP|0,0
P91868|EUKARYA|NO_SP|1,0
Q61234|EUKARYA|NO_SP|0,0
Q61235|EUKARYA|NO_SP|0,0
O94538|EUKARYA|NO_SP|2,0
Q9CWT3|EUKARYA|NO_SP|1,0
Q9NRS6|EUKARYA|NO_SP|1,0
O78310|EUKARYA|NO_SP|0,0
Q6F2E7|EUKARYA|NO_SP|1,0
Q86W54|EUKARYA|NO_SP|2,0
P29508|EUKARYA|NO_SP|0,0
P39723|EUKARYA|NO_SP|2,0
Q9V9Y9|EUKARYA|NO_SP|2,0
P40384|EUKARYA|NO_SP|1,0
Q9UQY9|EUKARYA|NO_SP|1,0
P62316|EUKARYA|NO_SP|2,0
Q04964|EUKARYA|NO_SP|1,0
Q16637|EUKARYA|NO_SP|2,0
Q99M63|EUKARYA|NO_SP|2,0
O74536|EUKARYA|NO_SP|0,0
Q09776|EUKARYA|NO_SP|1,0
Q9WU12|EUKARYA|NO_SP|1,0
Q9VL52|EUKARYA|NO_SP|2,0
Q9JLI7|EUKARYA|NO_SP|1,0
Q3V0Q6|EUKARYA|NO_SP|0,0
P48594|EUKARYA|NO_SP|0,0
Q9SJW3|EUKARYA|NO_SP|0,0
Q10B79|EUKARYA|NO_SP|0,0
Q16629|EUKARYA|NO_SP|0,0
Q13285|EUKARYA|NO_SP|0,0
Q8IWL8|EUKARYA|NO_SP|1,0
Q924X7|EUKARYA|NO_SP|2,0
Q9NRP7|EUKARYA|NO_SP|0,0
Q9ASZ1|EUKARYA|NO_SP|1,0
Q9H668|EUKARYA|NO_SP|1,0
P70278|EUKARYA|NO_SP|2,0
P70483|EUKARYA|NO_SP|0,0
O74454|EUKARYA|NO_SP|1,0
Q9USR3|EUKARYA|NO_SP|1,0
Q8LAD2|EUKARYA|NO_SP|2,0
O82662|EUKARYA|NO_SP|0,0
Q84W65|EUKARYA|NO_SP|0,0
Q75GR5|EUKARYA|NO_SP|2,0
Q90WG2|EUKARYA|NO_SP|0,0
Q2M3C7|EUKARYA|NO_SP|1,0
Q86AT8|EUKARYA|NO_SP|1,0
Q8GXL3|EUKARYA|NO_SP|1,0
P40031|EUKARYA|NO_SP|2,0
P23615|EUKARYA|NO_SP|0,0
Q8LBH4|EUKARYA|NO_SP|0,0
Q96301|EUKARYA|NO_SP|1,0
P11831|EUKARYA|NO_SP|0,0
Q9UGK8|EUKARYA|NO_SP|1,0
O54781|EUKARYA|NO_SP|0,0
Q9SD40|EUKARYA|NO_SP|1,0
P92966|EUKARYA|NO_SP|0,0
G3V6S8|EUKARYA|NO_SP|0,0
Q10284|EUKARYA|NO_SP|2,0
P11484|EUKARYA|NO_SP|2,0
Q9UEE5|EUKARYA|NO_SP|0,0
P42229|EUKARYA|NO_SP|2,0
O70576|EUKARYA|NO_SP|0,0
O93436|EUKARYA|NO_SP|0,0
Q70GP4|EUKARYA|NO_SP|0,0
Q02794|EUKARYA|NO_SP|2,0
Q9SJM4|EUKARYA|NO_SP|1,0
Q9LMK5|EUKARYA|NO_SP|2,0
Q8K2X3|EUKARYA|NO_SP|1,0
G5ECN5|EUKARYA|NO_SP|2,0
A0A0D1CVS5|EUKARYA|NO_SP|0,0
P61764|EUKARYA|NO_SP|2,0
F4JTP5|EUKARYA|NO_SP|1,0
F4JCU0|EUKARYA|NO_SP|1,0
Q07478|EUKARYA|NO_SP|2,0
P53598|EUKARYA|NO_SP|2,0
Q9P2R7|EUKARYA|NO_SP|1,0
Q8NCR6|EUKARYA|NO_SP|1,0
O48713|EUKARYA|NO_SP|2,0
O80875|EUKARYA|NO_SP|0,0
Q9QY31|EUKARYA|NO_SP|0,0
Q9SWA6|EUKARYA|NO_SP|1,0
Q03782|EUKARYA|NO_SP|1,0
O43290|EUKARYA|NO_SP|0,0
Q9FK60|EUKARYA|NO_SP|0,0
Q6IUP1|EUKARYA|NO_SP|1,0
Q9C9D0|EUKARYA|NO_SP|1,0
Q04748|EUKARYA|NO_SP|1,0
Q7M6Y2|EUKARYA|NO_SP|0,0
Q06945|EUKARYA|NO_SP|0,0
Q27350|EUKARYA|NO_SP|1,0
Q06411|EUKARYA|NO_SP|2,0
O13936|EUKARYA|NO_SP|2,0
Q9C004|EUKARYA|NO_SP|1,0
Q84KI6|EUKARYA|NO_SP|0,0
Q9XFR5|EUKARYA|NO_SP|0,0
O22265|EUKARYA|NO_SP|2,0
Q06688|EUKARYA|NO_SP|2,0
Q9FXH7|EUKARYA|NO_SP|1,0
P28290|EUKARYA|NO_SP|0,0
Q9M879|EUKARYA|NO_SP|0,0
O88811|EUKARYA|NO_SP|0,0
Q9ULZ2|EUKARYA|NO_SP|1,0
Q9SHG6|EUKARYA|NO_SP|1,0
O61125|EUKARYA|NO_SP|0,0
Q99JB2|EUKARYA|NO_SP|0,0
Q0E7J7|EUKARYA|NO_SP|1,0
P38704|EUKARYA|NO_SP|1,0
Q05937|EUKARYA|NO_SP|2,0
O64530|EUKARYA|NO_SP|0,0
Q9DAQ9|EUKARYA|NO_SP|1,0
Q1PDV2|EUKARYA|NO_SP|0,0
Q9ZVD0|EUKARYA|NO_SP|1,0
Q9R0U0|EUKARYA|NO_SP|0,0
P92964|EUKARYA|NO_SP|0,0
Q9BRL6|EUKARYA|NO_SP|0,0
P07664|EUKARYA|NO_SP|2,0
Q5CPU3|EUKARYA|NO_SP|1,0
P40150|EUKARYA|NO_SP|2,0
O42868|EUKARYA|NO_SP|1,0
P38788|EUKARYA|NO_SP|2,0
O46640|EUKARYA|NO_SP|2,0
P42845|EUKARYA|NO_SP|1,0
Q7RTN6|EUKARYA|NO_SP|1,0
P46675|EUKARYA|NO_SP|2,0
Q9WV89|EUKARYA|NO_SP|1,0
Q9WU70|EUKARYA|NO_SP|1,0
O94530|EUKARYA|NO_SP|1,0
O94415|EUKARYA|NO_SP|0,0
Q9Z0P7|EUKARYA|NO_SP|0,0
Q7Z699|EUKARYA|NO_SP|0,0
Q76FS5|EUKARYA|NO_SP|2,0
Q75HZ9|EUKARYA|NO_SP|0,0
Q4FZF2|EUKARYA|NO_SP|0,0
Q8L3X8|EUKARYA|NO_SP|0,0
Q14247|EUKARYA|NO_SP|1,0
Q8L627|EUKARYA|NO_SP|1,0
O82289|EUKARYA|NO_SP|2,0
O13788|EUKARYA|NO_SP|2,0
Q38853|EUKARYA|NO_SP|2,0
P53101|EUKARYA|NO_SP|1,0
P40342|EUKARYA|NO_SP|2,0
Q07617|EUKARYA|NO_SP|1,0
P33419|EUKARYA|NO_SP|1,0
P36131|EUKARYA|NO_SP|1,0
Q5S003|EUKARYA|NO_SP|1,0
Q8RY95|EUKARYA|NO_SP|1,0
P38839|EUKARYA|NO_SP|1,0
Q9S7A9|EUKARYA|NO_SP|2,0
O36023|EUKARYA|NO_SP|2,0
O15743|EUKARYA|NO_SP|0,0
Q9NY87|EUKARYA|NO_SP|2,0
Q5ZPV8|EUKARYA|NO_SP|0,0
P45819|EUKARYA|NO_SP|1,0
E1BUG7|EUKARYA|NO_SP|2,0
P32342|EUKARYA|NO_SP|1,0
O82803|EUKARYA|NO_SP|2,0
Q8BKA3|EUKARYA|NO_SP|1,0
P07665|EUKARYA|NO_SP|1,0
P54622|EUKARYA|NO_SP|2,0
Q9Y2M2|EUKARYA|NO_SP|0,0
Q9FNF2|EUKARYA|NO_SP|0,0
O94864|EUKARYA|NO_SP|1,0
Q9P2P6|EUKARYA|NO_SP|2,0
P51557|EUKARYA|NO_SP|1,0
P36631|EUKARYA|NO_SP|2,0
P50527|EUKARYA|NO_SP|1,0
P92189|EUKARYA|NO_SP|1,0
O88697|EUKARYA|NO_SP|0,0
Q2MH31|EUKARYA|NO_SP|1,0
Q9ESX2|EUKARYA|NO_SP|0,0
Q148B6|EUKARYA|NO_SP|1,0
Q8N0X7|EUKARYA|NO_SP|0,0
Q8N0Z3|EUKARYA|NO_SP|1,0
Q8K1S6|EUKARYA|NO_SP|0,0
P93015|EUKARYA|NO_SP|2,0
P48009|EUKARYA|NO_SP|2,0
Q9M4A2|EUKARYA|NO_SP|2,0
Q9M4A1|EUKARYA|NO_SP|1,0
O43031|EUKARYA|NO_SP|1,0
P63272|EUKARYA|NO_SP|1,0
P16086|EUKARYA|NO_SP|2,0
O74436|EUKARYA|NO_SP|1,0
Q45FA5|EUKARYA|NO_SP|2,0
O60093|EUKARYA|NO_SP|1,0
Q01130|EUKARYA|NO_SP|0,0
Q13242|EUKARYA|NO_SP|0,0
Q9UJW9|EUKARYA|NO_SP|2,0
O13286|EUKARYA|NO_SP|2,0
Q91XS8|EUKARYA|NO_SP|0,0
Q9QX27|EUKARYA|NO_SP|1,0
Q3UZZ6|EUKARYA|NO_SP|2,0
P42230|EUKARYA|NO_SP|2,0
Q9MAQ0|EUKARYA|NO_SP|2,0
Q76I79|EUKARYA|NO_SP|0,0
Q6IVY4|EUKARYA|NO_SP|0,0
Q80VR3|EUKARYA|NO_SP|2,0
Q9ZT71|EUKARYA|NO_SP|2,0
Q9UJ98|EUKARYA|NO_SP|0,0
Q9UGK3|EUKARYA|NO_SP|2,0
Q12427|EUKARYA|NO_SP|1,0
O14185|EUKARYA|NO_SP|1,0
P15705|EUKARYA|NO_SP|0,0
Q8VYD2|EUKARYA|NO_SP|1,0
Q6L612|EUKARYA|NO_SP|0,0
Q8WUJ0|EUKARYA|NO_SP|1,0
Q9C5G0|EUKARYA|NO_SP|1,0
P46676|EUKARYA|NO_SP|1,0
P63165|EUKARYA|NO_SP|0,0
Q00917|EUKARYA|NO_SP|1,0
P22293|EUKARYA|NO_SP|2,0
P53032|EUKARYA|NO_SP|0,0
Q12286|EUKARYA|NO_SP|1,0
Q9FNC7|EUKARYA|NO_SP|2,0
Q15022|EUKARYA|NO_SP|0,0
P50990|EUKARYA|NO_SP|0,0
Q9M9V9|EUKARYA|NO_SP|1,0
Q03533|EUKARYA|NO_SP|1,0
Q95ZS2|EUKARYA|NO_SP|1,0
Q9SPU7|EUKARYA|NO_SP|1,0
P47226|EUKARYA|NO_SP|1,0
Q96LM6|EUKARYA|NO_SP|2,0
Q9UNN4|EUKARYA|NO_SP|1,0
Q13889|EUKARYA|NO_SP|1,0
Q9NQB0|EUKARYA|NO_SP|1,0
Q9JMG6|EUKARYA|NO_SP|0,0
Q923W1|EUKARYA|NO_SP|1,0
Q9FX53|EUKARYA|NO_SP|1,0
Q8BKT7|EUKARYA|NO_SP|2,0
Q08231|EUKARYA|NO_SP|2,0
P42286|EUKARYA|NO_SP|2,0
P53299|EUKARYA|NO_SP|1,0
O35857|EUKARYA|NO_SP|0,0
Q9Y8C0|EUKARYA|NO_SP|2,0
Q9UNS1|EUKARYA|NO_SP|2,0
Q8VY21|EUKARYA|NO_SP|1,0
Q12513|EUKARYA|NO_SP|2,0
A1Z6J5|EUKARYA|NO_SP|1,0
P83887|EUKARYA|NO_SP|2,0
I4DST8|EUKARYA|NO_SP|0,0
Q9HEQ9|EUKARYA|NO_SP|1,0
Q9VLR5|EUKARYA|NO_SP|2,0
Q9H147|EUKARYA|NO_SP|1,0
P87061|EUKARYA|NO_SP|1,0
Q9P3W5|EUKARYA|NO_SP|1,0
Q6NME7|EUKARYA|NO_SP|1,0
O35144|EUKARYA|NO_SP|0,0
Q7ZXE9|EUKARYA|NO_SP|1,0
P0C1Z6|EUKARYA|NO_SP|0,0
Q8GXN9|EUKARYA|NO_SP|1,0
Q9JMA2|EUKARYA|NO_SP|0,0
Q96EK4|EUKARYA|NO_SP|2,0
F4IRQ5|EUKARYA|NO_SP|1,0
Q9NWX6|EUKARYA|NO_SP|1,0
O94266|EUKARYA|NO_SP|2,0
P40998|EUKARYA|NO_SP|1,0
Q9NQ88|EUKARYA|NO_SP|2,0
Q86X45|EUKARYA|NO_SP|2,0
Q9ZW33|EUKARYA|NO_SP|2,0
Q9XH48|EUKARYA|NO_SP|2,0
Q9XGX9|EUKARYA|NO_SP|2,0
Q9R1X4|EUKARYA|NO_SP|2,0
P40462|EUKARYA|NO_SP|2,0
Q9NVH6|EUKARYA|NO_SP|1,0
R4X244|EUKARYA|NO_SP|0,0
Q9JLR5|EUKARYA|NO_SP|1,0
Q9N428|EUKARYA|NO_SP|1,0
A1YKT1|EUKARYA|NO_SP|2,0
P78371|EUKARYA|NO_SP|2,0
Q94K05|EUKARYA|NO_SP|0,0
P42932|EUKARYA|NO_SP|0,0
O14776|EUKARYA|NO_SP|0,0
Q10274|EUKARYA|NO_SP|1,0
Q3ZBF7|EUKARYA|NO_SP|2,0
O15273|EUKARYA|NO_SP|2,0
Q9D9U4|EUKARYA|NO_SP|1,0
Q13888|EUKARYA|NO_SP|1,0
Q84MZ4|EUKARYA|NO_SP|1,0
Q12415|EUKARYA|NO_SP|2,0
O95379|EUKARYA|NO_SP|2,0
E3VNM4|EUKARYA|NO_SP|1,0
O94634|EUKARYA|NO_SP|1,0
Q5T1C6|EUKARYA|NO_SP|0,0
F4ISV6|EUKARYA|NO_SP|2,0
Q09779|EUKARYA|NO_SP|0,0
Q8L4M1|EUKARYA|NO_SP|1,0
Q86W42|EUKARYA|NO_SP|2,0
Q62264|EUKARYA|NO_SP|1,0
Q93ZM9|EUKARYA|NO_SP|1,0
Q91WA1|EUKARYA|NO_SP|2,0
P82658|EUKARYA|NO_SP|1,0
P82281|EUKARYA|NO_SP|0,0
Q62440|EUKARYA|NO_SP|1,0
P97532|EUKARYA|NO_SP|0,0
Q7Y1W1|EUKARYA|NO_SP|0,0
O88978|EUKARYA|NO_SP|2,0
Q9C0N3|EUKARYA|NO_SP|2,0
Q570C0|EUKARYA|NO_SP|2,0
O55047|EUKARYA|NO_SP|1,0
Q08422|EUKARYA|NO_SP|1,0
P28289|EUKARYA|NO_SP|0,0
A1Z6L1|EUKARYA|NO_SP|1,0
Q02721|EUKARYA|NO_SP|1,0
Q9VH70|EUKARYA|NO_SP|1,0
Q8T133|EUKARYA|NO_SP|2,0
Q8K288|EUKARYA|NO_SP|2,0
Q8WVT3|EUKARYA|NO_SP|2,0
P48491|EUKARYA|NO_SP|1,0
F4IV16|EUKARYA|NO_SP|1,0
Q22866|EUKARYA|NO_SP|1,0
F6ZDS4|EUKARYA|NO_SP|0,0
Q9ULW0|EUKARYA|NO_SP|1,0
Q07471|EUKARYA|NO_SP|0,0
O94278|EUKARYA|NO_SP|1,0
P42765|EUKARYA|NO_SP|2,0
Q8L719|EUKARYA|NO_SP|0,0
Q6NQ72|EUKARYA|NO_SP|0,0
Q9USR5|EUKARYA|NO_SP|1,0
Q1MTP1|EUKARYA|NO_SP|2,0
Q92748|EUKARYA|NO_SP|1,0
Q8MKF1|EUKARYA|NO_SP|1,0
Q08686|EUKARYA|NO_SP|0,0
O60220|EUKARYA|NO_SP|2,0
Q9XGY4|EUKARYA|NO_SP|2,0
P57744|EUKARYA|NO_SP|2,0
O75663|EUKARYA|NO_SP|1,0
P89886|EUKARYA|NO_SP|2,0
Q9NZQ9|EUKARYA|NO_SP|0,0
P32830|EUKARYA|NO_SP|2,0
Q9Y5L4|EUKARYA|NO_SP|2,0
Q2QAV0|EUKARYA|NO_SP|0,0
A4F267|EUKARYA|NO_SP|2,0
Q9LHE5|EUKARYA|NO_SP|2,0
Q9HDW0|EUKARYA|NO_SP|1,0
Q94FY8|EUKARYA|NO_SP|0,0
P34219|EUKARYA|NO_SP|0,0
Q9FQ24|EUKARYA|NO_SP|0,0
P90520|EUKARYA|NO_SP|1,0
Q80Z37|EUKARYA|NO_SP|0,0
O14356|EUKARYA|NO_SP|1,0
Q94AI7|EUKARYA|NO_SP|2,0
P29144|EUKARYA|NO_SP|1,0
Q0J7U6|EUKARYA|NO_SP|2,0
O08583|EUKARYA|NO_SP|0,0
O13539|EUKARYA|NO_SP|0,0
P31483|EUKARYA|NO_SP|0,0
D3IUT5|EUKARYA|NO_SP|0,0
Q8LBM2|EUKARYA|NO_SP|1,0
Q9VR52|EUKARYA|NO_SP|2,0
Q01852|EUKARYA|NO_SP|2,0
G5EDN3|EUKARYA|NO_SP|2,0
P49021|EUKARYA|NO_SP|2,0
Q07352|EUKARYA|NO_SP|1,0
P23949|EUKARYA|NO_SP|1,0
O20250|EUKARYA|NO_SP|0,0
Q9Y4G6|EUKARYA|NO_SP|1,0
Q8TBZ6|EUKARYA|NO_SP|2,0
Q03525|EUKARYA|NO_SP|2,0
Q91ZW6|EUKARYA|NO_SP|1,0
Q9XUS7|EUKARYA|NO_SP|2,0
A2XFC1|EUKARYA|NO_SP|0,0
Q9Y7K2|EUKARYA|NO_SP|1,0
F4I6M4|EUKARYA|NO_SP|0,0
Q95Q95|EUKARYA|NO_SP|1,0
Q5XF06|EUKARYA|NO_SP|2,0
Q7Z2Z1|EUKARYA|NO_SP|0,0
Q9NJE9|EUKARYA|NO_SP|2,0
P87108|EUKARYA|NO_SP|2,0
O35094|EUKARYA|NO_SP|0,0
O74700|EUKARYA|NO_SP|2,0
P79065|EUKARYA|NO_SP|1,0
Q5JNS0|EUKARYA|NO_SP|0,0
Q08687|EUKARYA|NO_SP|1,0
P32643|EUKARYA|NO_SP|1,0
Q9TXQ1|EUKARYA|NO_SP|1,0
Q8NDV7|EUKARYA|NO_SP|0,0
P32773|EUKARYA|NO_SP|1,0
A1Y9I9|EUKARYA|NO_SP|0,0
P70399|EUKARYA|NO_SP|1,0
Q9BWF2|EUKARYA|NO_SP|1,0
Q9Y5J7|EUKARYA|NO_SP|2,0
Q59H18|EUKARYA|NO_SP|2,0
Q9FEE2|EUKARYA|NO_SP|2,0
Q6Q4D0|EUKARYA|NO_SP|0,0
P30189|EUKARYA|NO_SP|1,0
B8BDQ4|EUKARYA|NO_SP|0,0
E5FYH0|EUKARYA|NO_SP|1,0
Q9CQP2|EUKARYA|NO_SP|1,0
A1Z8P9|EUKARYA|NO_SP|1,0
F1MA98|EUKARYA|NO_SP|2,0
Q5UB07|EUKARYA|NO_SP|1,0
Q09723|EUKARYA|NO_SP|2,0
Q99PQ1|EUKARYA|NO_SP|0,0
Q9BZY9|EUKARYA|NO_SP|0,0
Q8CH72|EUKARYA|NO_SP|0,0
Q8C006|EUKARYA|NO_SP|0,0
Q96LD4|EUKARYA|NO_SP|0,0
Q9ERP3|EUKARYA|NO_SP|0,0
Q0PF16|EUKARYA|NO_SP|0,0
Q8BGE7|EUKARYA|NO_SP|0,0
Q8C7M3|EUKARYA|NO_SP|0,0
Q12383|EUKARYA|NO_SP|1,0
Q93XM6|EUKARYA|NO_SP|1,0
O95932|EUKARYA|NO_SP|2,0
O43548|EUKARYA|NO_SP|2,0
Q7Z6K1|EUKARYA|NO_SP|2,0
O94265|EUKARYA|NO_SP|2,0
Q8IFW4|EUKARYA|NO_SP|2,0
P70318|EUKARYA|NO_SP|0,0
Q62318|EUKARYA|NO_SP|0,0
Q8BZA9|EUKARYA|NO_SP|2,0
Q99ML2|EUKARYA|NO_SP|0,0
P40032|EUKARYA|NO_SP|2,0
Q99MS8|EUKARYA|NO_SP|0,0
Q9P940|EUKARYA|NO_SP|1,0
B9DGU7|EUKARYA|NO_SP|1,0
F4J8D3|EUKARYA|NO_SP|1,0
Q00764|EUKARYA|NO_SP|2,0
O14145|EUKARYA|NO_SP|0,0
P31688|EUKARYA|NO_SP|1,0
O14246|EUKARYA|NO_SP|2,0
Q15628|EUKARYA|NO_SP|2,0
P48561|EUKARYA|NO_SP|0,0
P14373|EUKARYA|NO_SP|0,0
Q99PP7|EUKARYA|NO_SP|0,0
Q9BVG3|EUKARYA|NO_SP|0,0
Q9ESN6|EUKARYA|NO_SP|0,0
Q8LEK4|EUKARYA|NO_SP|0,0
Q9UTH1|EUKARYA|NO_SP|1,0
Q07527|EUKARYA|NO_SP|2,0
Q8TFG7|EUKARYA|NO_SP|1,0
Q9C8J7|EUKARYA|NO_SP|1,0
P0DI82|EUKARYA|NO_SP|1,0
Q64514|EUKARYA|NO_SP|1,0
Q9Y4K3|EUKARYA|NO_SP|1,0
Q12931|EUKARYA|NO_SP|0,0
Q9FJW5|EUKARYA|NO_SP|2,0
Q9FFY9|EUKARYA|NO_SP|0,0
O74955|EUKARYA|NO_SP|1,0
Q01534|EUKARYA|NO_SP|0,0
O13956|EUKARYA|NO_SP|2,0
Q9UUA9|EUKARYA|NO_SP|1,0
Q61471|EUKARYA|NO_SP|2,0
Q03280|EUKARYA|NO_SP|2,0
Q18090|EUKARYA|NO_SP|2,0
Q9HCN2|EUKARYA|NO_SP|0,0
Q7TQD2|EUKARYA|NO_SP|0,0
Q5M731|EUKARYA|NO_SP|2,0
Q569Z6|EUKARYA|NO_SP|0,0
O43715|EUKARYA|NO_SP|1,0
Q15650|EUKARYA|NO_SP|2,0
Q14669|EUKARYA|NO_SP|2,0
Q9XFI1|EUKARYA|NO_SP|1,0
O22779|EUKARYA|NO_SP|0,0
Q9FG36|EUKARYA|NO_SP|2,0
Q9FQ25|EUKARYA|NO_SP|0,0
P11387|EUKARYA|NO_SP|2,0
P11388|EUKARYA|NO_SP|1,0
Q06266|EUKARYA|NO_SP|0,0
Q66JW3|EUKARYA|NO_SP|2,0
Q3TBL6|EUKARYA|NO_SP|2,0
A4FVP2|EUKARYA|NO_SP|2,0
Q9Y2W1|EUKARYA|NO_SP|0,0
Q24119|EUKARYA|NO_SP|1,0
Q8WV44|EUKARYA|NO_SP|0,0
Q9BRZ2|EUKARYA|NO_SP|0,0
Q924W6|EUKARYA|NO_SP|1,0
Q9C030|EUKARYA|NO_SP|0,0
Q12400|EUKARYA|NO_SP|1,0
O94636|EUKARYA|NO_SP|2,0
P38238|EUKARYA|NO_SP|2,0
Q13470|EUKARYA|NO_SP|0,0
P41888|EUKARYA|NO_SP|1,0
P53840|EUKARYA|NO_SP|2,0
O96008|EUKARYA|NO_SP|0,0
P30181|EUKARYA|NO_SP|1,0
Q03496|EUKARYA|NO_SP|1,0
Q9M2X3|EUKARYA|NO_SP|2,0
Q96PN7|EUKARYA|NO_SP|1,0
Q7KVS9|EUKARYA|NO_SP|1,0
O14307|EUKARYA|NO_SP|2,0
P11596|EUKARYA|NO_SP|0,0
Q969P6|EUKARYA|NO_SP|0,0
P15348|EUKARYA|NO_SP|1,0
Q76IQ7|EUKARYA|NO_SP|2,0
O70274|EUKARYA|NO_SP|1,0
P53738|EUKARYA|NO_SP|2,0
Q9BVS5|EUKARYA|NO_SP|0,0
P62995|EUKARYA|NO_SP|0,0
Q60803|EUKARYA|NO_SP|1,0
O15344|EUKARYA|NO_SP|0,0
Q9UPQ4|EUKARYA|NO_SP|0,0
Q86XT4|EUKARYA|NO_SP|0,0
Q80VI1|EUKARYA|NO_SP|0,0
Q38HM4|EUKARYA|NO_SP|0,0
Q28283|EUKARYA|NO_SP|0,0
Q8VZT6|EUKARYA|NO_SP|2,0
Q9HGQ2|EUKARYA|NO_SP|1,0
P41814|EUKARYA|NO_SP|0,0
Q99PQ2|EUKARYA|NO_SP|0,0
Q05024|EUKARYA|NO_SP|2,0
Q9HCM9|EUKARYA|NO_SP|0,0
Q9C035|EUKARYA|NO_SP|0,0
Q9C026|EUKARYA|NO_SP|0,0
Q12463|EUKARYA|NO_SP|1,0
O13935|EUKARYA|NO_SP|1,0
Q03774|EUKARYA|NO_SP|1,0
Q9UBP6|EUKARYA|NO_SP|1,0
Q93VV9|EUKARYA|NO_SP|0,0
Q8H0U4|EUKARYA|NO_SP|1,0
Q9Y5L0|EUKARYA|NO_SP|0,0
Q800K6|EUKARYA|NO_SP|2,0
Q19253|EUKARYA|NO_SP|2,0
Q54GH3|EUKARYA|NO_SP|0,0
Q96B49|EUKARYA|NO_SP|0,0
O17966|EUKARYA|NO_SP|2,0
Q50EK2|EUKARYA|NO_SP|2,0
Q6Q3H2|EUKARYA|NO_SP|1,0
P34708|EUKARYA|NO_SP|1,0
O00463|EUKARYA|NO_SP|1,0
Q8K4K2|EUKARYA|NO_SP|0,0
Q15654|EUKARYA|NO_SP|0,0
O64654|EUKARYA|NO_SP|0,0
Q8LCT3|EUKARYA|NO_SP|0,0
Q12009|EUKARYA|NO_SP|1,0
Q02648|EUKARYA|NO_SP|1,0
P29509|EUKARYA|NO_SP|0,0
Q9H0U9|EUKARYA|NO_SP|1,0
Q99LG4|EUKARYA|NO_SP|2,0
Q8TAM2|EUKARYA|NO_SP|1,0
P47168|EUKARYA|NO_SP|2,0
Q86PC9|EUKARYA|NO_SP|2,0
Q09715|EUKARYA|NO_SP|1,0
O43396|EUKARYA|NO_SP|2,0
Q9NNW7|EUKARYA|NO_SP|0,0
O74887|EUKARYA|NO_SP|2,0
Q9U1Q0|EUKARYA|NO_SP|1,0
Q6EMB2|EUKARYA|NO_SP|0,0
G5EE86|EUKARYA|NO_SP|2,0
Q9NUW8|EUKARYA|NO_SP|1,0
Q9UTI7|EUKARYA|NO_SP|2,0
Q9LR44|EUKARYA|NO_SP|2,0
P68036|EUKARYA|NO_SP|0,0
Q13404|EUKARYA|NO_SP|2,0
O74810|EUKARYA|NO_SP|0,0
P25976|EUKARYA|NO_SP|1,0
O94504|EUKARYA|NO_SP|1,0
Q9ZP20|EUKARYA|NO_SP|0,0
O64764|EUKARYA|NO_SP|0,0
Q9N2I8|EUKARYA|NO_SP|0,0
Q92574|EUKARYA|NO_SP|1,0
Q2HNT2|EUKARYA|NO_SP|0,0
Q9P7V3|EUKARYA|NO_SP|2,0
B2RX14|EUKARYA|NO_SP|1,0
Q9VFM9|EUKARYA|NO_SP|2,0
Q9I969|EUKARYA|NO_SP|1,0
Q8N427|EUKARYA|NO_SP|2,0
O43818|EUKARYA|NO_SP|0,0
O75643|EUKARYA|NO_SP|1,0
Q9H832|EUKARYA|NO_SP|0,0
Q9QZI7|EUKARYA|NO_SP|0,0
Q9UUG9|EUKARYA|NO_SP|1,0
Q9LUI3|EUKARYA|NO_SP|2,0
Q12094|EUKARYA|NO_SP|1,0
Q55FT4|EUKARYA|NO_SP|0,0
Q9H2G4|EUKARYA|NO_SP|0,0
Q96AE7|EUKARYA|NO_SP|0,0
Q23049|EUKARYA|NO_SP|2,0
P42681|EUKARYA|NO_SP|1,0
P83876|EUKARYA|NO_SP|0,0
Q715T0|EUKARYA|NO_SP|2,0
Q8H1D9|EUKARYA|NO_SP|2,0
Q9USG9|EUKARYA|NO_SP|1,0
Q9DBA6|EUKARYA|NO_SP|0,0
Q00899|EUKARYA|NO_SP|0,0
Q8VY74|EUKARYA|NO_SP|2,0
O74503|EUKARYA|NO_SP|2,0
G5EEV2|EUKARYA|NO_SP|2,0
Q9Y606|EUKARYA|NO_SP|0,0
Q38879|EUKARYA|NO_SP|1,0
Q63HK5|EUKARYA|NO_SP|0,0
Q15631|EUKARYA|NO_SP|1,0
P87156|EUKARYA|NO_SP|1,0
Q0HA38|EUKARYA|NO_SP|1,0
P41842|EUKARYA|NO_SP|1,0
Q9ULT0|EUKARYA|NO_SP|2,0
Q7K556|EUKARYA|NO_SP|1,0
Q9UNY4|EUKARYA|NO_SP|1,0
P0CAZ0|EUKARYA|NO_SP|1,0
Q23MT7|EUKARYA|NO_SP|1,0
P38254|EUKARYA|NO_SP|1,0
P47973|EUKARYA|NO_SP|0,0
Q5VYS8|EUKARYA|NO_SP|1,0
Q91YR1|EUKARYA|NO_SP|2,0
P10627|EUKARYA|NO_SP|1,0
Q07163|EUKARYA|NO_SP|1,0
O95551|EUKARYA|NO_SP|0,0
Q9D883|EUKARYA|NO_SP|1,0
P36629|EUKARYA|NO_SP|0,0
Q8BGJ9|EUKARYA|NO_SP|1,0
Q15696|EUKARYA|NO_SP|1,0
Q86WT6|EUKARYA|NO_SP|1,0
Q10224|EUKARYA|NO_SP|1,0
Q10313|EUKARYA|NO_SP|1,0
Q8IRW8|EUKARYA|NO_SP|1,0
Q9XFH8|EUKARYA|NO_SP|0,0
Q42403|EUKARYA|NO_SP|2,0
Q6NPF9|EUKARYA|NO_SP|0,0
P20659|EUKARYA|NO_SP|1,0
Q96PF2|EUKARYA|NO_SP|0,0
Q23FE2|EUKARYA|NO_SP|1,0
Q9SIY3|EUKARYA|NO_SP|2,0
G4SLH0|EUKARYA|NO_SP|1,0
B5X582|EUKARYA|NO_SP|0,0
Q9UJT2|EUKARYA|NO_SP|1,0
Q06672|EUKARYA|NO_SP|1,0
Q5TCY1|EUKARYA|NO_SP|0,0
Q8SYD0|EUKARYA|NO_SP|1,0
Q62187|EUKARYA|NO_SP|2,0
O43156|EUKARYA|NO_SP|2,0
Q10438|EUKARYA|NO_SP|1,0
Q8BJ37|EUKARYA|NO_SP|1,0
Q9ZR39|EUKARYA|NO_SP|0,0
Q9FMY5|EUKARYA|NO_SP|1,0
Q08747|EUKARYA|NO_SP|2,0
Q8WVN8|EUKARYA|NO_SP|2,0
P38820|EUKARYA|NO_SP|1,0
Q9GZZ9|EUKARYA|NO_SP|0,0
O15205|EUKARYA|NO_SP|1,0
Q8VDW4|EUKARYA|NO_SP|0,0
O08759|EUKARYA|NO_SP|1,0
Q9BZL1|EUKARYA|NO_SP|1,0
Q9Y2K6|EUKARYA|NO_SP|1,0
O24454|EUKARYA|NO_SP|1,0
Q8C2S0|EUKARYA|NO_SP|2,0
Q86UV5|EUKARYA|NO_SP|1,0
P61960|EUKARYA|NO_SP|1,0
O48737|EUKARYA|NO_SP|0,0
Q9Z0J5|EUKARYA|NO_SP|0,0
Q09778|EUKARYA|NO_SP|1,0
D3ZKB9|EUKARYA|NO_SP|0,0
Q8VWG3|EUKARYA|NO_SP|2,0
Q6PF05|EUKARYA|NO_SP|1,0
P53804|EUKARYA|NO_SP|1,0
Q86TV6|EUKARYA|NO_SP|2,0
Q8N841|EUKARYA|NO_SP|2,0
A2APC3|EUKARYA|NO_SP|2,0
Q09306|EUKARYA|NO_SP|1,0
Q9USR1|EUKARYA|NO_SP|2,0
Q6QN14|EUKARYA|NO_SP|2,0
Q9S709|EUKARYA|NO_SP|1,0
Q9BSL1|EUKARYA|NO_SP|2,0
Q93571|EUKARYA|NO_SP|2,0
P63072|EUKARYA|NO_SP|1,0
P54578|EUKARYA|NO_SP|1,0
Q9P275|EUKARYA|NO_SP|1,0
Q13107|EUKARYA|NO_SP|1,0
Q8WUN7|EUKARYA|NO_SP|1,0
Q06682|EUKARYA|NO_SP|2,0
O94888|EUKARYA|NO_SP|0,0
Q8VWK4|EUKARYA|NO_SP|2,0
O42893|EUKARYA|NO_SP|1,0
Q6E434|EUKARYA|NO_SP|1,0
Q0KL02|EUKARYA|NO_SP|0,0
Q6K431|EUKARYA|NO_SP|1,0
P0CU34|EUKARYA|NO_SP|2,0
Q692V3|EUKARYA|NO_SP|2,0
Q9VM92|EUKARYA|NO_SP|1,0
A4Q9E8|EUKARYA|NO_SP|2,0
A4Q9F0|EUKARYA|NO_SP|1,0
P46959|EUKARYA|NO_SP|2,0
Q9HGL4|EUKARYA|NO_SP|0,0
P49957|EUKARYA|NO_SP|1,0
P38816|EUKARYA|NO_SP|0,0
Q9SEU6|EUKARYA|NO_SP|0,0
Q9JLT4|EUKARYA|NO_SP|0,0
Q8GV05|EUKARYA|NO_SP|2,0
Q39238|EUKARYA|NO_SP|1,0
P25040|EUKARYA|NO_SP|1,0
B5DEL3|EUKARYA|NO_SP|0,0
Q32NU8|EUKARYA|NO_SP|1,0
A4Q9F4|EUKARYA|NO_SP|0,0
Q15029|EUKARYA|NO_SP|0,0
P51965|EUKARYA|NO_SP|1,0
Q5DU02|EUKARYA|NO_SP|0,0
Q9BXU7|EUKARYA|NO_SP|1,0
O88623|EUKARYA|NO_SP|2,0
Q9Y6I4|EUKARYA|NO_SP|2,0
Q9H0E7|EUKARYA|NO_SP|2,0
P35123|EUKARYA|NO_SP|1,0
Q9P7V9|EUKARYA|NO_SP|2,0
Q8R512|EUKARYA|NO_SP|1,0
Q8TAS1|EUKARYA|NO_SP|0,0
Q96RL1|EUKARYA|NO_SP|2,0
Q10267|EUKARYA|NO_SP|2,0
O94621|EUKARYA|NO_SP|0,0
Q5W0Q7|EUKARYA|NO_SP|2,0
Q12132|EUKARYA|NO_SP|1,0
Q05946|EUKARYA|NO_SP|2,0
P40362|EUKARYA|NO_SP|2,0
O74862|EUKARYA|NO_SP|2,0
Q969X6|EUKARYA|NO_SP|1,0
P53276|EUKARYA|NO_SP|1,0
P50551|EUKARYA|NO_SP|1,0
P34223|EUKARYA|NO_SP|1,0
Q96PU4|EUKARYA|NO_SP|0,0
Q96BW1|EUKARYA|NO_SP|1,0
O59707|EUKARYA|NO_SP|2,0
Q04179|EUKARYA|NO_SP|1,0
P25688|EUKARYA|NO_SP|1,0
O74427|EUKARYA|NO_SP|2,0
O13878|EUKARYA|NO_SP|1,0
O94676|EUKARYA|NO_SP|2,0
P53254|EUKARYA|NO_SP|2,0
Q9VM91|EUKARYA|NO_SP|1,0
Q5TAX3|EUKARYA|NO_SP|1,0
Q9VI58|EUKARYA|NO_SP|1,0
Q99MV2|EUKARYA|NO_SP|1,0
Q9DBG9|EUKARYA|NO_SP|1,0
Q715S9|EUKARYA|NO_SP|2,0
Q04235|EUKARYA|NO_SP|1,0
Q8RWV8|EUKARYA|NO_SP|0,0
Q13432|EUKARYA|NO_SP|0,0
Q9T0A7|EUKARYA|NO_SP|0,0
Q18685|EUKARYA|NO_SP|2,0
O01761|EUKARYA|NO_SP|0,0
Q4V5A3|EUKARYA|NO_SP|1,0
Q14146|EUKARYA|NO_SP|2,0
Q8TCY9|EUKARYA|NO_SP|1,0
Q9Y6N9|EUKARYA|NO_SP|1,0
Q9VPQ6|EUKARYA|NO_SP|1,0
Q16560|EUKARYA|NO_SP|2,0
Q9LKA4|EUKARYA|NO_SP|2,0
Q95017|EUKARYA|NO_SP|0,0
P50623|EUKARYA|NO_SP|0,0
P63149|EUKARYA|NO_SP|0,0
Q9ES00|EUKARYA|NO_SP|0,0
Q9UUB6|EUKARYA|NO_SP|2,0
Q9UMW8|EUKARYA|NO_SP|1,0
Q9UK80|EUKARYA|NO_SP|0,0
Q5U349|EUKARYA|NO_SP|2,0
Q9VRP5|EUKARYA|NO_SP|1,0
Q9UHD9|EUKARYA|NO_SP|0,0
Q8IWV7|EUKARYA|NO_SP|1,0
P54730|EUKARYA|NO_SP|1,0
Q10187|EUKARYA|NO_SP|1,0
Q63285|EUKARYA|NO_SP|0,0
Q96QD9|EUKARYA|NO_SP|1,0
Q9LT38|EUKARYA|NO_SP|0,0
Q9C0B0|EUKARYA|NO_SP|1,0
Q9US43|EUKARYA|NO_SP|2,0
Q04411|EUKARYA|NO_SP|2,0
P23202|EUKARYA|NO_SP|0,0
O94617|EUKARYA|NO_SP|1,0
P51668|EUKARYA|NO_SP|0,0
Q7TSS2|EUKARYA|NO_SP|0,0
Q9LES2|EUKARYA|NO_SP|0,0
P61088|EUKARYA|NO_SP|0,0
Q9USR2|EUKARYA|NO_SP|2,0
P51784|EUKARYA|NO_SP|0,0
Q9UHP3|EUKARYA|NO_SP|0,0
P40453|EUKARYA|NO_SP|1,0
Q07963|EUKARYA|NO_SP|2,0
Q9BZV1|EUKARYA|NO_SP|1,0
Q9FFF2|EUKARYA|NO_SP|2,0
Q9JKB1|EUKARYA|NO_SP|1,0
Q9P6S3|EUKARYA|NO_SP|1,0
Q9HE05|EUKARYA|NO_SP|2,0
Q42605|EUKARYA|NO_SP|0,0
O70405|EUKARYA|NO_SP|0,0
Q08562|EUKARYA|NO_SP|2,0
Q8CGY6|EUKARYA|NO_SP|0,0
Q9SYB9|EUKARYA|NO_SP|0,0
Q96WV0|EUKARYA|NO_SP|1,0
Q9SJM7|EUKARYA|NO_SP|1,0
Q9W148|EUKARYA|NO_SP|0,0
P16649|EUKARYA|NO_SP|1,0
O60078|EUKARYA|NO_SP|1,0
A1L167|EUKARYA|NO_SP|1,0
Q9NZ09|EUKARYA|NO_SP|2,0
Q9LJZ5|EUKARYA|NO_SP|2,0
P14682|EUKARYA|NO_SP|2,0
Q9SCJ9|EUKARYA|NO_SP|1,0
Q80U87|EUKARYA|NO_SP|1,0
Q9QZM0|EUKARYA|NO_SP|0,0
O04482|EUKARYA|NO_SP|2,0
O94536|EUKARYA|NO_SP|2,0
E7EZF3|EUKARYA|NO_SP|0,0
Q7TMI3|EUKARYA|NO_SP|0,0
P22812|EUKARYA|NO_SP|1,0
Q8BHN1|EUKARYA|NO_SP|2,0
Q11183|EUKARYA|NO_SP|0,0
Q8BG60|EUKARYA|NO_SP|2,0
O17389|EUKARYA|NO_SP|1,0
Q9VQM4|EUKARYA|NO_SP|1,0
Q09832|EUKARYA|NO_SP|1,0
P28263|EUKARYA|NO_SP|0,0
P63281|EUKARYA|NO_SP|0,0
Q9M427|EUKARYA|NO_SP|1,0
Q9UTT1|EUKARYA|NO_SP|1,0
Q8CEG8|EUKARYA|NO_SP|1,0
Q96K76|EUKARYA|NO_SP|1,0
Q8LAM0|EUKARYA|NO_SP|1,0
Q93009|EUKARYA|NO_SP|1,0
Q9ES53|EUKARYA|NO_SP|2,0
Q09275|EUKARYA|NO_SP|1,0
Q8GZA8|EUKARYA|NO_SP|2,0
Q19203|EUKARYA|NO_SP|1,0
O74834|EUKARYA|NO_SP|1,0
P36097|EUKARYA|NO_SP|2,0
Q23TC2|EUKARYA|NO_SP|1,0
Q23AS2|EUKARYA|NO_SP|1,0
Q80UG8|EUKARYA|NO_SP|1,0
F4JRR5|EUKARYA|NO_SP|1,0
P04818|EUKARYA|NO_SP|2,0
P06785|EUKARYA|NO_SP|1,0
Q3USZ2|EUKARYA|NO_SP|1,0
Q14694|EUKARYA|NO_SP|2,0
P38237|EUKARYA|NO_SP|1,0
P34547|EUKARYA|NO_SP|1,0
Q922Y1|EUKARYA|NO_SP|2,0
Q23K29|EUKARYA|NO_SP|1,0
Q9BRA2|EUKARYA|NO_SP|1,0
P38319|EUKARYA|NO_SP|1,0
P25490|EUKARYA|NO_SP|0,0
P06104|EUKARYA|NO_SP|0,0
P40984|EUKARYA|NO_SP|0,0
Q9R085|EUKARYA|NO_SP|1,0
O94782|EUKARYA|NO_SP|1,0
P57080|EUKARYA|NO_SP|0,0
Q96RU2|EUKARYA|NO_SP|0,0
Q92353|EUKARYA|NO_SP|1,0
P40818|EUKARYA|NO_SP|1,0
Q6WKZ8|EUKARYA|NO_SP|1,0
Q12229|EUKARYA|NO_SP|1,0
Q9UT93|EUKARYA|NO_SP|2,0
Q23238|EUKARYA|NO_SP|2,0
Q940S3|EUKARYA|NO_SP|1,0
Q969T4|EUKARYA|NO_SP|1,0
Q9NPD8|EUKARYA|NO_SP|0,0
Q9Y5K5|EUKARYA|NO_SP|2,0
Q16851|EUKARYA|NO_SP|2,0
Q2PS26|EUKARYA|NO_SP|2,0
P39001|EUKARYA|NO_SP|1,0
P52906|EUKARYA|NO_SP|1,0
Q12151|EUKARYA|NO_SP|2,0
Q9SU29|EUKARYA|NO_SP|1,0
P47108|EUKARYA|NO_SP|1,0
O14016|EUKARYA|NO_SP|1,0
Q9ZUX4|EUKARYA|NO_SP|0,0
Q05776|EUKARYA|NO_SP|2,0
Q9NVA1|EUKARYA|NO_SP|1,0
P38627|EUKARYA|NO_SP|1,0
Q09804|EUKARYA|NO_SP|1,0
P87125|EUKARYA|NO_SP|1,0
O64642|EUKARYA|NO_SP|0,0
Q6DRC5|EUKARYA|NO_SP|2,0
Q04177|EUKARYA|NO_SP|1,0
Q8W4L5|EUKARYA|NO_SP|2,0
P70460|EUKARYA|NO_SP|1,0
A0A086T5L8|EUKARYA|NO_SP|2,0
Q9SHZ6|EUKARYA|NO_SP|0,0
P22314|EUKARYA|NO_SP|2,0
P54860|EUKARYA|NO_SP|2,0
P78811|EUKARYA|NO_SP|2,0
O59819|EUKARYA|NO_SP|2,0
F4IY62|EUKARYA|NO_SP|0,0
P13528|EUKARYA|NO_SP|1,0
Q9LIH6|EUKARYA|NO_SP|0,0
Q86B79|EUKARYA|NO_SP|1,0
P48412|EUKARYA|NO_SP|1,0
O94365|EUKARYA|NO_SP|1,0
Q9Y5J1|EUKARYA|NO_SP|0,0
Q9FKM2|EUKARYA|NO_SP|2,0
L0PQS5|EUKARYA|NO_SP|2,0
C8VTV4|EUKARYA|NO_SP|2,0
G5EDZ2|EUKARYA|NO_SP|1,0
Q9US41|EUKARYA|NO_SP|1,0
P34247|EUKARYA|NO_SP|0,0
Q02931|EUKARYA|NO_SP|1,0
P40463|EUKARYA|NO_SP|1,0
O81644|EUKARYA|NO_SP|2,0
P37398|EUKARYA|NO_SP|0,0
P52759|EUKARYA|NO_SP|0,0
Q9FKS0|EUKARYA|NO_SP|0,0
Q6PHR2|EUKARYA|NO_SP|0,0
Q8RWN0|EUKARYA|NO_SP|2,0
O13769|EUKARYA|NO_SP|1,0
Q8S8I2|EUKARYA|NO_SP|2,0
Q9U221|EUKARYA|NO_SP|1,0
P12887|EUKARYA|NO_SP|1,0
P34241|EUKARYA|NO_SP|1,0
Q06525|EUKARYA|NO_SP|2,0
Q04305|EUKARYA|NO_SP|1,0
O75691|EUKARYA|NO_SP|2,0
Q9NYH9|EUKARYA|NO_SP|2,0
P40055|EUKARYA|NO_SP|1,0
Q8S9K3|EUKARYA|NO_SP|0,0
Q9SRH5|EUKARYA|NO_SP|2,0
Q12220|EUKARYA|NO_SP|1,0
Q04500|EUKARYA|NO_SP|2,0
Q8TED0|EUKARYA|NO_SP|1,0
O60055|EUKARYA|NO_SP|2,0
Q12339|EUKARYA|NO_SP|2,0
O60161|EUKARYA|NO_SP|1,0
Q9HE11|EUKARYA|NO_SP|0,0
Q02354|EUKARYA|NO_SP|2,0
Q8WQ85|EUKARYA|NO_SP|1,0
P08670|EUKARYA|NO_SP|0,0
Q54MH2|EUKARYA|NO_SP|1,0
B5X0I6|EUKARYA|NO_SP|2,0
P34511|EUKARYA|NO_SP|1,0
Q709C8|EUKARYA|NO_SP|2,0
O75436|EUKARYA|NO_SP|2,0
Q8C0E2|EUKARYA|NO_SP|2,0
O94259|EUKARYA|NO_SP|1,0
Q06679|EUKARYA|NO_SP|1,0
P38882|EUKARYA|NO_SP|1,0
Q9XXU9|EUKARYA|NO_SP|0,0
P40157|EUKARYA|NO_SP|0,0
O81643|EUKARYA|NO_SP|2,0
O65570|EUKARYA|NO_SP|2,0
P31000|EUKARYA|NO_SP|0,0
Q6PFW1|EUKARYA|NO_SP|0,0
O74429|EUKARYA|NO_SP|2,0
Q9FNQ0|EUKARYA|NO_SP|0,0
Q9ES64|EUKARYA|NO_SP|1,0
P09052|EUKARYA|NO_SP|0,0
P40041|EUKARYA|NO_SP|2,0
Q00341|EUKARYA|NO_SP|1,0
Q9W1R5|EUKARYA|NO_SP|2,0
Q5BBX1|EUKARYA|NO_SP|2,0
G3YHA8|EUKARYA|NO_SP|2,0
P40080|EUKARYA|NO_SP|1,0
Q9C2N1|EUKARYA|NO_SP|1,0
F4KHI3|EUKARYA|NO_SP|0,0
O81645|EUKARYA|NO_SP|2,0
O43314|EUKARYA|NO_SP|0,0
Q9URW7|EUKARYA|NO_SP|1,0
P36017|EUKARYA|NO_SP|0,0
O74967|EUKARYA|NO_SP|1,0
P53853|EUKARYA|NO_SP|1,0
Q19848|EUKARYA|NO_SP|2,0
H2L0H5|EUKARYA|NO_SP|2,0
Q92558|EUKARYA|NO_SP|1,0
Q8VDD8|EUKARYA|NO_SP|1,0
O08816|EUKARYA|NO_SP|2,0
O74184|EUKARYA|NO_SP|2,0
O74409|EUKARYA|NO_SP|1,0
P27515|EUKARYA|NO_SP|1,0
Q9FJX3|EUKARYA|NO_SP|2,0
Q9W552|EUKARYA|NO_SP|2,0
Q9VU87|EUKARYA|NO_SP|1,0
Q9VCU7|EUKARYA|NO_SP|1,0
Q9W0S8|EUKARYA|NO_SP|1,0
Q5RKI0|EUKARYA|NO_SP|1,0
Q9C0J8|EUKARYA|NO_SP|1,0
P61965|EUKARYA|NO_SP|0,0
Q94JX5|EUKARYA|NO_SP|2,0
B6H3B2|EUKARYA|NO_SP|2,0
P87377|EUKARYA|NO_SP|1,0
P40547|EUKARYA|NO_SP|1,0
Q9VIP8|EUKARYA|NO_SP|1,0
Q06263|EUKARYA|NO_SP|2,0
Q6P4I2|EUKARYA|NO_SP|2,0
Q8IWA0|EUKARYA|NO_SP|1,0
P0C7L0|EUKARYA|NO_SP|0,0
Q91XU0|EUKARYA|NO_SP|1,0
Q6EPZ0|EUKARYA|NO_SP|0,0
Q6QHD1|EUKARYA|NO_SP|2,0
Q9C519|EUKARYA|NO_SP|2,0
P22561|EUKARYA|NO_SP|0,0
Q91WL8|EUKARYA|NO_SP|0,0
P47990|EUKARYA|NO_SP|2,0
Q9UT60|EUKARYA|NO_SP|1,0
Q8H3A7|EUKARYA|NO_SP|0,0
Q9NQH7|EUKARYA|NO_SP|0,0
Q9FQ03|EUKARYA|NO_SP|2,0
Q03785|EUKARYA|NO_SP|2,0
Q9LVC6|EUKARYA|NO_SP|2,0
P02640|EUKARYA|NO_SP|2,0
P40336|EUKARYA|NO_SP|2,0
O13821|EUKARYA|NO_SP|2,0
Q9UTI5|EUKARYA|NO_SP|2,0
O59669|EUKARYA|NO_SP|1,0
Q9P790|EUKARYA|NO_SP|1,0
Q61048|EUKARYA|NO_SP|2,0
Q9CX97|EUKARYA|NO_SP|1,0
Q6RFH5|EUKARYA|NO_SP|1,0
P0C1S8|EUKARYA|NO_SP|1,0
Q9SEI0|EUKARYA|NO_SP|2,0
Q3LHL9|EUKARYA|NO_SP|2,0
Q12416|EUKARYA|NO_SP|0,0
Q09604|EUKARYA|NO_SP|2,0
P56216|EUKARYA|NO_SP|1,0
Q3MIE4|EUKARYA|NO_SP|0,0
Q9SMX3|EUKARYA|NO_SP|2,0
Q9SM43|EUKARYA|NO_SP|1,0
P40522|EUKARYA|NO_SP|2,0
Q1MTR3|EUKARYA|NO_SP|1,0
Q9LHF5|EUKARYA|NO_SP|1,0
Q03433|EUKARYA|NO_SP|1,0
Q9NP79|EUKARYA|NO_SP|0,0
Q03631|EUKARYA|NO_SP|1,0
Q8GYX9|EUKARYA|NO_SP|2,0
O04193|EUKARYA|NO_SP|2,0
Q9JIH7|EUKARYA|NO_SP|1,0
Q0JEE2|EUKARYA|NO_SP|2,0
Q9FL26|EUKARYA|NO_SP|1,0
P38838|EUKARYA|NO_SP|2,0
Q6QZQ4|EUKARYA|NO_SP|0,0
P21576|EUKARYA|NO_SP|0,0
Q06696|EUKARYA|NO_SP|1,0
O94388|EUKARYA|NO_SP|1,0
O75554|EUKARYA|NO_SP|2,0
Q9UNX4|EUKARYA|NO_SP|1,0
Q15061|EUKARYA|NO_SP|1,0
Q8CGF6|EUKARYA|NO_SP|2,0
O80775|EUKARYA|NO_SP|1,0
Q6UXN9|EUKARYA|NO_SP|1,0
O88286|EUKARYA|NO_SP|0,0
E1B328|EUKARYA|NO_SP|1,0
Q9XI90|EUKARYA|NO_SP|2,0
Q10953|EUKARYA|NO_SP|2,0
Q9C516|EUKARYA|NO_SP|1,0
Q9LTT8|EUKARYA|NO_SP|0,0
Q8BGW8|EUKARYA|NO_SP|1,0
Q9FPW4|EUKARYA|NO_SP|0,0
Q9C950|EUKARYA|NO_SP|0,0
Q69YN4|EUKARYA|NO_SP|2,0
Q502W6|EUKARYA|NO_SP|1,0
Q924H7|EUKARYA|NO_SP|0,0
Q91YD9|EUKARYA|NO_SP|2,0
Q84WL6|EUKARYA|NO_SP|1,0
Q4VBE8|EUKARYA|NO_SP|1,0
Q9W7F2|EUKARYA|NO_SP|1,0
Q09873|EUKARYA|NO_SP|1,0
Q9GZS3|EUKARYA|NO_SP|2,0
Q9SLB9|EUKARYA|NO_SP|0,0
Q8IV63|EUKARYA|NO_SP|2,0
Q9BTA9|EUKARYA|NO_SP|0,0
Q5BLX8|EUKARYA|NO_SP|2,0
Q9V3J8|EUKARYA|NO_SP|1,0
Q9HGL9|EUKARYA|NO_SP|1,0
Q9M047|EUKARYA|NO_SP|2,0
Q9LG05|EUKARYA|NO_SP|2,0
Q6IEQ7|EUKARYA|NO_SP|1,0
Q9SB92|EUKARYA|NO_SP|2,0
Q9VLU5|EUKARYA|NO_SP|0,0
Q9P6R1|EUKARYA|NO_SP|0,0
Q8L4H0|EUKARYA|NO_SP|1,0
A4PES0|EUKARYA|NO_SP|1,0
Q6IN36|EUKARYA|NO_SP|0,0
J9N5P9|EUKARYA|NO_SP|2,0
Q8BZZ3|EUKARYA|NO_SP|0,0
Q9VJG0|EUKARYA|NO_SP|2,0
P47165|EUKARYA|NO_SP|1,0
Q13426|EUKARYA|NO_SP|1,0
Q6NLW5|EUKARYA|NO_SP|1,0
P40383|EUKARYA|NO_SP|2,0
Q8L3W1|EUKARYA|NO_SP|1,0
Q9LUL2|EUKARYA|NO_SP|0,0
Q9LF27|EUKARYA|NO_SP|0,0
Q8BND3|EUKARYA|NO_SP|1,0
Q9M2Z2|EUKARYA|NO_SP|0,0
Q9USZ0|EUKARYA|NO_SP|2,0
Q9VLN1|EUKARYA|NO_SP|1,0
O48724|EUKARYA|NO_SP|1,0
Q6X7J4|EUKARYA|NO_SP|1,0
Q0DAJ3|EUKARYA|NO_SP|0,0
Q8S8P5|EUKARYA|NO_SP|0,0
Q9VE86|EUKARYA|NO_SP|2,0
Q14191|EUKARYA|NO_SP|1,0
Q9P7J2|EUKARYA|NO_SP|1,0
O94258|EUKARYA|NO_SP|1,0
O43543|EUKARYA|NO_SP|0,0
P12956|EUKARYA|NO_SP|2,0
Q9H0D6|EUKARYA|NO_SP|2,0
Q9ZVN2|EUKARYA|NO_SP|1,0
Q8H124|EUKARYA|NO_SP|2,0
Q9FZ89|EUKARYA|NO_SP|2,0
Q9LW26|EUKARYA|NO_SP|0,0
Q9ZQY6|EUKARYA|NO_SP|0,0
Q9Y7S6|EUKARYA|NO_SP|2,0
Q7YR23|EUKARYA|NO_SP|2,0
Q99J72|EUKARYA|NO_SP|2,0
Q8WTS1|EUKARYA|NO_SP|1,0
Q8BL65|EUKARYA|NO_SP|2,0
P15891|EUKARYA|NO_SP|1,0
P28299|EUKARYA|NO_SP|2,0
Q12031|EUKARYA|NO_SP|2,0
Q03771|EUKARYA|NO_SP|2,0
O96019|EUKARYA|NO_SP|0,0
Q9Z1P2|EUKARYA|NO_SP|0,0
Q54I79|EUKARYA|NO_SP|0,0
Q9P7J7|EUKARYA|NO_SP|1,0
P53909|EUKARYA|NO_SP|0,0
Q9M0X9|EUKARYA|NO_SP|1,0
P14164|EUKARYA|NO_SP|1,0
Q8K4K7|EUKARYA|NO_SP|0,0
Q969K4|EUKARYA|NO_SP|2,0
Q6Z6M4|EUKARYA|NO_SP|2,0
Q9SGY2|EUKARYA|NO_SP|1,0
A2AKK5|EUKARYA|NO_SP|0,0
Q9P7D4|EUKARYA|NO_SP|0,0
O64894|EUKARYA|NO_SP|1,0
Q9FZ47|EUKARYA|NO_SP|1,0
O18178|EUKARYA|NO_SP|1,0
Q93YV6|EUKARYA|NO_SP|0,0
Q32PI5|EUKARYA|NO_SP|0,0
P47177|EUKARYA|NO_SP|1,0
P11171|EUKARYA|NO_SP|1,0
O42652|EUKARYA|NO_SP|1,0
Q08641|EUKARYA|NO_SP|2,0
Q9P2A4|EUKARYA|NO_SP|0,0
Q8N1Q8|EUKARYA|NO_SP|0,0
Q8N9L9|EUKARYA|NO_SP|0,0
Q68CK6|EUKARYA|NO_SP|1,0
P31946|EUKARYA|NO_SP|0,0
P62258|EUKARYA|NO_SP|0,0
Q15173|EUKARYA|NO_SP|0,0
Q84P21|EUKARYA|NO_SP|2,0
P00508|EUKARYA|NO_SP|0,0
O94570|EUKARYA|NO_SP|2,0
Q9UH17|EUKARYA|NO_SP|2,0
Q19Q52|EUKARYA|NO_SP|2,0
P56765|EUKARYA|NO_SP|1,0
P70584|EUKARYA|NO_SP|2,0
Q96AP0|EUKARYA|NO_SP|0,0
P86173|EUKARYA|NO_SP|0,0
Q9FGX1|EUKARYA|NO_SP|1,0
O74934|EUKARYA|NO_SP|1,0
O74936|EUKARYA|NO_SP|1,0
P78789|EUKARYA|NO_SP|1,0
Q8R0P4|EUKARYA|NO_SP|1,0
Q6LA53|EUKARYA|NO_SP|1,0
Q84LM4|EUKARYA|NO_SP|2,0
I1S4T3|EUKARYA|NO_SP|0,0
B7U179|EUKARYA|NO_SP|2,0
Q9QZM5|EUKARYA|NO_SP|0,0
Q9USY4|EUKARYA|NO_SP|1,0
Q80XL6|EUKARYA|NO_SP|2,0
Q9P6J1|EUKARYA|NO_SP|2,0
P16276|EUKARYA|NO_SP|2,0
O55171|EUKARYA|NO_SP|0,0
P58137|EUKARYA|NO_SP|0,0
O74935|EUKARYA|NO_SP|1,0
P42644|EUKARYA|NO_SP|0,0
O04376|EUKARYA|NO_SP|0,0
Q33DV3|EUKARYA|NO_SP|1,0
P85968|EUKARYA|NO_SP|2,0
C7J2Z1|EUKARYA|NO_SP|0,0
O00763|EUKARYA|NO_SP|2,0
Q9H845|EUKARYA|NO_SP|2,0
O04983|EUKARYA|NO_SP|1,0
O64587|EUKARYA|NO_SP|1,0
P32316|EUKARYA|NO_SP|1,0
P63104|EUKARYA|NO_SP|0,0
G5EDR3|EUKARYA|NO_SP|1,0
P47096|EUKARYA|NO_SP|1,0
Q8GWR1|EUKARYA|NO_SP|0,0
Q10343|EUKARYA|NO_SP|2,0
Q5EG47|EUKARYA|NO_SP|0,0
Q3EDJ0|EUKARYA|NO_SP|0,0
Q8R5A3|EUKARYA|NO_SP|1,0
Q9SJN0|EUKARYA|NO_SP|2,0
Q5SWU9|EUKARYA|NO_SP|2,0
O65902|EUKARYA|NO_SP|0,0
P57752|EUKARYA|NO_SP|0,0
P42645|EUKARYA|NO_SP|0,0
Q9SMT7|EUKARYA|NO_SP|2,0
P46644|EUKARYA|NO_SP|0,0
Q9XF19|EUKARYA|NO_SP|0,0
Q54ET6|EUKARYA|NO_SP|2,0
Q9LD43|EUKARYA|NO_SP|0,0
Q9SV41|EUKARYA|NO_SP|1,0
Q676U5|EUKARYA|NO_SP|2,0
P12904|EUKARYA|NO_SP|2,0
P46643|EUKARYA|NO_SP|0,0
O14192|EUKARYA|NO_SP|2,0
Q6QA69|EUKARYA|NO_SP|1,0
P48349|EUKARYA|NO_SP|0,0
Q8RW96|EUKARYA|NO_SP|0,0
Q9LU89|EUKARYA|NO_SP|0,0
Q6PD74|EUKARYA|NO_SP|1,0
Q9SMZ4|EUKARYA|NO_SP|1,0
P00505|EUKARYA|NO_SP|0,0
Q9CAF5|EUKARYA|NO_SP|1,0
A0A0K9RDW0|EUKARYA|NO_SP|0,0
Q15172|EUKARYA|NO_SP|0,0
Q9LVE2|EUKARYA|NO_SP|0,0
Q38950|EUKARYA|NO_SP|0,0
Q9NRG9|EUKARYA|NO_SP|0,0
P17174|EUKARYA|NO_SP|1,0
E9Q4Z2|EUKARYA|NO_SP|2,0
Q3ZBF6|EUKARYA|NO_SP|2,0
Q9BR61|EUKARYA|NO_SP|2,0
Q8RWD9|EUKARYA|NO_SP|0,0
O13966|EUKARYA|NO_SP|2,0
P85515|EUKARYA|NO_SP|0,0
O74522|EUKARYA|NO_SP|1,0
Q84P17|EUKARYA|NO_SP|1,0
P32493|EUKARYA|NO_SP|1,0
P38720|EUKARYA|NO_SP|2,0
Q9QYL7|EUKARYA|NO_SP|1,0
Q9UKU7|EUKARYA|NO_SP|0,0
Q709F0|EUKARYA|NO_SP|2,0
Q32MW3|EUKARYA|NO_SP|2,0
Q91VA0|EUKARYA|NO_SP|1,0
P84183|EUKARYA|NO_SP|0,0
P60709|EUKARYA|NO_SP|0,0
Q9R1T5|EUKARYA|NO_SP|0,0
Q96HD9|EUKARYA|NO_SP|0,0
Q8LPN3|EUKARYA|NO_SP|0,0
Q96PN6|EUKARYA|NO_SP|2,0
O13907|EUKARYA|NO_SP|1,0
Q9P6I7|EUKARYA|NO_SP|0,0
Q2V2Q1|EUKARYA|NO_SP|1,0
Q8VC66|EUKARYA|NO_SP|2,0
P55263|EUKARYA|NO_SP|0,0
Q8N556|EUKARYA|NO_SP|2,0
O55112|EUKARYA|NO_SP|1,0
O60058|EUKARYA|NO_SP|2,0
P87017|EUKARYA|NO_SP|0,0
P52594|EUKARYA|NO_SP|2,0
O94510|EUKARYA|NO_SP|1,0
O04375|EUKARYA|NO_SP|0,0
Q38951|EUKARYA|NO_SP|0,0
Q8VZQ4|EUKARYA|NO_SP|1,0
P61221|EUKARYA|NO_SP|1,0
P41238|EUKARYA|NO_SP|1,0
Q8K4G5|EUKARYA|NO_SP|2,0
B3DMA2|EUKARYA|NO_SP|2,0
Q59RR0|EUKARYA|NO_SP|1,0
P28297|EUKARYA|NO_SP|2,0
P83773|EUKARYA|NO_SP|1,0
Q8VHK0|EUKARYA|NO_SP|0,0
Q9Y7B1|EUKARYA|NO_SP|2,0
Q9BEA2|EUKARYA|NO_SP|1,0
O49606|EUKARYA|NO_SP|2,0
Q9Y2D8|EUKARYA|NO_SP|2,0
Q9NRN7|EUKARYA|NO_SP|2,0
P38872|EUKARYA|NO_SP|2,0
Q05955|EUKARYA|NO_SP|1,0
Q9LQ98|EUKARYA|NO_SP|0,0
Q7PLK0|EUKARYA|NO_SP|1,0
Q54RP0|EUKARYA|NO_SP|1,0
Q3I5F7|EUKARYA|NO_SP|1,0
P0CZ23|EUKARYA|NO_SP|1,0
O14561|EUKARYA|NO_SP|0,0
P18091|EUKARYA|NO_SP|0,0
Q12089|EUKARYA|NO_SP|1,0
Q39172|EUKARYA|NO_SP|2,0
Q9LPW7|EUKARYA|NO_SP|2,0
Q12062|EUKARYA|NO_SP|1,0
Q4PSU4|EUKARYA|NO_SP|1,0
Q9FJK3|EUKARYA|NO_SP|2,0
Q09770|EUKARYA|NO_SP|2,0
Q12433|EUKARYA|NO_SP|1,0
Q9ZNV9|EUKARYA|NO_SP|2,0
Q3U1U7|EUKARYA|NO_SP|2,0
P30561|EUKARYA|NO_SP|2,0
P36154|EUKARYA|NO_SP|2,0
P38305|EUKARYA|NO_SP|2,0
P46367|EUKARYA|NO_SP|2,0
Q8T7K0|EUKARYA|NO_SP|2,0
Q9D6Z0|EUKARYA|NO_SP|0,0
O43707|EUKARYA|NO_SP|0,0
Q9FZ42|EUKARYA|NO_SP|1,0
Q9JKV1|EUKARYA|NO_SP|0,0
Q9C9G6|EUKARYA|NO_SP|2,0
Q6DBQ1|EUKARYA|NO_SP|0,0
P38013|EUKARYA|NO_SP|1,0
Q8L9T7|EUKARYA|NO_SP|2,0
O95831|EUKARYA|NO_SP|1,0
F4IIU4|EUKARYA|NO_SP|2,0
Q9Z0E3|EUKARYA|NO_SP|0,0
P48644|EUKARYA|NO_SP|0,0
F4I7I0|EUKARYA|NO_SP|0,0
Q9FFF5|EUKARYA|NO_SP|2,0
Q9M2B4|EUKARYA|NO_SP|2,0
Q9URB4|EUKARYA|NO_SP|2,0
Q6NS38|EUKARYA|NO_SP|0,0
Q8W583|EUKARYA|NO_SP|0,0
Q15699|EUKARYA|NO_SP|0,0
Q67ZM4|EUKARYA|NO_SP|2,0
A0A0U2X0E4|EUKARYA|NO_SP|1,0
Q15847|EUKARYA|NO_SP|2,0
Q9M224|EUKARYA|NO_SP|1,0
Q16186|EUKARYA|NO_SP|0,0
Q9S7Z2|EUKARYA|NO_SP|1,0
Q53H12|EUKARYA|NO_SP|1,0
O82743|EUKARYA|NO_SP|2,0
P25649|EUKARYA|NO_SP|1,0
Q9SJG4|EUKARYA|NO_SP|0,0
Q9ZNV8|EUKARYA|NO_SP|2,0
Q9CY02|EUKARYA|NO_SP|1,0
Q9GZX7|EUKARYA|NO_SP|2,0
P39721|EUKARYA|NO_SP|2,0
Q12156|EUKARYA|NO_SP|1,0
Q12476|EUKARYA|NO_SP|1,0
Q9NQ31|EUKARYA|NO_SP|0,0
Q53H80|EUKARYA|NO_SP|0,0
Q9H8T0|EUKARYA|NO_SP|2,0
Q60I26|EUKARYA|NO_SP|2,0
O43078|EUKARYA|NO_SP|1,0
Q5XEM9|EUKARYA|NO_SP|2,0
Q8WYK0|EUKARYA|NO_SP|2,0
Q9CQR4|EUKARYA|NO_SP|1,0
Q9QYR9|EUKARYA|NO_SP|0,0
Q8C0T9|EUKARYA|NO_SP|2,0
Q39250|EUKARYA|NO_SP|2,0
Q8N4X5|EUKARYA|NO_SP|2,0
Q90738|EUKARYA|NO_SP|2,0
Q9LW29|EUKARYA|NO_SP|2,0
Q9UHB7|EUKARYA|NO_SP|1,0
Q8K3E5|EUKARYA|NO_SP|2,0
Q9C9K7|EUKARYA|NO_SP|0,0
P47140|EUKARYA|NO_SP|1,0
Q25C79|EUKARYA|NO_SP|0,0
Q05753|EUKARYA|NO_SP|0,0
P35609|EUKARYA|NO_SP|0,0
Q5SUE7|EUKARYA|NO_SP|0,0
Q09669|EUKARYA|NO_SP|0,0
Q12184|EUKARYA|NO_SP|1,0
Q8TED9|EUKARYA|NO_SP|2,0
A2AM29|EUKARYA|NO_SP|1,0
Q9ESC8|EUKARYA|NO_SP|1,0
Q9LMX5|EUKARYA|NO_SP|0,0
Q6ULP2|EUKARYA|NO_SP|1,0
A9ZSZ2|EUKARYA|NO_SP|0,0
A9YTQ3|EUKARYA|NO_SP|2,0
Q91VJ1|EUKARYA|NO_SP|2,0
P40053|EUKARYA|NO_SP|1,0
P54686|EUKARYA|NO_SP|1,0
Q9P0M2|EUKARYA|NO_SP|0,0
Q63014|EUKARYA|NO_SP|0,0
P55197|EUKARYA|NO_SP|1,0
P51816|EUKARYA|NO_SP|1,0
Q9VQI9|EUKARYA|NO_SP|0,0
P80197|EUKARYA|NO_SP|2,0
O48771|EUKARYA|NO_SP|1,0
O02219|EUKARYA|NO_SP|1,0
O22130|EUKARYA|NO_SP|0,0
P23180|EUKARYA|NO_SP|2,0
O43572|EUKARYA|NO_SP|2,0
Q6JP77|EUKARYA|NO_SP|0,0
E9Q394|EUKARYA|NO_SP|1,0
Q8N8R7|EUKARYA|NO_SP|1,0
F4KGQ0|EUKARYA|NO_SP|0,0
Q6IMN8|EUKARYA|NO_SP|0,0
Q9C7I8|EUKARYA|NO_SP|0,0
O74798|EUKARYA|NO_SP|0,0
P38313|EUKARYA|NO_SP|1,0
Q03233|EUKARYA|NO_SP|1,0
Q6NRK1|EUKARYA|NO_SP|2,0
Q9USM1|EUKARYA|NO_SP|0,0
Q6UEG8|EUKARYA|NO_SP|2,0
Q9UL18|EUKARYA|NO_SP|0,0
Q9BYV1|EUKARYA|NO_SP|1,0
Q9SB31|EUKARYA|NO_SP|2,0
Q9NZD4|EUKARYA|NO_SP|1,0
Q9WVE0|EUKARYA|NO_SP|2,0
Q9GRX6|EUKARYA|NO_SP|2,0
P47127|EUKARYA|NO_SP|1,0
Q8BH00|EUKARYA|NO_SP|2,0
P52892|EUKARYA|NO_SP|1,0
P10275|EUKARYA|NO_SP|0,0
P05552|EUKARYA|NO_SP|1,0
Q96P47|EUKARYA|NO_SP|1,0
Q09687|EUKARYA|NO_SP|0,0
Q8VYJ2|EUKARYA|NO_SP|1,0
Q9SAZ5|EUKARYA|NO_SP|2,0
Q9DBR0|EUKARYA|NO_SP|0,0
Q60823|EUKARYA|NO_SP|1,0
P49419|EUKARYA|NO_SP|1,0
P52893|EUKARYA|NO_SP|2,0
Q9BT30|EUKARYA|NO_SP|0,0
H9TB17|EUKARYA|NO_SP|2,0
Q06278|EUKARYA|NO_SP|2,0
P10986|EUKARYA|NO_SP|0,0
Q91XE4|EUKARYA|NO_SP|0,0
Q8LFH6|EUKARYA|NO_SP|2,0
Q1PFB9|EUKARYA|NO_SP|1,0
P38628|EUKARYA|NO_SP|0,0
Q12032|EUKARYA|NO_SP|2,0
Q9H9L7|EUKARYA|NO_SP|0,0
Q9VS59|EUKARYA|NO_SP|0,0
Q8S8M9|EUKARYA|NO_SP|2,0
Q9NLA3|EUKARYA|NO_SP|2,0
E9Q4F7|EUKARYA|NO_SP|2,0
Q93ZC5|EUKARYA|NO_SP|0,0
P53309|EUKARYA|NO_SP|2,0
P16550|EUKARYA|NO_SP|1,0
Q9M7Q4|EUKARYA|NO_SP|2,0
P40563|EUKARYA|NO_SP|1,0
O13728|EUKARYA|NO_SP|2,0
O88845|EUKARYA|NO_SP|2,0
Q12802|EUKARYA|NO_SP|1,0
P00883|EUKARYA|NO_SP|0,0
Q9ZU52|EUKARYA|NO_SP|0,0
Q3UUF8|EUKARYA|NO_SP|1,0
O82210|EUKARYA|NO_SP|2,0
Q9NVM4|EUKARYA|NO_SP|1,0
Q99PE2|EUKARYA|NO_SP|1,0
O16025|EUKARYA|NO_SP|1,0
P80456|EUKARYA|NO_SP|2,0
Q5QE80|EUKARYA|NO_SP|2,0
Q3TYQ9|EUKARYA|NO_SP|2,0
S0DPL8|EUKARYA|NO_SP|1,0
Q9CQW7|EUKARYA|NO_SP|0,0
Q9LVG4|EUKARYA|NO_SP|1,0
O42881|EUKARYA|NO_SP|0,0
P39413|EUKARYA|NO_SP|0,0
P50161|EUKARYA|NO_SP|0,0
Q9ZVD5|EUKARYA|NO_SP|0,0
Q86QW7|EUKARYA|NO_SP|1,0
Q12449|EUKARYA|NO_SP|1,0
Q8N157|EUKARYA|NO_SP|2,0
Q3S4A7|EUKARYA|NO_SP|1,0
Q9S7C9|EUKARYA|NO_SP|0,0
P38885|EUKARYA|NO_SP|1,0
Q02040|EUKARYA|NO_SP|1,0
P31750|EUKARYA|NO_SP|1,0
Q8VXQ2|EUKARYA|NO_SP|0,0
P38285|EUKARYA|NO_SP|2,0
P50998|EUKARYA|NO_SP|1,0
Q9URT4|EUKARYA|NO_SP|1,0
Q9U2X0|EUKARYA|NO_SP|2,0
Q99873|EUKARYA|NO_SP|2,0
Q7Z713|EUKARYA|NO_SP|1,0
C9JRZ8|EUKARYA|NO_SP|0,0
Q9D1F4|EUKARYA|NO_SP|0,0
Q9JHW9|EUKARYA|NO_SP|0,0
Q3SY69|EUKARYA|NO_SP|2,0
Q60I27|EUKARYA|NO_SP|2,0
Q9SJQ9|EUKARYA|NO_SP|0,0
O81488|EUKARYA|NO_SP|2,0
Q9H161|EUKARYA|NO_SP|0,0
Q9EST6|EUKARYA|NO_SP|2,0
Q96K21|EUKARYA|NO_SP|0,0
P15207|EUKARYA|NO_SP|0,0
Q01484|EUKARYA|NO_SP|1,0
Q63009|EUKARYA|NO_SP|2,0
O13648|EUKARYA|NO_SP|1,0
P46580|EUKARYA|NO_SP|1,0
Q43295|EUKARYA|NO_SP|2,0
Q9LES3|EUKARYA|NO_SP|2,0
Q96NN9|EUKARYA|NO_SP|1,0
Q8R010|EUKARYA|NO_SP|2,0
Q9NZN9|EUKARYA|NO_SP|2,0
Q9Y243|EUKARYA|NO_SP|1,0
P05062|EUKARYA|NO_SP|0,0
Q84VX3|EUKARYA|NO_SP|1,0
Q9LF98|EUKARYA|NO_SP|0,0
Q10197|EUKARYA|NO_SP|1,0
Q6A331|EUKARYA|NO_SP|1,0
Q8IWZ3|EUKARYA|NO_SP|0,0
G5EGA3|EUKARYA|NO_SP|0,0
Q8R560|EUKARYA|NO_SP|0,0
G3V8Y7|EUKARYA|NO_SP|0,0
Q9NYG5|EUKARYA|NO_SP|1,0
Q5XF07|EUKARYA|NO_SP|1,0
Q9SAK5|EUKARYA|NO_SP|2,0
O22161|EUKARYA|NO_SP|1,0
P63002|EUKARYA|NO_SP|1,0
Q9UPQ3|EUKARYA|NO_SP|1,0
Q9H9G7|EUKARYA|NO_SP|0,0
Q940M2|EUKARYA|NO_SP|1,0
O21043|EUKARYA|NO_SP|2,0
Q8RYD6|EUKARYA|NO_SP|2,0
Q9ZPY8|EUKARYA|NO_SP|2,0
O70200|EUKARYA|NO_SP|2,0
P38884|EUKARYA|NO_SP|1,0
P47015|EUKARYA|NO_SP|1,0
Q8BVM7|EUKARYA|NO_SP|1,0
Q8LA16|EUKARYA|NO_SP|2,0
Q944G9|EUKARYA|NO_SP|0,0
P0CB42|EUKARYA|NO_SP|0,0
Q3KRA9|EUKARYA|NO_SP|1,0
Q96BT7|EUKARYA|NO_SP|1,0
Q9USQ2|EUKARYA|NO_SP|2,0
Q924C5|EUKARYA|NO_SP|0,0
P47029|EUKARYA|NO_SP|1,0
Q10303|EUKARYA|NO_SP|1,0
Q9C7I5|EUKARYA|NO_SP|0,0
Q9FR37|EUKARYA|NO_SP|0,0
Q9P2R3|EUKARYA|NO_SP|2,0
Q9URX7|EUKARYA|NO_SP|2,0
O14727|EUKARYA|NO_SP|1,0
A1Z9X0|EUKARYA|NO_SP|1,0
P53933|EUKARYA|NO_SP|1,0
Q9LYK6|EUKARYA|NO_SP|1,0
P31166|EUKARYA|NO_SP|0,0
P05089|EUKARYA|NO_SP|0,0
Q99856|EUKARYA|NO_SP|0,0
Q18510|EUKARYA|NO_SP|0,0
Q9SRW7|EUKARYA|NO_SP|0,0
Q21227|EUKARYA|NO_SP|1,0
O74859|EUKARYA|NO_SP|2,0
Q06408|EUKARYA|NO_SP|2,0
Q8LGE3|EUKARYA|NO_SP|0,0
Q12406|EUKARYA|NO_SP|1,0
Q6UB98|EUKARYA|NO_SP|2,0
Q9Z0U5|EUKARYA|NO_SP|2,0
P05549|EUKARYA|NO_SP|0,0
Q92754|EUKARYA|NO_SP|0,0
Q08683|EUKARYA|NO_SP|2,0
P53940|EUKARYA|NO_SP|0,0
Q93WK5|EUKARYA|NO_SP|1,0
P07249|EUKARYA|NO_SP|1,0
Q86VW2|EUKARYA|NO_SP|0,0
Q8IVW6|EUKARYA|NO_SP|1,0
P29374|EUKARYA|NO_SP|2,0
Q8BM75|EUKARYA|NO_SP|1,0
Q6J5K9|EUKARYA|NO_SP|1,0
Q10235|EUKARYA|NO_SP|1,0
O74315|EUKARYA|NO_SP|1,0
Q15327|EUKARYA|NO_SP|0,0
Q8VE42|EUKARYA|NO_SP|1,0
Q8H1U5|EUKARYA|NO_SP|1,0
Q13794|EUKARYA|NO_SP|1,0
O60306|EUKARYA|NO_SP|1,0
Q9UTI3|EUKARYA|NO_SP|1,0
O75179|EUKARYA|NO_SP|0,0
Q66PJ3|EUKARYA|NO_SP|0,0
Q9P7B8|EUKARYA|NO_SP|2,0
P07347|EUKARYA|NO_SP|1,0
Q9Z206|EUKARYA|NO_SP|0,0
O15085|EUKARYA|NO_SP|2,0
Q03989|EUKARYA|NO_SP|1,0
P0C7Q2|EUKARYA|NO_SP|1,0
Q9SGD6|EUKARYA|NO_SP|0,0
Q712U5|EUKARYA|NO_SP|2,0
Q96N21|EUKARYA|NO_SP|0,0
Q9CPV2|EUKARYA|NO_SP|0,0
P53886|EUKARYA|NO_SP|1,0
Q04601|EUKARYA|NO_SP|1,0
Q12107|EUKARYA|NO_SP|1,0
Q08702|EUKARYA|NO_SP|1,0
O15033|EUKARYA|NO_SP|1,0
Q9M8M7|EUKARYA|NO_SP|0,0
O43307|EUKARYA|NO_SP|2,0
Q9NX46|EUKARYA|NO_SP|0,0
O95376|EUKARYA|NO_SP|0,0
P04842|EUKARYA|NO_SP|2,0
Q94K49|EUKARYA|NO_SP|1,0
F4HX80|EUKARYA|NO_SP|0,0
Q63087|EUKARYA|NO_SP|0,0
Q810B6|EUKARYA|NO_SP|2,0
P53068|EUKARYA|NO_SP|2,0
Q12440|EUKARYA|NO_SP|1,0
P38281|EUKARYA|NO_SP|1,0
Q84JF0|EUKARYA|NO_SP|1,0
P49435|EUKARYA|NO_SP|2,0
Q8N9V6|EUKARYA|NO_SP|0,0
Q7Z6G8|EUKARYA|NO_SP|2,0
Q9ZWR8|EUKARYA|NO_SP|1,0
O60039|EUKARYA|NO_SP|2,0
Q9SUW2|EUKARYA|NO_SP|1,0
Q04728|EUKARYA|NO_SP|2,0
Q7TNR9|EUKARYA|NO_SP|2,0
Q8NFD5|EUKARYA|NO_SP|0,0
Q5T2S8|EUKARYA|NO_SP|2,0
Q9Y705|EUKARYA|NO_SP|2,0
P36117|EUKARYA|NO_SP|1,0
P55345|EUKARYA|NO_SP|1,0
Q96LA8|EUKARYA|NO_SP|2,0
P48034|EUKARYA|NO_SP|2,0
O54754|EUKARYA|NO_SP|2,0
Q5SGK3|EUKARYA|NO_SP|2,0
G3X982|EUKARYA|NO_SP|2,0
P38856|EUKARYA|NO_SP|2,0
Q64364|EUKARYA|NO_SP|0,0
P33280|EUKARYA|NO_SP|2,0
Q8N3C0|EUKARYA|NO_SP|2,0
Q9STG9|EUKARYA|NO_SP|0,0
Q9V464|EUKARYA|NO_SP|2,0
Q5A5Q6|EUKARYA|NO_SP|1,0
Q9V727|EUKARYA|NO_SP|1,0
Q9D5T0|EUKARYA|NO_SP|1,0
Q6AT90|EUKARYA|NO_SP|1,0
Q9S7D8|EUKARYA|NO_SP|0,0
Q10N21|EUKARYA|NO_SP|1,0
Q8TER5|EUKARYA|NO_SP|2,0
Q8C142|EUKARYA|NO_SP|2,0
P53111|EUKARYA|NO_SP|2,0
P53974|EUKARYA|NO_SP|2,0
O08697|EUKARYA|NO_SP|0,0
P79832|EUKARYA|NO_SP|1,0
Q04052|EUKARYA|NO_SP|2,0
O22241|EUKARYA|NO_SP|0,0
Q9M1S3|EUKARYA|NO_SP|0,0
O96621|EUKARYA|NO_SP|0,0
P32381|EUKARYA|NO_SP|0,0
Q9Y7X8|EUKARYA|NO_SP|1,0
P40518|EUKARYA|NO_SP|2,0
Q91YI4|EUKARYA|NO_SP|2,0
Q8N9N2|EUKARYA|NO_SP|1,0
Q94545|EUKARYA|NO_SP|1,0
Q8TDY4|EUKARYA|NO_SP|2,0
Q9NVP2|EUKARYA|NO_SP|2,0
Q3C1E9|EUKARYA|NO_SP|2,0
Q8IZT6|EUKARYA|NO_SP|0,0
Q86P48|EUKARYA|NO_SP|1,0
P17544|EUKARYA|NO_SP|1,0
P34379|EUKARYA|NO_SP|1,0
O94656|EUKARYA|NO_SP|1,0
Q9NT62|EUKARYA|NO_SP|2,0
Q9P373|EUKARYA|NO_SP|2,0
Q9BSB4|EUKARYA|NO_SP|1,0
O43313|EUKARYA|NO_SP|0,0
P54258|EUKARYA|NO_SP|2,0
Q9BZZ5|EUKARYA|NO_SP|2,0
P46672|EUKARYA|NO_SP|1,0
Q91X46|EUKARYA|NO_SP|1,0
Q94981|EUKARYA|NO_SP|1,0
O59790|EUKARYA|NO_SP|2,0
Q9FNJ8|EUKARYA|NO_SP|0,0
Q9UUJ1|EUKARYA|NO_SP|0,0
P45890|EUKARYA|NO_SP|0,0
Q9FKT0|EUKARYA|NO_SP|1,0
Q9H981|EUKARYA|NO_SP|1,0
Q04489|EUKARYA|NO_SP|1,0
Q8RYC8|EUKARYA|NO_SP|0,0
Q8N726|EUKARYA|NO_SP|0,0
Q92888|EUKARYA|NO_SP|0,0
Q9QX73|EUKARYA|NO_SP|2,0
Q4LE39|EUKARYA|NO_SP|2,0
O60054|EUKARYA|NO_SP|1,0
O94630|EUKARYA|NO_SP|0,0
P61160|EUKARYA|NO_SP|0,0
Q84M92|EUKARYA|NO_SP|0,0
P80428|EUKARYA|NO_SP|0,0
Q940D0|EUKARYA|NO_SP|0,0
Q9VEX5|EUKARYA|NO_SP|1,0
P0DMR3|EUKARYA|NO_SP|0,0
Q9LKL2|EUKARYA|NO_SP|2,0
Q9JM54|EUKARYA|NO_SP|1,0
Q9D385|EUKARYA|NO_SP|1,0
P21146|EUKARYA|NO_SP|1,0
Q9HBZ2|EUKARYA|NO_SP|0,0
Q9SSE7|EUKARYA|NO_SP|0,0
P61158|EUKARYA|NO_SP|0,0
P45951|EUKARYA|NO_SP|1,0
Q9UT55|EUKARYA|NO_SP|1,0
Q8VHT6|EUKARYA|NO_SP|1,0
Q949T8|EUKARYA|NO_SP|1,0
P48361|EUKARYA|NO_SP|1,0
Q6EPG8|EUKARYA|NO_SP|0,0
Q8VWJ6|EUKARYA|NO_SP|0,0
O74397|EUKARYA|NO_SP|1,0
O14061|EUKARYA|NO_SP|1,0
Q7ZTP2|EUKARYA|NO_SP|0,0
P59998|EUKARYA|NO_SP|1,0
P18634|EUKARYA|NO_SP|1,0
O80931|EUKARYA|NO_SP|2,0
Q05789|EUKARYA|NO_SP|1,0
Q19705|EUKARYA|NO_SP|0,0
P18824|EUKARYA|NO_SP|2,0
Q9UT09|EUKARYA|NO_SP|1,0
P42528|EUKARYA|NO_SP|0,0
O15511|EUKARYA|NO_SP|2,0
Q9ZWJ9|EUKARYA|NO_SP|0,0
O60077|EUKARYA|NO_SP|1,0
Q91ZU1|EUKARYA|NO_SP|2,0
Q9H765|EUKARYA|NO_SP|1,0
P34233|EUKARYA|NO_SP|2,0
Q96KQ4|EUKARYA|NO_SP|1,0
P01096|EUKARYA|NO_SP|0,0
Q9SA96|EUKARYA|NO_SP|1,0
Q940Z2|EUKARYA|NO_SP|1,0
Q9GZN1|EUKARYA|NO_SP|0,0
Q05123|EUKARYA|NO_SP|1,0
P85970|EUKARYA|NO_SP|1,0
Q9UTR9|EUKARYA|NO_SP|2,0
P40467|EUKARYA|NO_SP|1,0
P22135|EUKARYA|NO_SP|1,0
P53722|EUKARYA|NO_SP|1,0
Q96253|EUKARYA|NO_SP|1,0
Q9FNE9|EUKARYA|NO_SP|2,0
Q9H7T9|EUKARYA|NO_SP|1,0
D7UQM5|EUKARYA|NO_SP|1,0
Q6PL18|EUKARYA|NO_SP|2,0
Q26635|EUKARYA|NO_SP|1,0
Q9ULI0|EUKARYA|NO_SP|0,0
Q9Z2A5|EUKARYA|NO_SP|1,0
Q9US24|EUKARYA|NO_SP|2,0
O75143|EUKARYA|NO_SP|1,0
Q9USM8|EUKARYA|NO_SP|1,0
Q13315|EUKARYA|NO_SP|1,0
Q94BT9|EUKARYA|NO_SP|1,0
Q9SSS9|EUKARYA|NO_SP|0,0
Q9P6R6|EUKARYA|NO_SP|1,0
P12113|EUKARYA|NO_SP|0,0
P0C7T6|EUKARYA|NO_SP|0,0
P54253|EUKARYA|NO_SP|0,0
O14965|EUKARYA|NO_SP|2,0
Q5SQI0|EUKARYA|NO_SP|2,0
Q86WG3|EUKARYA|NO_SP|1,0
Q9UTD5|EUKARYA|NO_SP|1,0
Q8VHV1|EUKARYA|NO_SP|2,0
Q03565|EUKARYA|NO_SP|0,0
P25853|EUKARYA|NO_SP|1,0
Q9NR55|EUKARYA|NO_SP|1,0
Q8VZ20|EUKARYA|NO_SP|0,0
Q9ES19|EUKARYA|NO_SP|2,0
Q09726|EUKARYA|NO_SP|2,0
P46561|EUKARYA|NO_SP|0,0
Q9DEE9|EUKARYA|NO_SP|0,0
Q9US07|EUKARYA|NO_SP|1,0
Q8VWG4|EUKARYA|NO_SP|0,0
Q8SWX0|EUKARYA|NO_SP|1,0
P59598|EUKARYA|NO_SP|1,0
Q0WR66|EUKARYA|NO_SP|2,0
Q9M276|EUKARYA|NO_SP|2,0
Q91YI1|EUKARYA|NO_SP|1,0
Q2UGZ7|EUKARYA|NO_SP|0,0
Q9Y751|EUKARYA|NO_SP|0,0
P40344|EUKARYA|NO_SP|2,0
P53867|EUKARYA|NO_SP|1,0
Q99J83|EUKARYA|NO_SP|1,0
O43069|EUKARYA|NO_SP|1,0
Q8L4Y5|EUKARYA|NO_SP|1,0
Q9VX09|EUKARYA|NO_SP|0,0
Q9UTQ7|EUKARYA|NO_SP|1,0
O14133|EUKARYA|NO_SP|1,0
Q86TL0|EUKARYA|NO_SP|0,0
Q9UII2|EUKARYA|NO_SP|0,0
Q22258|EUKARYA|NO_SP|1,0
Q8K341|EUKARYA|NO_SP|2,0
P18847|EUKARYA|NO_SP|1,0
P18848|EUKARYA|NO_SP|2,0
Q52EB3|EUKARYA|NO_SP|0,0
Q9VVN4|EUKARYA|NO_SP|1,0
Q13535|EUKARYA|NO_SP|2,0
P54254|EUKARYA|NO_SP|0,0
Q94BP7|EUKARYA|NO_SP|1,0
Q9UQB9|EUKARYA|NO_SP|0,0
Q8WXS3|EUKARYA|NO_SP|2,0
Q9H3F6|EUKARYA|NO_SP|2,0
O75531|EUKARYA|NO_SP|0,0
O95817|EUKARYA|NO_SP|2,0
Q2QX40|EUKARYA|NO_SP|1,0
Q9H1I8|EUKARYA|NO_SP|1,0
P32447|EUKARYA|NO_SP|2,0
Q2LAE1|EUKARYA|NO_SP|2,0
Q9NVM9|EUKARYA|NO_SP|1,0
O59673|EUKARYA|NO_SP|0,0
Q8IMC6|EUKARYA|NO_SP|2,0
Q96DX5|EUKARYA|NO_SP|1,0
Q99929|EUKARYA|NO_SP|0,0
P35734|EUKARYA|NO_SP|1,0
O94354|EUKARYA|NO_SP|0,0
F4HRV8|EUKARYA|NO_SP|2,0
Q06628|EUKARYA|NO_SP|1,0
P46983|EUKARYA|NO_SP|1,0
Q523C3|EUKARYA|NO_SP|1,0
Q03153|EUKARYA|NO_SP|2,0
P92549|EUKARYA|NO_SP|2,0
P05022|EUKARYA|NO_SP|2,0
Q09774|EUKARYA|NO_SP|1,0
O13943|EUKARYA|NO_SP|2,0
Q9R1S0|EUKARYA|NO_SP|1,0
Q9W0K4|EUKARYA|NO_SP|1,0
P47068|EUKARYA|NO_SP|2,0
P56945|EUKARYA|NO_SP|2,0
Q8CCN5|EUKARYA|NO_SP|1,0
P38772|EUKARYA|NO_SP|1,0
Q9BYV7|EUKARYA|NO_SP|1,0
O95999|EUKARYA|NO_SP|1,0
Q6W2J9|EUKARYA|NO_SP|2,0
Q96250|EUKARYA|NO_SP|0,0
Q9DE14|EUKARYA|NO_SP|2,0
F4IK01|EUKARYA|NO_SP|2,0
Q0WTP1|EUKARYA|NO_SP|0,0
Q9JLZ3|EUKARYA|NO_SP|0,0
Q12500|EUKARYA|NO_SP|2,0
Q9PTP2|EUKARYA|NO_SP|2,0
Q92843|EUKARYA|NO_SP|0,0
Q3UK10|EUKARYA|NO_SP|1,0
Q9UIG0|EUKARYA|NO_SP|1,0
Q19640|EUKARYA|NO_SP|1,0
Q9CZQ9|EUKARYA|NO_SP|1,0
P47176|EUKARYA|NO_SP|2,0
Q9H6U6|EUKARYA|NO_SP|1,0
Q99NF1|EUKARYA|NO_SP|1,0
Q3MKQ1|EUKARYA|NO_SP|0,0
Q28177|EUKARYA|NO_SP|0,0
O42956|EUKARYA|NO_SP|2,0
P50273|EUKARYA|NO_SP|1,0
Q9SSW0|EUKARYA|NO_SP|2,0
Q9BYV9|EUKARYA|NO_SP|0,0
Q5T5X7|EUKARYA|NO_SP|1,0
Q66KV4|EUKARYA|NO_SP|0,0
Q9FM68|EUKARYA|NO_SP|1,0
Q12365|EUKARYA|NO_SP|1,0
Q12186|EUKARYA|NO_SP|1,0
Q9NEZ7|EUKARYA|NO_SP|1,0
Q96288|EUKARYA|NO_SP|1,0
P41182|EUKARYA|NO_SP|0,0
O74350|EUKARYA|NO_SP|2,0
Q06631|EUKARYA|NO_SP|2,0
Q6PI77|EUKARYA|NO_SP|2,0
P32451|EUKARYA|NO_SP|1,0
Q93560|EUKARYA|NO_SP|0,0
P54132|EUKARYA|NO_SP|1,0
Q9EPW1|EUKARYA|NO_SP|0,0
Q9LFD5|EUKARYA|NO_SP|0,0
Q3URV1|EUKARYA|NO_SP|2,0
Q99177|EUKARYA|NO_SP|1,0
Q08235|EUKARYA|NO_SP|1,0
P93045|EUKARYA|NO_SP|1,0
Q6EJ98|EUKARYA|NO_SP|1,0
P0C7T5|EUKARYA|NO_SP|0,0
P54252|EUKARYA|NO_SP|1,0
Q0WQE7|EUKARYA|NO_SP|2,0
Q9ZP27|EUKARYA|NO_SP|0,0
Q8ML92|EUKARYA|NO_SP|1,0
O35484|EUKARYA|NO_SP|1,0
Q92560|EUKARYA|NO_SP|2,0
Q8IWZ6|EUKARYA|NO_SP|2,0
Q9Z2F6|EUKARYA|NO_SP|0,0
O22133|EUKARYA|NO_SP|1,0
O64883|EUKARYA|NO_SP|1,0
Q9LSQ3|EUKARYA|NO_SP|0,0
Q8WXE1|EUKARYA|NO_SP|0,0
Q9UBB4|EUKARYA|NO_SP|0,0
Q9C5X4|EUKARYA|NO_SP|1,0
O74735|EUKARYA|NO_SP|1,0
G5ED29|EUKARYA|NO_SP|1,0
F4K1J4|EUKARYA|NO_SP|1,0
Q8GYM3|EUKARYA|NO_SP|1,0
Q8VBU8|EUKARYA|NO_SP|1,0
Q21209|EUKARYA|NO_SP|1,0
Q09LL3|EUKARYA|NO_SP|0,0
Q94CE3|EUKARYA|NO_SP|1,0
Q9DDT2|EUKARYA|NO_SP|1,0
Q9EQ32|EUKARYA|NO_SP|1,0
Q9UHR4|EUKARYA|NO_SP|0,0
Q99MQ1|EUKARYA|NO_SP|0,0
Q9QYP6|EUKARYA|NO_SP|1,0
Q9UPM9|EUKARYA|NO_SP|1,0
Q920K5|EUKARYA|NO_SP|2,0
Q14032|EUKARYA|NO_SP|0,0
P97303|EUKARYA|NO_SP|0,0
O24174|EUKARYA|NO_SP|0,0
Q6NTS2|EUKARYA|NO_SP|0,0
Q18825|EUKARYA|NO_SP|1,0
F4I443|EUKARYA|NO_SP|0,0
Q5BPF3|EUKARYA|NO_SP|1,0
Q9XW70|EUKARYA|NO_SP|2,0
Q9C6F5|EUKARYA|NO_SP|2,0
Q8SY41|EUKARYA|NO_SP|0,0
Q09242|EUKARYA|NO_SP|0,0
Q86UU0|EUKARYA|NO_SP|2,0
P35817|EUKARYA|NO_SP|1,0
Q38897|EUKARYA|NO_SP|1,0
A0JNT9|EUKARYA|NO_SP|0,0
Q9SRX9|EUKARYA|NO_SP|1,0
Q9SJU5|EUKARYA|NO_SP|1,0
Q9SID1|EUKARYA|NO_SP|1,0
Q8CGN4|EUKARYA|NO_SP|2,0
Q07442|EUKARYA|NO_SP|2,0
P39714|EUKARYA|NO_SP|1,0
Q9BUT1|EUKARYA|NO_SP|0,0
Q9BXY8|EUKARYA|NO_SP|0,0
Q9UBW5|EUKARYA|NO_SP|0,0
P39724|EUKARYA|NO_SP|2,0
Q9FIC3|EUKARYA|NO_SP|2,0
Q9VVR2|EUKARYA|NO_SP|1,0
Q3KPK4|EUKARYA|NO_SP|2,0
Q4V7H8|EUKARYA|NO_SP|1,0
Q7LKZ7|EUKARYA|NO_SP|1,0
P48445|EUKARYA|NO_SP|1,0
A1L4W5|EUKARYA|NO_SP|1,0
Q8TDC3|EUKARYA|NO_SP|0,0
Q9ER24|EUKARYA|NO_SP|0,0
O70305|EUKARYA|NO_SP|0,0
Q156A1|EUKARYA|NO_SP|0,0
Q9FMB4|EUKARYA|NO_SP|2,0
Q0WQ57|EUKARYA|NO_SP|2,0
Q9SSW1|EUKARYA|NO_SP|2,0
Q9VLU0|EUKARYA|NO_SP|0,0
Q9Y7N0|EUKARYA|NO_SP|1,0
P39713|EUKARYA|NO_SP|1,0
Q9P6J6|EUKARYA|NO_SP|2,0
Q8GW43|EUKARYA|NO_SP|1,0
O23304|EUKARYA|NO_SP|0,0
O94480|EUKARYA|NO_SP|1,0
Q01954|EUKARYA|NO_SP|1,0
Q8N9W6|EUKARYA|NO_SP|0,0
P25356|EUKARYA|NO_SP|1,0
Q07998|EUKARYA|NO_SP|2,0
O15178|EUKARYA|NO_SP|2,0
D4A7T3|EUKARYA|NO_SP|0,0
Q9BPU9|EUKARYA|NO_SP|1,0
Q9LQZ7|EUKARYA|NO_SP|1,0
P42737|EUKARYA|NO_SP|1,0
O75363|EUKARYA|NO_SP|2,0
Q9LE06|EUKARYA|NO_SP|2,0
Q9LLC1|EUKARYA|NO_SP|2,0
Q06338|EUKARYA|NO_SP|2,0
Q8L467|EUKARYA|NO_SP|2,0
Q8JGN5|EUKARYA|NO_SP|1,0
Q9M280|EUKARYA|NO_SP|1,0
O59793|EUKARYA|NO_SP|1,0
Q86UB2|EUKARYA|NO_SP|1,0
Q8GY61|EUKARYA|NO_SP|2,0
Q9C682|EUKARYA|NO_SP|0,0
Q06333|EUKARYA|NO_SP|1,0
O01822|EUKARYA|NO_SP|1,0
O00327|EUKARYA|NO_SP|0,0
Q8JIR0|EUKARYA|NO_SP|0,0
Q9NSY1|EUKARYA|NO_SP|0,0
O94653|EUKARYA|NO_SP|1,0
Q9LF68|EUKARYA|NO_SP|0,0
O35914|EUKARYA|NO_SP|1,0
Q53S33|EUKARYA|NO_SP|2,0
O22286|EUKARYA|NO_SP|1,0
Q8K2F0|EUKARYA|NO_SP|0,0
Q9NXR7|EUKARYA|NO_SP|1,0
Q9UT24|EUKARYA|NO_SP|1,0
Q9C928|EUKARYA|NO_SP|2,0
Q9HGL6|EUKARYA|NO_SP|1,0
Q21776|EUKARYA|NO_SP|1,0
Q8H183|EUKARYA|NO_SP|1,0
Q10951|EUKARYA|NO_SP|1,0
Q8VY76|EUKARYA|NO_SP|2,0
Q9LN63|EUKARYA|NO_SP|1,0
Q8WZJ7|EUKARYA|NO_SP|1,0
Q8BRN9|EUKARYA|NO_SP|0,0
P43569|EUKARYA|NO_SP|0,0
P04352|EUKARYA|NO_SP|0,0
Q9FHP6|EUKARYA|NO_SP|0,0
Q9LP65|EUKARYA|NO_SP|0,0
Q9H257|EUKARYA|NO_SP|1,0
Q53HL2|EUKARYA|NO_SP|2,0
Q8L999|EUKARYA|NO_SP|0,0
Q1EBV6|EUKARYA|NO_SP|1,0
Q10225|EUKARYA|NO_SP|1,0
Q5XKL5|EUKARYA|NO_SP|2,0
P53727|EUKARYA|NO_SP|2,0
P43573|EUKARYA|NO_SP|1,0
Q24522|EUKARYA|NO_SP|2,0
B9DGI8|EUKARYA|NO_SP|1,0
Q99622|EUKARYA|NO_SP|2,0
Q9Y6J0|EUKARYA|NO_SP|1,0
Q24572|EUKARYA|NO_SP|1,0
P00918|EUKARYA|NO_SP|1,0
P0DH97|EUKARYA|NO_SP|0,0
Q9M0X8|EUKARYA|NO_SP|1,0
P70444|EUKARYA|NO_SP|2,0
Q6ZN30|EUKARYA|NO_SP|2,0
Q25QX6|EUKARYA|NO_SP|1,0
O95696|EUKARYA|NO_SP|2,0
Q91Y44|EUKARYA|NO_SP|0,0
P48524|EUKARYA|NO_SP|2,0
Q9Y7V2|EUKARYA|NO_SP|1,0
P10506|EUKARYA|NO_SP|1,0
Q6Z312|EUKARYA|NO_SP|2,0
Q9LZP8|EUKARYA|NO_SP|1,0
Q84LG2|EUKARYA|NO_SP|0,0
Q7XI96|EUKARYA|NO_SP|1,0
O35473|EUKARYA|NO_SP|2,0
O43007|EUKARYA|NO_SP|1,0
Q8NCU7|EUKARYA|NO_SP|0,0
Q9FNJ9|EUKARYA|NO_SP|1,0
P47158|EUKARYA|NO_SP|1,0
Q96PG8|EUKARYA|NO_SP|0,0
O74555|EUKARYA|NO_SP|2,0
O14370|EUKARYA|NO_SP|1,0
K7QHS5|EUKARYA|NO_SP|0,0
Q3TZW7|EUKARYA|NO_SP|0,0
Q06002|EUKARYA|NO_SP|0,0
Q9LS08|EUKARYA|NO_SP|1,0
O74769|EUKARYA|NO_SP|1,0
O15392|EUKARYA|NO_SP|1,0
O88665|EUKARYA|NO_SP|2,0
Q58F21|EUKARYA|NO_SP|0,0
P34537|EUKARYA|NO_SP|0,0
Q03562|EUKARYA|NO_SP|2,0
P55201|EUKARYA|NO_SP|1,0
Q9LE16|EUKARYA|NO_SP|2,0
O74778|EUKARYA|NO_SP|1,0
O22806|EUKARYA|NO_SP|1,0
O36018|EUKARYA|NO_SP|0,0
P38278|EUKARYA|NO_SP|1,0
Q12291|EUKARYA|NO_SP|1,0
P51813|EUKARYA|NO_SP|2,0
O60158|EUKARYA|NO_SP|1,0
Q9BX70|EUKARYA|NO_SP|0,0
Q8CFE5|EUKARYA|NO_SP|1,0
Q03758|EUKARYA|NO_SP|1,0
Q24523|EUKARYA|NO_SP|1,0
Q13901|EUKARYA|NO_SP|2,0
Q66HA5|EUKARYA|NO_SP|0,0
O88480|EUKARYA|NO_SP|1,0
Q13137|EUKARYA|NO_SP|1,0
B0BNN3|EUKARYA|NO_SP|1,0
P05933|EUKARYA|NO_SP|0,0
C8VP82|EUKARYA|NO_SP|2,0
Q9VXH6|EUKARYA|NO_SP|0,0
Q8BMQ3|EUKARYA|NO_SP|2,0
Q9Y3E2|EUKARYA|NO_SP|0,0
P53958|EUKARYA|NO_SP|1,0
Q7L3V2|EUKARYA|NO_SP|1,0
Q8L765|EUKARYA|NO_SP|1,0
Q7Z569|EUKARYA|NO_SP|2,0
Q1MTQ0|EUKARYA|NO_SP|1,0
Q921C3|EUKARYA|NO_SP|0,0
Q2LE78|EUKARYA|NO_SP|1,0
P35991|EUKARYA|NO_SP|2,0
Q10162|EUKARYA|NO_SP|2,0
Q9NP86|EUKARYA|NO_SP|0,0
Q68FX6|EUKARYA|NO_SP|1,0
Q710D7|EUKARYA|NO_SP|2,0
Q13112|EUKARYA|NO_SP|2,0
O74856|EUKARYA|NO_SP|1,0
O94255|EUKARYA|NO_SP|1,0
Q9H6S1|EUKARYA|NO_SP|1,0
Q8TBE0|EUKARYA|NO_SP|1,0
Q9LIR6|EUKARYA|NO_SP|1,0
O70445|EUKARYA|NO_SP|0,0
Q9SYM2|EUKARYA|NO_SP|1,0
Q9H165|EUKARYA|NO_SP|0,0
Q67FY2|EUKARYA|NO_SP|2,0
Q6PFX2|EUKARYA|NO_SP|2,0
Q95Y80|EUKARYA|NO_SP|0,0
Q9R224|EUKARYA|NO_SP|0,0
Q6PDU5|EUKARYA|NO_SP|0,0
Q5U5M8|EUKARYA|NO_SP|0,0
Q08965|EUKARYA|NO_SP|1,0
Q24207|EUKARYA|NO_SP|0,0
Q9VNP5|EUKARYA|NO_SP|1,0
Q9H0C5|EUKARYA|NO_SP|0,0
P07245|EUKARYA|NO_SP|1,0
Q91YE5|EUKARYA|NO_SP|1,0
A8MTZ0|EUKARYA|NO_SP|2,0
Q8K2G4|EUKARYA|NO_SP|2,0
P27140|EUKARYA|NO_SP|0,0
Q5H9F3|EUKARYA|NO_SP|2,0
Q9FXA3|EUKARYA|NO_SP|2,0
Q9LXJ1|EUKARYA|NO_SP|1,0
O18017|EUKARYA|NO_SP|1,0
Q9WTL8|EUKARYA|NO_SP|0,0
Q9UUH2|EUKARYA|NO_SP|1,0
P47039|EUKARYA|NO_SP|1,0
Q8W4I6|EUKARYA|NO_SP|2,0
Q9SRV1|EUKARYA|NO_SP|1,0
P39988|EUKARYA|NO_SP|2,0
P53323|EUKARYA|NO_SP|1,0
Q9D424|EUKARYA|NO_SP|2,0
Q9BZR8|EUKARYA|NO_SP|2,0
O22901|EUKARYA|NO_SP|2,0
Q13489|EUKARYA|NO_SP|1,0
O74547|EUKARYA|NO_SP|1,0
Q8WV28|EUKARYA|NO_SP|1,0
O81851|EUKARYA|NO_SP|1,0
Q9M8J9|EUKARYA|NO_SP|1,0
Q5VTR2|EUKARYA|NO_SP|2,0
Q94BN0|EUKARYA|NO_SP|1,0
A9JRD8|EUKARYA|NO_SP|1,0
P38398|EUKARYA|NO_SP|0,0
Q8L7U5|EUKARYA|NO_SP|2,0
Q6P6S3|EUKARYA|NO_SP|0,0
Q9FJX5|EUKARYA|NO_SP|1,0
Q05949|EUKARYA|NO_SP|2,0
Q84TC2|EUKARYA|NO_SP|1,0
O54825|EUKARYA|NO_SP|0,0
O65683|EUKARYA|NO_SP|1,0
Q8GTS2|EUKARYA|NO_SP|2,0
Q9M2K4|EUKARYA|NO_SP|1,0
Q6P1N0|EUKARYA|NO_SP|0,0
Q8CFW7|EUKARYA|NO_SP|1,0
Q9ZWA1|EUKARYA|NO_SP|1,0
Q9WUF3|EUKARYA|NO_SP|1,0
Q9H425|EUKARYA|NO_SP|1,0
Q8CGU1|EUKARYA|NO_SP|1,0
Q11002|EUKARYA|NO_SP|0,0
Q63810|EUKARYA|NO_SP|0,0
Q10434|EUKARYA|NO_SP|2,0
Q9BXL7|EUKARYA|NO_SP|1,0
P31944|EUKARYA|NO_SP|2,0
Q9NQ75|EUKARYA|NO_SP|2,0
Q6UB35|EUKARYA|NO_SP|0,0
A6NLJ0|EUKARYA|NO_SP|0,0
Q9FU27|EUKARYA|NO_SP|0,0
Q93ZS9|EUKARYA|NO_SP|1,0
Q98TA5|EUKARYA|NO_SP|2,0
Q13111|EUKARYA|NO_SP|2,0
P12962|EUKARYA|NO_SP|1,0
O14008|EUKARYA|NO_SP|0,0
Q9Y6Q1|EUKARYA|NO_SP|2,0
P14315|EUKARYA|NO_SP|2,0
P17555|EUKARYA|NO_SP|2,0
Q8VHI4|EUKARYA|NO_SP|1,0
G5EG14|EUKARYA|NO_SP|2,0
P06115|EUKARYA|NO_SP|2,0
Q5U5Z8|EUKARYA|NO_SP|1,0
Q96MI9|EUKARYA|NO_SP|0,0
P83916|EUKARYA|NO_SP|2,0
P45973|EUKARYA|NO_SP|2,0
O42666|EUKARYA|NO_SP|1,0
Q501B2|EUKARYA|NO_SP|0,0
P38822|EUKARYA|NO_SP|1,0
Q4AC94|EUKARYA|NO_SP|0,0
Q941Q3|EUKARYA|NO_SP|0,0
Q9HGP5|EUKARYA|NO_SP|2,0
Q55DH8|EUKARYA|NO_SP|2,0
Q7Z7H3|EUKARYA|NO_SP|2,0
F4K2R6|EUKARYA|NO_SP|1,0
O74412|EUKARYA|NO_SP|1,0
O60108|EUKARYA|NO_SP|1,0
Q924M5|EUKARYA|NO_SP|0,0
Q6PJG6|EUKARYA|NO_SP|2,0
Q8RXD4|EUKARYA|NO_SP|0,0
Q9W157|EUKARYA|NO_SP|1,0
F1R5H6|EUKARYA|NO_SP|0,0
Q9C895|EUKARYA|NO_SP|2,0
Q6EVK6|EUKARYA|NO_SP|0,0
Q810B3|EUKARYA|NO_SP|1,0
Q9LR78|EUKARYA|NO_SP|2,0
Q9W2S3|EUKARYA|NO_SP|2,0
Q9P370|EUKARYA|NO_SP|0,0
P25627|EUKARYA|NO_SP|2,0
P09085|EUKARYA|NO_SP|1,0
Q5T440|EUKARYA|NO_SP|0,0
P53615|EUKARYA|NO_SP|1,0
O60060|EUKARYA|NO_SP|2,0
Q8ND23|EUKARYA|NO_SP|2,0
Q8N4J0|EUKARYA|NO_SP|2,0
Q8K3W3|EUKARYA|NO_SP|0,0
O95931|EUKARYA|NO_SP|2,0
Q8IZY5|EUKARYA|NO_SP|2,0
Q9YGC1|EUKARYA|NO_SP|1,0
Q3E793|EUKARYA|NO_SP|1,0
Q682I1|EUKARYA|NO_SP|0,0
P46736|EUKARYA|NO_SP|1,0
Q8RXD6|EUKARYA|NO_SP|2,0
Q9HAW0|EUKARYA|NO_SP|2,0
Q80X66|EUKARYA|NO_SP|0,0
P20290|EUKARYA|NO_SP|0,0
O42860|EUKARYA|NO_SP|2,0
Q08492|EUKARYA|NO_SP|0,0
P23293|EUKARYA|NO_SP|1,0
P36076|EUKARYA|NO_SP|1,0
Q84N48|EUKARYA|NO_SP|0,0
P36130|EUKARYA|NO_SP|1,0
Q5BAH2|EUKARYA|NO_SP|1,0
P07384|EUKARYA|NO_SP|1,0
O42890|EUKARYA|NO_SP|1,0
P13517|EUKARYA|NO_SP|2,0
Q8TD86|EUKARYA|NO_SP|1,0
O35646|EUKARYA|NO_SP|2,0
Q8IRY7|EUKARYA|NO_SP|1,0
P32504|EUKARYA|NO_SP|1,0
O75828|EUKARYA|NO_SP|0,0
Q3SZX9|EUKARYA|NO_SP|2,0
Q563C3|EUKARYA|NO_SP|1,0
Q8VY26|EUKARYA|NO_SP|1,0
Q2M329|EUKARYA|NO_SP|0,0
Q10423|EUKARYA|NO_SP|1,0
Q86YS7|EUKARYA|NO_SP|0,0
Q5T0F9|EUKARYA|NO_SP|0,0
Q9SIV5|EUKARYA|NO_SP|1,0
Q5Z807|EUKARYA|NO_SP|0,0
O23365|EUKARYA|NO_SP|1,0
O80683|EUKARYA|NO_SP|0,0
G5EDN6|EUKARYA|NO_SP|0,0
Q9VT65|EUKARYA|NO_SP|1,0
G5ED41|EUKARYA|NO_SP|0,0
Q9DEX1|EUKARYA|NO_SP|1,0
Q9P7F2|EUKARYA|NO_SP|1,0
O89094|EUKARYA|NO_SP|2,0
Q27294|EUKARYA|NO_SP|0,0
P14066|EUKARYA|NO_SP|2,0
Q9LEV3|EUKARYA|NO_SP|2,0
O22763|EUKARYA|NO_SP|1,0
Q8GTS1|EUKARYA|NO_SP|1,0
F4IN23|EUKARYA|NO_SP|1,0
P33076|EUKARYA|NO_SP|0,0
B2GUZ5|EUKARYA|NO_SP|1,0
P33322|EUKARYA|NO_SP|2,0
Q8CDP0|EUKARYA|NO_SP|1,0
Q8WWL7|EUKARYA|NO_SP|1,0
P25008|EUKARYA|NO_SP|1,0
P34624|EUKARYA|NO_SP|1,0
Q6P3G4|EUKARYA|NO_SP|2,0
O13754|EUKARYA|NO_SP|1,0
Q5JTJ3|EUKARYA|NO_SP|1,0
P45695|EUKARYA|NO_SP|2,0
P23528|EUKARYA|NO_SP|2,0
P38432|EUKARYA|NO_SP|0,0
O42898|EUKARYA|NO_SP|1,0
Q9SQ70|EUKARYA|NO_SP|0,0
O14056|EUKARYA|NO_SP|2,0
Q9P7H5|EUKARYA|NO_SP|2,0
O74988|EUKARYA|NO_SP|1,0
Q5YDB5|EUKARYA|NO_SP|1,0
Q9SU30|EUKARYA|NO_SP|2,0
Q8GUU3|EUKARYA|NO_SP|2,0
O74535|EUKARYA|NO_SP|1,0
Q9SUA6|EUKARYA|NO_SP|1,0
Q9YHY6|EUKARYA|NO_SP|2,0
Q3E846|EUKARYA|NO_SP|2,0
A1Z7A8|EUKARYA|NO_SP|1,0
Q6P9U3|EUKARYA|NO_SP|2,0
P41046|EUKARYA|NO_SP|0,0
Q9VGH1|EUKARYA|NO_SP|2,0
Q812E0|EUKARYA|NO_SP|0,0
Q8IRB5|EUKARYA|NO_SP|2,0
Q8GSA7|EUKARYA|NO_SP|2,0
Q9D5U8|EUKARYA|NO_SP|0,0
P42695|EUKARYA|NO_SP|0,0
Q9NZN8|EUKARYA|NO_SP|1,0
Q9UFF9|EUKARYA|NO_SP|1,0
Q9NXG0|EUKARYA|NO_SP|0,0
P53332|EUKARYA|NO_SP|2,0
Q8N668|EUKARYA|NO_SP|0,0
B9VRJ2|EUKARYA|NO_SP|0,0
O89053|EUKARYA|NO_SP|1,0
Q9ULV4|EUKARYA|NO_SP|1,0
Q8BGD8|EUKARYA|NO_SP|1,0
Q96BR5|EUKARYA|NO_SP|1,0
O74986|EUKARYA|NO_SP|1,0
Q39057|EUKARYA|NO_SP|1,0
Q9USM9|EUKARYA|NO_SP|2,0
Q05892|EUKARYA|NO_SP|2,0
Q05779|EUKARYA|NO_SP|2,0
Q9C9K2|EUKARYA|NO_SP|1,0
Q6P5D4|EUKARYA|NO_SP|2,0
P38779|EUKARYA|NO_SP|2,0
O74326|EUKARYA|NO_SP|1,0
O74518|EUKARYA|NO_SP|1,0
Q14011|EUKARYA|NO_SP|0,0
Q8MQU6|EUKARYA|NO_SP|1,0
Q9LNC5|EUKARYA|NO_SP|0,0
Q92989|EUKARYA|NO_SP|2,0
Q75GT3|EUKARYA|NO_SP|0,0
Q9FI56|EUKARYA|NO_SP|0,0
P56772|EUKARYA|NO_SP|2,0
Q93WL3|EUKARYA|NO_SP|0,0
Q7XB08|EUKARYA|NO_SP|2,0
Q9XXH8|EUKARYA|NO_SP|1,0
Q9LJD7|EUKARYA|NO_SP|1,0
P41735|EUKARYA|NO_SP|1,0
Q6IBW4|EUKARYA|NO_SP|2,0
Q5SU73|EUKARYA|NO_SP|0,0
Q9NX08|EUKARYA|NO_SP|1,0
Q08058|EUKARYA|NO_SP|2,0
P27680|EUKARYA|NO_SP|1,0
O22914|EUKARYA|NO_SP|2,0
A8K830|EUKARYA|NO_SP|0,0
P46946|EUKARYA|NO_SP|2,0
Q9H0A8|EUKARYA|NO_SP|1,0
Q9SA52|EUKARYA|NO_SP|0,0
Q7TN99|EUKARYA|NO_SP|0,0
P21240|EUKARYA|NO_SP|0,0
Q9BRF8|EUKARYA|NO_SP|1,0
Q9FGR0|EUKARYA|NO_SP|1,0
O65220|EUKARYA|NO_SP|1,0
Q0VD32|EUKARYA|NO_SP|2,0
Q96SW2|EUKARYA|NO_SP|2,0
Q12126|EUKARYA|NO_SP|0,0
Q09EF7|EUKARYA|NO_SP|1,0
Q84R11|EUKARYA|NO_SP|1,0
Q9FLH0|EUKARYA|NO_SP|2,0
P02511|EUKARYA|NO_SP|0,0
Q9FYG2|EUKARYA|NO_SP|1,0
Q7FZF1|EUKARYA|NO_SP|0,0
Q39056|EUKARYA|NO_SP|1,0
P45593|EUKARYA|NO_SP|2,0
Q00IB6|EUKARYA|NO_SP|2,0
O75131|EUKARYA|NO_SP|0,0
P41000|EUKARYA|NO_SP|1,0
Q9LKF9|EUKARYA|NO_SP|2,0
Q16630|EUKARYA|NO_SP|1,0
Q9M374|EUKARYA|NO_SP|2,0
Q9FL87|EUKARYA|NO_SP|1,0
Q9FYT6|EUKARYA|NO_SP|0,0
Q54YU6|EUKARYA|NO_SP|0,0
Q09003|EUKARYA|NO_SP|0,0
Q86X83|EUKARYA|NO_SP|2,0
O94453|EUKARYA|NO_SP|2,0
P49017|EUKARYA|NO_SP|1,0
Q9SQ69|EUKARYA|NO_SP|0,0
Q9BR76|EUKARYA|NO_SP|1,0
O16844|EUKARYA|NO_SP|2,0
Q14019|EUKARYA|NO_SP|1,0
Q3E7A4|EUKARYA|NO_SP|1,0
O43303|EUKARYA|NO_SP|1,0
Q9BV73|EUKARYA|NO_SP|1,0
Q9NGX9|EUKARYA|NO_SP|1,0
Q9YGX5|EUKARYA|NO_SP|1,0
Q9BZB8|EUKARYA|NO_SP|1,0
O88843|EUKARYA|NO_SP|2,0
Q557E7|EUKARYA|NO_SP|0,0
O43089|EUKARYA|NO_SP|1,0
P14905|EUKARYA|NO_SP|1,0
Q0D9C7|EUKARYA|NO_SP|1,0
Q7ZW57|EUKARYA|NO_SP|2,0
Q9I7I0|EUKARYA|NO_SP|2,0
O01501|EUKARYA|NO_SP|1,0
P0C242|EUKARYA|NO_SP|0,0
O14618|EUKARYA|NO_SP|2,0
Q62834|EUKARYA|NO_SP|2,0
O74113|EUKARYA|NO_SP|2,0
Q00532|EUKARYA|NO_SP|0,0
P40382|EUKARYA|NO_SP|1,0
Q4KLH6|EUKARYA|NO_SP|2,0
Q5SW79|EUKARYA|NO_SP|1,0
P53566|EUKARYA|NO_SP|0,0
O76337|EUKARYA|NO_SP|1,0
Q5VZK9|EUKARYA|NO_SP|2,0
P17106|EUKARYA|NO_SP|2,0
Q8CDK2|EUKARYA|NO_SP|1,0
Q09M02|EUKARYA|NO_SP|0,0
Q9HC52|EUKARYA|NO_SP|2,0
Q6DGB6|EUKARYA|NO_SP|1,0
Q8TBZ0|EUKARYA|NO_SP|1,0
P24385|EUKARYA|NO_SP|1,0
O96020|EUKARYA|NO_SP|2,0
P51959|EUKARYA|NO_SP|1,0
Q7TQK0|EUKARYA|NO_SP|2,0
Q5B323|EUKARYA|NO_SP|2,0
P36618|EUKARYA|NO_SP|1,0
Q16543|EUKARYA|NO_SP|2,0
Q8W1E3|EUKARYA|NO_SP|1,0
P11440|EUKARYA|NO_SP|0,0
Q06850|EUKARYA|NO_SP|2,0
Q9NXV6|EUKARYA|NO_SP|0,0
Q9Y7J3|EUKARYA|NO_SP|1,0
Q27487|EUKARYA|NO_SP|2,0
Q8WUQ7|EUKARYA|NO_SP|0,0
Q13191|EUKARYA|NO_SP|2,0
Q8NDL9|EUKARYA|NO_SP|0,0
Q54QT7|EUKARYA|NO_SP|1,0
P23198|EUKARYA|NO_SP|2,0
Q9H0I3|EUKARYA|NO_SP|2,0
Q8IYX3|EUKARYA|NO_SP|0,0
O94389|EUKARYA|NO_SP|2,0
P13350|EUKARYA|NO_SP|2,0
P30279|EUKARYA|NO_SP|1,0
O75909|EUKARYA|NO_SP|1,0
O60563|EUKARYA|NO_SP|2,0
Q10357|EUKARYA|NO_SP|1,0
Q9VKV5|EUKARYA|NO_SP|1,0
Q9SCN8|EUKARYA|NO_SP|2,0
Q9S7I8|EUKARYA|NO_SP|2,0
Q9LJ87|EUKARYA|NO_SP|1,0
Q9XIP8|EUKARYA|NO_SP|1,0
Q8I7M8|EUKARYA|NO_SP|2,0
Q8IZL9|EUKARYA|NO_SP|0,0
Q9Y2G2|EUKARYA|NO_SP|1,0
Q6EDY6|EUKARYA|NO_SP|2,0
Q96VB8|EUKARYA|NO_SP|2,0
O00257|EUKARYA|NO_SP|2,0
Q8IYE0|EUKARYA|NO_SP|1,0
Q49A88|EUKARYA|NO_SP|0,0
Q6P9F0|EUKARYA|NO_SP|1,0
P48237|EUKARYA|NO_SP|1,0
P25322|EUKARYA|NO_SP|1,0
Q08AD1|EUKARYA|NO_SP|1,0
Q7M3M8|EUKARYA|NO_SP|0,0
F4I2J8|EUKARYA|NO_SP|0,0
Q95RV2|EUKARYA|NO_SP|1,0
P36038|EUKARYA|NO_SP|1,0
Q14781|EUKARYA|NO_SP|2,0
Q9S7H3|EUKARYA|NO_SP|2,0
Q7L3B6|EUKARYA|NO_SP|1,0
O74435|EUKARYA|NO_SP|0,0
O08837|EUKARYA|NO_SP|2,0
P07253|EUKARYA|NO_SP|2,0
Q641K1|EUKARYA|NO_SP|0,0
A5D8V7|EUKARYA|NO_SP|0,0
Q9Y7U9|EUKARYA|NO_SP|2,0
Q8N163|EUKARYA|NO_SP|2,0
Q7XJM2|EUKARYA|NO_SP|0,0
Q6ZN84|EUKARYA|NO_SP|1,0
Q22695|EUKARYA|NO_SP|1,0
Q10059|EUKARYA|NO_SP|0,0
P81299|EUKARYA|NO_SP|1,0
O75004|EUKARYA|NO_SP|2,0
G5ECH7|EUKARYA|NO_SP|0,0
Q91365|EUKARYA|NO_SP|2,0
B9V5F5|EUKARYA|NO_SP|0,0
O57406|EUKARYA|NO_SP|0,0
Q5F3T7|EUKARYA|NO_SP|0,0
Q92879|EUKARYA|NO_SP|0,0
Q6PRD7|EUKARYA|NO_SP|2,0
Q5EE01|EUKARYA|NO_SP|2,0
P0CB05|EUKARYA|NO_SP|0,0
Q54IY3|EUKARYA|NO_SP|1,0
M1V4Y8|EUKARYA|NO_SP|2,0
Q7Z4T9|EUKARYA|NO_SP|1,0
Q9UT57|EUKARYA|NO_SP|0,0
Q502W7|EUKARYA|NO_SP|1,0
Q9UFE4|EUKARYA|NO_SP|2,0
Q8BI79|EUKARYA|NO_SP|2,0
Q8W5S1|EUKARYA|NO_SP|1,0
P30281|EUKARYA|NO_SP|1,0
Q9P3A7|EUKARYA|NO_SP|2,0
Q12018|EUKARYA|NO_SP|1,0
Q9BXL8|EUKARYA|NO_SP|2,0
P04551|EUKARYA|NO_SP|0,0
Q9VT57|EUKARYA|NO_SP|0,0
Q9D5D8|EUKARYA|NO_SP|2,0
Q6ZU80|EUKARYA|NO_SP|1,0
Q498G2|EUKARYA|NO_SP|2,0
Q5VT06|EUKARYA|NO_SP|1,0
Q9BZC1|EUKARYA|NO_SP|1,0
Q9Y812|EUKARYA|NO_SP|0,0
Q9QYM8|EUKARYA|NO_SP|2,0
Q8N0S6|EUKARYA|NO_SP|2,0
Q9R1K9|EUKARYA|NO_SP|0,0
A8IF44|EUKARYA|NO_SP|1,0
A8IH47|EUKARYA|NO_SP|1,0
Q9UFW8|EUKARYA|NO_SP|1,0
Q38819|EUKARYA|NO_SP|2,0
Q8IYE1|EUKARYA|NO_SP|2,0
Q8K2Y9|EUKARYA|NO_SP|2,0
A7E2U8|EUKARYA|NO_SP|1,0
Q99741|EUKARYA|NO_SP|1,0
Q9FGW5|EUKARYA|NO_SP|0,0
Q16667|EUKARYA|NO_SP|1,0
Q9WTK2|EUKARYA|NO_SP|1,0
P30429|EUKARYA|NO_SP|1,0
Q6XXM1|EUKARYA|NO_SP|0,0
Q96MT8|EUKARYA|NO_SP|0,0
D4P3R7|EUKARYA|NO_SP|1,0
Q9D915|EUKARYA|NO_SP|2,0
Q96CT7|EUKARYA|NO_SP|2,0
Q86Z20|EUKARYA|NO_SP|1,0
O49675|EUKARYA|NO_SP|0,0
P20248|EUKARYA|NO_SP|0,0
Q8LGU6|EUKARYA|NO_SP|1,0
Q9SZA4|EUKARYA|NO_SP|2,0
Q4PSE4|EUKARYA|NO_SP|2,0
P07834|EUKARYA|NO_SP|1,0
P42772|EUKARYA|NO_SP|0,0
Q42479|EUKARYA|NO_SP|0,0
Q6NLQ6|EUKARYA|NO_SP|2,0
Q9C0D2|EUKARYA|NO_SP|2,0
P53568|EUKARYA|NO_SP|0,0
Q9USR9|EUKARYA|NO_SP|2,0
Q02224|EUKARYA|NO_SP|2,0
Q96LK0|EUKARYA|NO_SP|1,0
Q99NF3|EUKARYA|NO_SP|1,0
Q9UNH5|EUKARYA|NO_SP|1,0
Q8BSN3|EUKARYA|NO_SP|0,0
P92973|EUKARYA|NO_SP|2,0
P30183|EUKARYA|NO_SP|1,0
Q1T7F1|EUKARYA|NO_SP|1,0
Q66KE8|EUKARYA|NO_SP|2,0
Q9VP22|EUKARYA|NO_SP|1,0
Q3MJK5|EUKARYA|NO_SP|1,0
O76039|EUKARYA|NO_SP|0,0
Q9P2H0|EUKARYA|NO_SP|1,0
Q03654|EUKARYA|NO_SP|2,0
Q9HC77|EUKARYA|NO_SP|1,0
P0DJH6|EUKARYA|NO_SP|2,0
A8MT69|EUKARYA|NO_SP|0,0
Q9C0F1|EUKARYA|NO_SP|1,0
Q8NHQ1|EUKARYA|NO_SP|1,0
Q96GE4|EUKARYA|NO_SP|1,0
Q9SVM9|EUKARYA|NO_SP|1,0
Q1T763|EUKARYA|NO_SP|2,0
E1BSW7|EUKARYA|NO_SP|1,0
F1NPG5|EUKARYA|NO_SP|0,0
Q4V8G7|EUKARYA|NO_SP|0,0
Q3UPP8|EUKARYA|NO_SP|0,0
O80504|EUKARYA|NO_SP|0,0
P32656|EUKARYA|NO_SP|2,0
Q96JM3|EUKARYA|NO_SP|1,0
P38907|EUKARYA|NO_SP|1,0
Q9UQN3|EUKARYA|NO_SP|0,0
Q8WUX9|EUKARYA|NO_SP|1,0
Q9VQ30|EUKARYA|NO_SP|0,0
Q10103|EUKARYA|NO_SP|2,0
O94614|EUKARYA|NO_SP|2,0
Q9WU49|EUKARYA|NO_SP|0,0
Q86AV6|EUKARYA|NO_SP|1,0
P30622|EUKARYA|NO_SP|2,0
O55156|EUKARYA|NO_SP|0,0
Q9BWC9|EUKARYA|NO_SP|1,0
Q8IX12|EUKARYA|NO_SP|1,0
Q53HC0|EUKARYA|NO_SP|2,0
Q9H0W5|EUKARYA|NO_SP|1,0
Q8RWV3|EUKARYA|NO_SP|2,0
Q9P7N5|EUKARYA|NO_SP|2,0
Q9N5U5|EUKARYA|NO_SP|1,0
Q69YH5|EUKARYA|NO_SP|1,0
P39951|EUKARYA|NO_SP|0,0
Q9JHU3|EUKARYA|NO_SP|0,0
P39964|EUKARYA|NO_SP|2,0
Q6P2H3|EUKARYA|NO_SP|1,0
Q12453|EUKARYA|NO_SP|2,0
Q8RWG2|EUKARYA|NO_SP|0,0
Q06632|EUKARYA|NO_SP|1,0
Q93ZM7|EUKARYA|NO_SP|0,0
P87305|EUKARYA|NO_SP|2,0
Q9HCK8|EUKARYA|NO_SP|2,0
Q6PII3|EUKARYA|NO_SP|1,0
Q810U5|EUKARYA|NO_SP|1,0
P43449|EUKARYA|NO_SP|0,0
Q05791|EUKARYA|NO_SP|2,0
Q3E906|EUKARYA|NO_SP|2,0
P36589|EUKARYA|NO_SP|2,0
Q13042|EUKARYA|NO_SP|2,0
Q08032|EUKARYA|NO_SP|2,0
P92948|EUKARYA|NO_SP|2,0
Q6P1J9|EUKARYA|NO_SP|1,0
Q9CPY4|EUKARYA|NO_SP|0,0
P20385|EUKARYA|NO_SP|0,0
A7XN92|EUKARYA|NO_SP|0,0
Q9JIX5|EUKARYA|NO_SP|2,0
O61661|EUKARYA|NO_SP|0,0
O42955|EUKARYA|NO_SP|1,0
P51945|EUKARYA|NO_SP|1,0
P22674|EUKARYA|NO_SP|0,0
P01129|EUKARYA|NO_SP|2,0
P09798|EUKARYA|NO_SP|1,0
Q12834|EUKARYA|NO_SP|0,0
P14724|EUKARYA|NO_SP|1,0
P38042|EUKARYA|NO_SP|1,0
P06101|EUKARYA|NO_SP|2,0
Q9YHZ6|EUKARYA|NO_SP|2,0
Q92772|EUKARYA|NO_SP|0,0
P53684|EUKARYA|NO_SP|1,0
Q7XJR9|EUKARYA|NO_SP|1,0
Q53P85|EUKARYA|NO_SP|0,0
Q9I9A7|EUKARYA|NO_SP|1,0
Q76N32|EUKARYA|NO_SP|0,0
Q9LDM2|EUKARYA|NO_SP|0,0
A0CDD4|EUKARYA|NO_SP|1,0
F4JVH1|EUKARYA|NO_SP|0,0
O74733|EUKARYA|NO_SP|2,0
Q8C6L5|EUKARYA|NO_SP|0,0
Q9NR00|EUKARYA|NO_SP|2,0
Q3UJP5|EUKARYA|NO_SP|2,0
Q96EP1|EUKARYA|NO_SP|2,0
O14147|EUKARYA|NO_SP|2,0
P22516|EUKARYA|NO_SP|2,0
Q9CA67|EUKARYA|NO_SP|0,0
Q96GV9|EUKARYA|NO_SP|2,0
P49715|EUKARYA|NO_SP|0,0
Q8STE5|EUKARYA|NO_SP|1,0
P07199|EUKARYA|NO_SP|1,0
Q9CQA0|EUKARYA|NO_SP|0,0
Q20646|EUKARYA|NO_SP|2,0
Q9Y592|EUKARYA|NO_SP|1,0
Q8TD26|EUKARYA|NO_SP|1,0
Q9P2D1|EUKARYA|NO_SP|2,0
Q93833|EUKARYA|NO_SP|1,0
Q9UNE7|EUKARYA|NO_SP|0,0
Q9ZUL5|EUKARYA|NO_SP|1,0
Q8GVE1|EUKARYA|NO_SP|1,0
D3Z3K2|EUKARYA|NO_SP|2,0
O15516|EUKARYA|NO_SP|1,0
Q38872|EUKARYA|NO_SP|1,0
P05554|EUKARYA|NO_SP|0,0
P28033|EUKARYA|NO_SP|0,0
Q8AYS7|EUKARYA|NO_SP|1,0
Q2Z1W2|EUKARYA|NO_SP|1,0
Q23H79|EUKARYA|NO_SP|1,0
F4J2U9|EUKARYA|NO_SP|0,0
Q86WJ1|EUKARYA|NO_SP|1,0
Q9LI74|EUKARYA|NO_SP|1,0
Q9Z2N6|EUKARYA|NO_SP|1,0
Q9PT63|EUKARYA|NO_SP|2,0
Q8LPJ1|EUKARYA|NO_SP|0,0
Q8IYA6|EUKARYA|NO_SP|2,0
P42771|EUKARYA|NO_SP|0,0
Q38869|EUKARYA|NO_SP|0,0
P40558|EUKARYA|NO_SP|0,0
Q2R1U8|EUKARYA|NO_SP|0,0
Q99675|EUKARYA|NO_SP|2,0
Q8L7B5|EUKARYA|NO_SP|0,0
Q09XV5|EUKARYA|NO_SP|2,0
Q8BJ64|EUKARYA|NO_SP|0,0
Q9U1Y5|EUKARYA|NO_SP|1,0
Q9LQF2|EUKARYA|NO_SP|2,0
Q09868|EUKARYA|NO_SP|0,0
Q9M1D3|EUKARYA|NO_SP|2,0
Q96RK1|EUKARYA|NO_SP|0,0
Q9M7X9|EUKARYA|NO_SP|0,0
Q14008|EUKARYA|NO_SP|2,0
Q8VYK9|EUKARYA|NO_SP|0,0
Q9ZUP4|EUKARYA|NO_SP|0,0
Q19972|EUKARYA|NO_SP|1,0
Q569M3|EUKARYA|NO_SP|0,0
Q03188|EUKARYA|NO_SP|2,0
Q6RT24|EUKARYA|NO_SP|2,0
Q8N2Z9|EUKARYA|NO_SP|1,0
P0DJH7|EUKARYA|NO_SP|0,0
Q5JTW2|EUKARYA|NO_SP|1,0
Q8IW35|EUKARYA|NO_SP|2,0
A8IRK7|EUKARYA|NO_SP|1,0
Q9VKV8|EUKARYA|NO_SP|1,0
Q8N1V2|EUKARYA|NO_SP|0,0
Q12102|EUKARYA|NO_SP|1,0
A0AVX7|EUKARYA|NO_SP|0,0
Q9JKL5|EUKARYA|NO_SP|0,0
Q9LQI7|EUKARYA|NO_SP|1,0
Q9U1H0|EUKARYA|NO_SP|0,0
Q9UT49|EUKARYA|NO_SP|1,0
Q9BW66|EUKARYA|NO_SP|2,0
O42923|EUKARYA|NO_SP|2,0
P43635|EUKARYA|NO_SP|2,0
Q9LMT0|EUKARYA|NO_SP|0,0
P55273|EUKARYA|NO_SP|0,0
Q9M209|EUKARYA|NO_SP|0,0
Q95Y36|EUKARYA|NO_SP|2,0
O02751|EUKARYA|NO_SP|1,0
O02326|EUKARYA|NO_SP|1,0
Q96NL8|EUKARYA|NO_SP|2,0
Q96BP2|EUKARYA|NO_SP|1,0
Q9STS7|EUKARYA|NO_SP|0,0
Q9DB34|EUKARYA|NO_SP|0,0
F4K128|EUKARYA|NO_SP|2,0
Q96398|EUKARYA|NO_SP|0,0
Q7XYS8|EUKARYA|NO_SP|0,0
Q9CY57|EUKARYA|NO_SP|1,0
Q7TS74|EUKARYA|NO_SP|2,0
P22518|EUKARYA|NO_SP|1,0
Q0E3C8|EUKARYA|NO_SP|0,0
Q9SX29|EUKARYA|NO_SP|2,0
O13881|EUKARYA|NO_SP|1,0
O23463|EUKARYA|NO_SP|2,0
Q564K3|EUKARYA|NO_SP|1,0
P38170|EUKARYA|NO_SP|1,0
Q93WX6|EUKARYA|NO_SP|1,0
A9ZSY0|EUKARYA|NO_SP|1,0
Q39055|EUKARYA|NO_SP|1,0
Q69VG1|EUKARYA|NO_SP|1,0
Q9LZW4|EUKARYA|NO_SP|0,0
P00890|EUKARYA|NO_SP|0,0
P24118|EUKARYA|NO_SP|2,0
D4A770|EUKARYA|NO_SP|1,0
P11442|EUKARYA|NO_SP|1,0
Q922J3|EUKARYA|NO_SP|2,0
Q9Z0H8|EUKARYA|NO_SP|0,0
Q10299|EUKARYA|NO_SP|1,0
Q8VYJ7|EUKARYA|NO_SP|0,0
Q9FK07|EUKARYA|NO_SP|1,0
P38323|EUKARYA|NO_SP|2,0
Q6NPP4|EUKARYA|NO_SP|2,0
Q9UAS6|EUKARYA|NO_SP|2,0
Q06156|EUKARYA|NO_SP|1,0
Q3E823|EUKARYA|NO_SP|1,0
Q9UTN3|EUKARYA|NO_SP|2,0
O59792|EUKARYA|NO_SP|0,0
Q8LPI7|EUKARYA|NO_SP|0,0
P09496|EUKARYA|NO_SP|0,0
Q5K131|EUKARYA|NO_SP|1,0
O08785|EUKARYA|NO_SP|1,0
Q16740|EUKARYA|NO_SP|0,0
Q8LB10|EUKARYA|NO_SP|0,0
O59702|EUKARYA|NO_SP|1,0
P56277|EUKARYA|NO_SP|1,0
Q5EBM0|EUKARYA|NO_SP|0,0
Q12510|EUKARYA|NO_SP|1,0
O81223|EUKARYA|NO_SP|0,0
P20482|EUKARYA|NO_SP|1,0
Q96KP4|EUKARYA|NO_SP|1,0
P53865|EUKARYA|NO_SP|2,0
Q60809|EUKARYA|NO_SP|1,0
Q5FWP4|EUKARYA|NO_SP|2,0
Q10239|EUKARYA|NO_SP|2,0
P40019|EUKARYA|NO_SP|2,0
Q9LDI3|EUKARYA|NO_SP|0,0
Q10306|EUKARYA|NO_SP|0,0
Q99966|EUKARYA|NO_SP|0,0
Q96JB5|EUKARYA|NO_SP|1,0
Q93Z18|EUKARYA|NO_SP|0,0
Q9USR0|EUKARYA|NO_SP|0,0
Q12309|EUKARYA|NO_SP|2,0
Q9FN42|EUKARYA|NO_SP|0,0
Q8R4N0|EUKARYA|NO_SP|2,0
Q8IY22|EUKARYA|NO_SP|1,0
A5YKK6|EUKARYA|NO_SP|1,0
Q05809|EUKARYA|NO_SP|1,0
Q9SJH7|EUKARYA|NO_SP|2,0
Q9LF37|EUKARYA|NO_SP|0,0
Q27539|EUKARYA|NO_SP|0,0
Q8L770|EUKARYA|NO_SP|0,0
Q96DG6|EUKARYA|NO_SP|1,0
Q8IYT2|EUKARYA|NO_SP|2,0
Q9NWQ9|EUKARYA|NO_SP|2,0
Q9FUQ7|EUKARYA|NO_SP|0,0
Q9LUR0|EUKARYA|NO_SP|2,0
P43618|EUKARYA|NO_SP|2,0
O02039|EUKARYA|NO_SP|1,0
Q7Z4G1|EUKARYA|NO_SP|1,0
O74740|EUKARYA|NO_SP|1,0
P36613|EUKARYA|NO_SP|1,0
Q12873|EUKARYA|NO_SP|1,0
Q921W0|EUKARYA|NO_SP|1,0
Q9H444|EUKARYA|NO_SP|2,0
Q9SIW2|EUKARYA|NO_SP|1,0
Q9Y2V2|EUKARYA|NO_SP|0,0
O80990|EUKARYA|NO_SP|1,0
Q9Z309|EUKARYA|NO_SP|2,0
Q9DED4|EUKARYA|NO_SP|0,0
P60824|EUKARYA|NO_SP|0,0
Q9M297|EUKARYA|NO_SP|2,0
Q03690|EUKARYA|NO_SP|2,0
Q61908|EUKARYA|NO_SP|1,0
Q9TXJ0|EUKARYA|NO_SP|0,0
Q15021|EUKARYA|NO_SP|2,0
Q9Y3Y2|EUKARYA|NO_SP|1,0
O42637|EUKARYA|NO_SP|1,0
P0C7P0|EUKARYA|NO_SP|2,0
Q9LXS6|EUKARYA|NO_SP|2,0
Q99967|EUKARYA|NO_SP|1,0
Q9H0W9|EUKARYA|NO_SP|1,0
Q39050|EUKARYA|NO_SP|0,0
Q9FFH8|EUKARYA|NO_SP|0,0
Q9MV14|EUKARYA|NO_SP|2,0
Q9SXJ7|EUKARYA|NO_SP|0,0
Q9Y471|EUKARYA|NO_SP|2,0
Q8K0V4|EUKARYA|NO_SP|0,0
Q9Y232|EUKARYA|NO_SP|1,0
O60308|EUKARYA|NO_SP|1,0
Q8TEP8|EUKARYA|NO_SP|1,0
Q6A078|EUKARYA|NO_SP|1,0
P55217|EUKARYA|NO_SP|0,0
D3ZD32|EUKARYA|NO_SP|0,0
Q3L8U1|EUKARYA|NO_SP|2,0
Q9H5F2|EUKARYA|NO_SP|1,0
P25859|EUKARYA|NO_SP|0,0
Q9H3J6|EUKARYA|NO_SP|0,0
Q9JK25|EUKARYA|NO_SP|2,0
Q9XJ36|EUKARYA|NO_SP|0,0
Q9HAW4|EUKARYA|NO_SP|2,0
Q39016|EUKARYA|NO_SP|0,0
Q9C6P3|EUKARYA|NO_SP|1,0
Q7TSG1|EUKARYA|NO_SP|1,0
O94986|EUKARYA|NO_SP|2,0
Q6A065|EUKARYA|NO_SP|1,0
O15078|EUKARYA|NO_SP|1,0
P17676|EUKARYA|NO_SP|0,0
P34618|EUKARYA|NO_SP|2,0
Q95YF3|EUKARYA|NO_SP|2,0
P34893|EUKARYA|NO_SP|2,0
Q9LU68|EUKARYA|NO_SP|1,0
Q9MAM1|EUKARYA|NO_SP|0,0
Q9DA19|EUKARYA|NO_SP|2,0
P20115|EUKARYA|NO_SP|2,0
Q96M02|EUKARYA|NO_SP|2,0
O88696|EUKARYA|NO_SP|0,0
Q3E7A9|EUKARYA|NO_SP|1,0
O23184|EUKARYA|NO_SP|0,0
O13525|EUKARYA|NO_SP|0,0
P27697|EUKARYA|NO_SP|2,0
Q55E54|EUKARYA|NO_SP|1,0
P38824|EUKARYA|NO_SP|1,0
Q66GS9|EUKARYA|NO_SP|2,0
Q8LL04|EUKARYA|NO_SP|1,0
Q9Z140|EUKARYA|NO_SP|0,0
Q02910|EUKARYA|NO_SP|0,0
Q56AP7|EUKARYA|NO_SP|2,0
O82339|EUKARYA|NO_SP|2,0
Q9SAF6|EUKARYA|NO_SP|1,0
Q43125|EUKARYA|NO_SP|0,0
P02489|EUKARYA|NO_SP|0,0
P08181|EUKARYA|NO_SP|2,0
Q8VHK2|EUKARYA|NO_SP|2,0
Q9GS00|EUKARYA|NO_SP|1,0
P61202|EUKARYA|NO_SP|0,0
Q91XJ0|EUKARYA|NO_SP|1,0
Q9FK12|EUKARYA|NO_SP|2,0
P97784|EUKARYA|NO_SP|0,0
P40229|EUKARYA|NO_SP|2,0
O13895|EUKARYA|NO_SP|1,0
Q94JU3|EUKARYA|NO_SP|2,0
Q99627|EUKARYA|NO_SP|1,0
G5ECW5|EUKARYA|NO_SP|2,0
B2RX88|EUKARYA|NO_SP|2,0
P50462|EUKARYA|NO_SP|2,0
Q8BIQ5|EUKARYA|NO_SP|0,0
Q08705|EUKARYA|NO_SP|1,0
O43310|EUKARYA|NO_SP|2,0
P35222|EUKARYA|NO_SP|2,0
O14161|EUKARYA|NO_SP|0,0
P53854|EUKARYA|NO_SP|2,0
Q03048|EUKARYA|NO_SP|2,0
P43254|EUKARYA|NO_SP|1,0
O13850|EUKARYA|NO_SP|2,0
Q9SQ67|EUKARYA|NO_SP|0,0
Q01519|EUKARYA|NO_SP|1,0
Q38900|EUKARYA|NO_SP|0,0
P34791|EUKARYA|NO_SP|0,0
Q9FGS0|EUKARYA|NO_SP|0,0
Q9LYA9|EUKARYA|NO_SP|0,0
Q8NE35|EUKARYA|NO_SP|0,0
Q01617|EUKARYA|NO_SP|0,0
Q9C952|EUKARYA|NO_SP|2,0
O59821|EUKARYA|NO_SP|1,0
Q8LAZ7|EUKARYA|NO_SP|1,0
Q9UBI1|EUKARYA|NO_SP|2,0
Q9ERR2|EUKARYA|NO_SP|0,0
Q960N3|EUKARYA|NO_SP|1,0
P32344|EUKARYA|NO_SP|1,0
Q9LZP9|EUKARYA|NO_SP|2,0
P38892|EUKARYA|NO_SP|1,0
Q6Q6R3|EUKARYA|NO_SP|2,0
Q792Q4|EUKARYA|NO_SP|1,0
Q8IUI8|EUKARYA|NO_SP|1,0
Q13536|EUKARYA|NO_SP|2,0
O82258|EUKARYA|NO_SP|1,0
P25355|EUKARYA|NO_SP|1,0
P47050|EUKARYA|NO_SP|1,0
Q06469|EUKARYA|NO_SP|2,0
Q03375|EUKARYA|NO_SP|0,0
Q5XIQ3|EUKARYA|NO_SP|0,0
Q8GXV2|EUKARYA|NO_SP|1,0
Q5YDB6|EUKARYA|NO_SP|1,0
P84086|EUKARYA|NO_SP|0,0
Q95PA1|EUKARYA|NO_SP|0,0
Q8W4D0|EUKARYA|NO_SP|0,0
Q6A070|EUKARYA|NO_SP|0,0
O82503|EUKARYA|NO_SP|2,0
Q8GY82|EUKARYA|NO_SP|0,0
Q9M5P4|EUKARYA|NO_SP|0,0
Q6ATB4|EUKARYA|NO_SP|0,0
O77059|EUKARYA|NO_SP|0,0
Q49AN0|EUKARYA|NO_SP|0,0
Q4WJ81|EUKARYA|NO_SP|1,0
P53968|EUKARYA|NO_SP|1,0
O64816|EUKARYA|NO_SP|0,0
P53859|EUKARYA|NO_SP|1,0
Q08923|EUKARYA|NO_SP|2,0
Q6GNV6|EUKARYA|NO_SP|2,0
P53923|EUKARYA|NO_SP|1,0
Q9H467|EUKARYA|NO_SP|1,0
Q8MUF9|EUKARYA|NO_SP|2,0
P63041|EUKARYA|NO_SP|0,0
Q99829|EUKARYA|NO_SP|0,0
Q9W799|EUKARYA|NO_SP|2,0
P23508|EUKARYA|NO_SP|0,0
F4HRT5|EUKARYA|NO_SP|2,0
A2APF3|EUKARYA|NO_SP|1,0
O00841|EUKARYA|NO_SP|0,0
O13790|EUKARYA|NO_SP|1,0
Q13620|EUKARYA|NO_SP|2,0
P53564|EUKARYA|NO_SP|2,0
Q9NRP2|EUKARYA|NO_SP|1,0
Q7TSH4|EUKARYA|NO_SP|1,0
Q7YXU4|EUKARYA|NO_SP|0,0
Q9VWW0|EUKARYA|NO_SP|0,0
Q9TZP5|EUKARYA|NO_SP|1,0
Q38896|EUKARYA|NO_SP|2,0
Q5SUQ9|EUKARYA|NO_SP|1,0
P0CG13|EUKARYA|NO_SP|1,0
P38937|EUKARYA|NO_SP|2,0
Q12287|EUKARYA|NO_SP|1,0
Q60952|EUKARYA|NO_SP|1,0
P59108|EUKARYA|NO_SP|0,0
O49290|EUKARYA|NO_SP|1,0
Q9VPT8|EUKARYA|NO_SP|1,0
O43809|EUKARYA|NO_SP|1,0
A9LNK9|EUKARYA|NO_SP|2,0
P31327|EUKARYA|NO_SP|1,0
P68400|EUKARYA|NO_SP|2,0
O81275|EUKARYA|NO_SP|2,0
Q04659|EUKARYA|NO_SP|2,0
Q13098|EUKARYA|NO_SP|2,0
Q12734|EUKARYA|NO_SP|0,0
D0EL35|EUKARYA|NO_SP|2,0
Q8WVB6|EUKARYA|NO_SP|1,0
O35927|EUKARYA|NO_SP|1,0
P36064|EUKARYA|NO_SP|1,0
A8I4E9|EUKARYA|NO_SP|1,0
A1Z7Z9|EUKARYA|NO_SP|1,0
Q6Q152|EUKARYA|NO_SP|0,0
Q9SUQ2|EUKARYA|NO_SP|2,0
Q9SUE3|EUKARYA|NO_SP|2,0
O43008|EUKARYA|NO_SP|2,0
Q3U182|EUKARYA|NO_SP|0,0
Q84KJ5|EUKARYA|NO_SP|0,0
O13671|EUKARYA|NO_SP|0,0
F4I718|EUKARYA|NO_SP|1,0
Q9N359|EUKARYA|NO_SP|2,0
O45952|EUKARYA|NO_SP|2,0
Q95PZ0|EUKARYA|NO_SP|1,0
Q41188|EUKARYA|NO_SP|2,0
Q8BGQ2|EUKARYA|NO_SP|1,0
P67966|EUKARYA|NO_SP|2,0
Q61301|EUKARYA|NO_SP|1,0
O23614|EUKARYA|NO_SP|0,0
P63034|EUKARYA|NO_SP|2,0
Q9SSA5|EUKARYA|NO_SP|0,0
Q9NQZ3|EUKARYA|NO_SP|0,0
Q59KM8|EUKARYA|NO_SP|1,0
Q8LGH4|EUKARYA|NO_SP|1,0
P38909|EUKARYA|NO_SP|1,0
O74942|EUKARYA|NO_SP|1,0
Q717R9|EUKARYA|NO_SP|0,0
Q65YR7|EUKARYA|NO_SP|2,0
Q69YQ0|EUKARYA|NO_SP|0,0
Q55FW5|EUKARYA|NO_SP|1,0
Q9W352|EUKARYA|NO_SP|1,0
Q7TMB8|EUKARYA|NO_SP|2,0
Q9QXA1|EUKARYA|NO_SP|1,0
P04080|EUKARYA|NO_SP|2,0
Q10QA5|EUKARYA|NO_SP|0,0
Q6QZN6|EUKARYA|NO_SP|2,0
O64817|EUKARYA|NO_SP|2,0
Q4U925|EUKARYA|NO_SP|2,0
P40228|EUKARYA|NO_SP|2,0
P41241|EUKARYA|NO_SP|2,0
P40465|EUKARYA|NO_SP|2,0
P47130|EUKARYA|NO_SP|1,0
P91001|EUKARYA|NO_SP|1,0
Q9UUK1|EUKARYA|NO_SP|2,0
Q2NKJ3|EUKARYA|NO_SP|1,0
P78358|EUKARYA|NO_SP|0,0
Q9USJ8|EUKARYA|NO_SP|1,0
P53137|EUKARYA|NO_SP|1,0
Q09728|EUKARYA|NO_SP|1,0
Q17390|EUKARYA|NO_SP|1,0
Q7Z203|EUKARYA|NO_SP|1,0
Q12046|EUKARYA|NO_SP|2,0
P14605|EUKARYA|NO_SP|1,0
Q9NQC7|EUKARYA|NO_SP|1,0
Q9SQR3|EUKARYA|NO_SP|2,0
P98078|EUKARYA|NO_SP|2,0
Q9UTG8|EUKARYA|NO_SP|1,0
Q42512|EUKARYA|NO_SP|1,0
P45815|EUKARYA|NO_SP|1,0
Q8CH19|EUKARYA|NO_SP|2,0
O80507|EUKARYA|NO_SP|2,0
O01422|EUKARYA|NO_SP|0,0
Q9HFR0|EUKARYA|NO_SP|0,0
Q9N425|EUKARYA|NO_SP|2,0
Q9FVU9|EUKARYA|NO_SP|1,0
P46962|EUKARYA|NO_SP|2,0
P53899|EUKARYA|NO_SP|1,0
Q17336|EUKARYA|NO_SP|2,0
Q9EQC9|EUKARYA|NO_SP|2,0
Q7LFL8|EUKARYA|NO_SP|0,0
Q9VF87|EUKARYA|NO_SP|2,0
P33240|EUKARYA|NO_SP|0,0
P38877|EUKARYA|NO_SP|1,0
P47977|EUKARYA|NO_SP|1,0
B6V8E6|EUKARYA|NO_SP|2,0
Q9UUC7|EUKARYA|NO_SP|1,0
O60141|EUKARYA|NO_SP|1,0
Q84Y18|EUKARYA|NO_SP|1,0
Q8LDI5|EUKARYA|NO_SP|2,0
P00175|EUKARYA|NO_SP|1,0
Q5SQX6|EUKARYA|NO_SP|2,0
O13326|EUKARYA|NO_SP|1,0
P27699|EUKARYA|NO_SP|1,0
Q8IUR6|EUKARYA|NO_SP|1,0
Q04930|EUKARYA|NO_SP|1,0
Q6UUV7|EUKARYA|NO_SP|0,0
P21291|EUKARYA|NO_SP|2,0
A7UL74|EUKARYA|NO_SP|1,0
Q99708|EUKARYA|NO_SP|2,0
Q54HG2|EUKARYA|NO_SP|2,0
Q38FI2|EUKARYA|NO_SP|1,0
P53769|EUKARYA|NO_SP|2,0
O23138|EUKARYA|NO_SP|2,0
P50463|EUKARYA|NO_SP|2,0
O14098|EUKARYA|NO_SP|2,0
P89105|EUKARYA|NO_SP|2,0
O94282|EUKARYA|NO_SP|1,0
Q5U3Z0|EUKARYA|NO_SP|1,0
Q9NTM9|EUKARYA|NO_SP|2,0
Q9VGZ5|EUKARYA|NO_SP|1,0
Q9P0U4|EUKARYA|NO_SP|1,0
P14832|EUKARYA|NO_SP|0,0
P06106|EUKARYA|NO_SP|1,0
P49025|EUKARYA|NO_SP|1,0
P01040|EUKARYA|NO_SP|2,0
Q7XA78|EUKARYA|NO_SP|2,0
Q09JZ4|EUKARYA|NO_SP|2,0
P69851|EUKARYA|NO_SP|1,0
G5EFF5|EUKARYA|NO_SP|1,0
Q01981|EUKARYA|NO_SP|1,0
P16220|EUKARYA|NO_SP|0,0
O76906|EUKARYA|NO_SP|0,0
Q9CA42|EUKARYA|NO_SP|2,0
O54751|EUKARYA|NO_SP|2,0
Q96524|EUKARYA|NO_SP|0,0
O35864|EUKARYA|NO_SP|1,0
O74485|EUKARYA|NO_SP|1,0
Q8IWT3|EUKARYA|NO_SP|0,0
Q02770|EUKARYA|NO_SP|0,0
Q10341|EUKARYA|NO_SP|0,0
Q9S757|EUKARYA|NO_SP|2,0
Q12248|EUKARYA|NO_SP|1,0
Q9VZN4|EUKARYA|NO_SP|1,0
O35613|EUKARYA|NO_SP|1,0
Q9BGN8|EUKARYA|NO_SP|0,0
Q96EP5|EUKARYA|NO_SP|0,0
P38719|EUKARYA|NO_SP|0,0
Q9FF86|EUKARYA|NO_SP|2,0
Q99KJ8|EUKARYA|NO_SP|2,0
Q9QUR2|EUKARYA|NO_SP|1,0
P38818|EUKARYA|NO_SP|0,0
Q03560|EUKARYA|NO_SP|2,0
Q62018|EUKARYA|NO_SP|2,0
Q24311|EUKARYA|NO_SP|1,0
Q09760|EUKARYA|NO_SP|1,0
P53333|EUKARYA|NO_SP|2,0
Q9QX11|EUKARYA|NO_SP|2,0
Q80TQ2|EUKARYA|NO_SP|1,0
Q9LY75|EUKARYA|NO_SP|0,0
Q10J20|EUKARYA|NO_SP|2,0
Q9HDZ6|EUKARYA|NO_SP|1,0
O43293|EUKARYA|NO_SP|0,0
Q9UER7|EUKARYA|NO_SP|1,0
Q99MU0|EUKARYA|NO_SP|2,0
Q7ZZH7|EUKARYA|NO_SP|2,0
Q09719|EUKARYA|NO_SP|0,0
P36120|EUKARYA|NO_SP|1,0
Q8NEP3|EUKARYA|NO_SP|0,0
Q8INF7|EUKARYA|NO_SP|1,0
Q12389|EUKARYA|NO_SP|2,0
Q8TCX1|EUKARYA|NO_SP|2,0
Q9NV06|EUKARYA|NO_SP|2,0
Q9M086|EUKARYA|NO_SP|1,0
P27707|EUKARYA|NO_SP|2,0
Q99J39|EUKARYA|NO_SP|0,0
Q96GG9|EUKARYA|NO_SP|1,0
Q9P805|EUKARYA|NO_SP|2,0
Q8IU60|EUKARYA|NO_SP|2,0
Q805F9|EUKARYA|NO_SP|1,0
P47089|EUKARYA|NO_SP|1,0
Q9S7D1|EUKARYA|NO_SP|0,0
Q2KN98|EUKARYA|NO_SP|0,0
Q99J79|EUKARYA|NO_SP|2,0
O15523|EUKARYA|NO_SP|2,0
Q9UJV9|EUKARYA|NO_SP|1,0
Q9H0S4|EUKARYA|NO_SP|0,0
Q91372|EUKARYA|NO_SP|1,0
Q8TDD1|EUKARYA|NO_SP|0,0
Q8IY21|EUKARYA|NO_SP|2,0
Q9H4E7|EUKARYA|NO_SP|2,0
Q9C5W0|EUKARYA|NO_SP|1,0
Q5KSL6|EUKARYA|NO_SP|0,0
Q9BPX1|EUKARYA|NO_SP|0,0
F4JYE9|EUKARYA|NO_SP|2,0
A2ZDX9|EUKARYA|NO_SP|0,0
O35286|EUKARYA|NO_SP|0,0
Q8TF46|EUKARYA|NO_SP|0,0
Q9SYD8|EUKARYA|NO_SP|2,0
Q9UI36|EUKARYA|NO_SP|0,0
Q9FJ82|EUKARYA|NO_SP|0,0
P20448|EUKARYA|NO_SP|2,0
P53734|EUKARYA|NO_SP|1,0
Q06218|EUKARYA|NO_SP|0,0
C5H429|EUKARYA|NO_SP|0,0
O74340|EUKARYA|NO_SP|2,0
D3ZR10|EUKARYA|NO_SP|2,0
Q12517|EUKARYA|NO_SP|1,0
P53550|EUKARYA|NO_SP|2,0
Q05924|EUKARYA|NO_SP|2,0
Q8QG92|EUKARYA|NO_SP|2,0
Q550F6|EUKARYA|NO_SP|1,0
Q9VD51|EUKARYA|NO_SP|0,0
Q7TNV0|EUKARYA|NO_SP|0,0
O54784|EUKARYA|NO_SP|0,0
P24309|EUKARYA|NO_SP|1,0
Q9FHR8|EUKARYA|NO_SP|2,0
Q8TF63|EUKARYA|NO_SP|0,0
Q9UJW0|EUKARYA|NO_SP|1,0
Q1H537|EUKARYA|NO_SP|0,0
F4HYF3|EUKARYA|NO_SP|0,0
Q9DF36|EUKARYA|NO_SP|1,0
O13807|EUKARYA|NO_SP|1,0
Q8W4D8|EUKARYA|NO_SP|0,0
Q9H8H2|EUKARYA|NO_SP|0,0
Q9BQ39|EUKARYA|NO_SP|1,0
Q5VNN5|EUKARYA|NO_SP|0,0
Q16760|EUKARYA|NO_SP|0,0
O08560|EUKARYA|NO_SP|0,0
O22682|EUKARYA|NO_SP|0,0
Q7RYW6|EUKARYA|NO_SP|2,0
Q9Y4D1|EUKARYA|NO_SP|1,0
Q93ZN9|EUKARYA|NO_SP|1,0
Q8K0T2|EUKARYA|NO_SP|2,0
Q13561|EUKARYA|NO_SP|2,0
Q5T1V6|EUKARYA|NO_SP|1,0
Q65YR8|EUKARYA|NO_SP|2,0
Q9P219|EUKARYA|NO_SP|1,0
Q76CY5|EUKARYA|NO_SP|0,0
Q283Q6|EUKARYA|NO_SP|2,0
Q557J6|EUKARYA|NO_SP|2,0
Q5T6F0|EUKARYA|NO_SP|2,0
Q09732|EUKARYA|NO_SP|1,0
Q9UHG0|EUKARYA|NO_SP|2,0
Q08558|EUKARYA|NO_SP|2,0
Q9SP32|EUKARYA|NO_SP|2,0
Q9LXW7|EUKARYA|NO_SP|1,0
Q9U3C8|EUKARYA|NO_SP|1,0
Q8IZD4|EUKARYA|NO_SP|2,0
O75935|EUKARYA|NO_SP|2,0
Q99321|EUKARYA|NO_SP|1,0
Q9NVP1|EUKARYA|NO_SP|2,0
Q9QY16|EUKARYA|NO_SP|2,0
Q61496|EUKARYA|NO_SP|0,0
Q9Z2M4|EUKARYA|NO_SP|0,0
Q9VBW9|EUKARYA|NO_SP|2,0
O57437|EUKARYA|NO_SP|0,0
Q98SJ2|EUKARYA|NO_SP|0,0
Q6AY43|EUKARYA|NO_SP|2,0
Q8BWQ5|EUKARYA|NO_SP|0,0
Q8GW31|EUKARYA|NO_SP|2,0
Q09884|EUKARYA|NO_SP|0,0
Q9USJ5|EUKARYA|NO_SP|1,0
Q9NX09|EUKARYA|NO_SP|0,0
Q9NI62|EUKARYA|NO_SP|0,0
P36162|EUKARYA|NO_SP|2,0
Q9VBW6|EUKARYA|NO_SP|2,0
Q9YGW7|EUKARYA|NO_SP|0,0
Q64368|EUKARYA|NO_SP|0,0
Q9UBU7|EUKARYA|NO_SP|2,0
Q9C658|EUKARYA|NO_SP|0,0
O43012|EUKARYA|NO_SP|2,0
Q9QY93|EUKARYA|NO_SP|0,0
O13370|EUKARYA|NO_SP|0,0
P35732|EUKARYA|NO_SP|2,0
Q8VZD4|EUKARYA|NO_SP|1,0
Q9SEL7|EUKARYA|NO_SP|0,0
Q8IV53|EUKARYA|NO_SP|0,0
Q9D291|EUKARYA|NO_SP|1,0
P15924|EUKARYA|NO_SP|1,0
Q920F5|EUKARYA|NO_SP|0,0
Q9SJF3|EUKARYA|NO_SP|2,0
Q6PJP8|EUKARYA|NO_SP|1,0
Q14203|EUKARYA|NO_SP|0,0
Q9UHL0|EUKARYA|NO_SP|2,0
Q62095|EUKARYA|NO_SP|2,0
Q9Y2R4|EUKARYA|NO_SP|1,0
Q9NY93|EUKARYA|NO_SP|0,0
P23128|EUKARYA|NO_SP|2,0
Q6P3S1|EUKARYA|NO_SP|0,0
Q5TB30|EUKARYA|NO_SP|2,0
Q9VAP2|EUKARYA|NO_SP|2,0
Q9UPY3|EUKARYA|NO_SP|1,0
O74771|EUKARYA|NO_SP|1,0
Q9MAH3|EUKARYA|NO_SP|2,0
Q9NR28|EUKARYA|NO_SP|2,0
P24784|EUKARYA|NO_SP|2,0
P33750|EUKARYA|NO_SP|2,0
P32347|EUKARYA|NO_SP|1,0
P40087|EUKARYA|NO_SP|1,0
Q9D3F7|EUKARYA|NO_SP|0,0
Q9VHP0|EUKARYA|NO_SP|2,0
Q9ULE3|EUKARYA|NO_SP|2,0
Q9Y315|EUKARYA|NO_SP|1,0
Q9P7M1|EUKARYA|NO_SP|1,0
P48732|EUKARYA|NO_SP|1,0
P84634|EUKARYA|NO_SP|1,0
O95822|EUKARYA|NO_SP|0,0
P08432|EUKARYA|NO_SP|1,0
Q91YD3|EUKARYA|NO_SP|2,0
O13828|EUKARYA|NO_SP|2,0
Q96SD1|EUKARYA|NO_SP|1,0
Q9DF35|EUKARYA|NO_SP|1,0
P26196|EUKARYA|NO_SP|1,0
Q8C2K1|EUKARYA|NO_SP|2,0
Q9WV69|EUKARYA|NO_SP|0,0
Q9BY27|EUKARYA|NO_SP|2,0
Q86XP1|EUKARYA|NO_SP|0,0
Q9W4M8|EUKARYA|NO_SP|1,0
O70133|EUKARYA|NO_SP|1,0
P54005|EUKARYA|NO_SP|1,0
Q54ER9|EUKARYA|NO_SP|0,0
G5EGK6|EUKARYA|NO_SP|1,0
P39976|EUKARYA|NO_SP|1,0
Q94AX4|EUKARYA|NO_SP|0,0
P31001|EUKARYA|NO_SP|0,0
Q99288|EUKARYA|NO_SP|1,0
Q93246|EUKARYA|NO_SP|1,0
Q8WYQ5|EUKARYA|NO_SP|0,0
Q80UP3|EUKARYA|NO_SP|0,0
Q9FWR4|EUKARYA|NO_SP|1,0
O42945|EUKARYA|NO_SP|2,0
Q39083|EUKARYA|NO_SP|2,0
Q84J70|EUKARYA|NO_SP|2,0
Q6NM26|EUKARYA|NO_SP|2,0
Q24307|EUKARYA|NO_SP|1,0
Q9FPF0|EUKARYA|NO_SP|0,0
P46681|EUKARYA|NO_SP|2,0
Q9Y238|EUKARYA|NO_SP|0,0
P40366|EUKARYA|NO_SP|2,0
Q7K3D8|EUKARYA|NO_SP|2,0
Q9QZ59|EUKARYA|NO_SP|0,0
P83758|EUKARYA|NO_SP|1,0
Q9SX65|EUKARYA|NO_SP|1,0
Q9Y7Q7|EUKARYA|NO_SP|1,0
P61460|EUKARYA|NO_SP|1,0
Q8W2N5|EUKARYA|NO_SP|1,0
Q7M6Y5|EUKARYA|NO_SP|0,0
Q8LE52|EUKARYA|NO_SP|1,0
Q6PEH4|EUKARYA|NO_SP|1,0
P41819|EUKARYA|NO_SP|2,0
Q18066|EUKARYA|NO_SP|2,0
Q8BG36|EUKARYA|NO_SP|0,0
Q9Y6G9|EUKARYA|NO_SP|0,0
Q9M0V3|EUKARYA|NO_SP|1,0
Q9VIF5|EUKARYA|NO_SP|1,0
Q9H6A0|EUKARYA|NO_SP|1,0
A6H8H2|EUKARYA|NO_SP|2,0
Q14129|EUKARYA|NO_SP|2,0
Q8W1S1|EUKARYA|NO_SP|2,0
A8CVF3|EUKARYA|NO_SP|0,0
Q21773|EUKARYA|NO_SP|2,0
Q04217|EUKARYA|NO_SP|1,0
Q8WNV7|EUKARYA|NO_SP|0,0
Q8GWK1|EUKARYA|NO_SP|2,0
Q9FJ17|EUKARYA|NO_SP|2,0
O14177|EUKARYA|NO_SP|0,0
P98149|EUKARYA|NO_SP|0,0
Q9FK02|EUKARYA|NO_SP|1,0
O01700|EUKARYA|NO_SP|1,0
Q96FC9|EUKARYA|NO_SP|2,0
P97852|EUKARYA|NO_SP|0,0
Q80VY9|EUKARYA|NO_SP|0,0
Q0KI50|EUKARYA|NO_SP|0,0
P32891|EUKARYA|NO_SP|1,0
Q10322|EUKARYA|NO_SP|1,0
Q39009|EUKARYA|NO_SP|0,0
Q9VDW6|EUKARYA|NO_SP|2,0
P11531|EUKARYA|NO_SP|2,0
Q03652|EUKARYA|NO_SP|1,0
Q9UDY4|EUKARYA|NO_SP|0,0
Q96BY6|EUKARYA|NO_SP|0,0
Q682U6|EUKARYA|NO_SP|1,0
Q9EQ28|EUKARYA|NO_SP|1,0
O18475|EUKARYA|NO_SP|1,0
Q7Z7J5|EUKARYA|NO_SP|2,0
Q0JQF7|EUKARYA|NO_SP|0,0
Q9FFA2|EUKARYA|NO_SP|1,0
Q9HGN6|EUKARYA|NO_SP|2,0
P51452|EUKARYA|NO_SP|2,0
Q16828|EUKARYA|NO_SP|2,0
Q9VWF4|EUKARYA|NO_SP|2,0
Q6XUX1|EUKARYA|NO_SP|1,0
P90994|EUKARYA|NO_SP|0,0
O01352|EUKARYA|NO_SP|1,0
O45818|EUKARYA|NO_SP|1,0
Q9M5K3|EUKARYA|NO_SP|0,0
O75190|EUKARYA|NO_SP|0,0
Q8CIQ7|EUKARYA|NO_SP|2,0
A0SVK0|EUKARYA|NO_SP|1,0
Q04089|EUKARYA|NO_SP|2,0
Q9UKG1|EUKARYA|NO_SP|2,0
P32461|EUKARYA|NO_SP|1,0
Q12429|EUKARYA|NO_SP|2,0
Q75QN6|EUKARYA|NO_SP|1,0
Q9UGP5|EUKARYA|NO_SP|2,0
Q86TI2|EUKARYA|NO_SP|1,0
A8IVX2|EUKARYA|NO_SP|1,0
O82132|EUKARYA|NO_SP|0,0
P39517|EUKARYA|NO_SP|2,0
Q64442|EUKARYA|NO_SP|0,0
Q99J87|EUKARYA|NO_SP|1,0
Q8VXU6|EUKARYA|NO_SP|2,0
Q8IYB7|EUKARYA|NO_SP|1,0
Q9NVH1|EUKARYA|NO_SP|0,0
Q9Y222|EUKARYA|NO_SP|2,0
P25685|EUKARYA|NO_SP|0,0
Q9W1H4|EUKARYA|NO_SP|1,0
O88508|EUKARYA|NO_SP|2,0
Q8S944|EUKARYA|NO_SP|0,0
Q3MV14|EUKARYA|NO_SP|2,0
O60610|EUKARYA|NO_SP|2,0
Q9P3W4|EUKARYA|NO_SP|1,0
Q09933|EUKARYA|NO_SP|2,0
P37202|EUKARYA|NO_SP|0,0
Q155Q3|EUKARYA|NO_SP|1,0
D3ZSC8|EUKARYA|NO_SP|0,0
P40564|EUKARYA|NO_SP|0,0
O44081|EUKARYA|NO_SP|1,0
A1ZAY1|EUKARYA|NO_SP|2,0
P70396|EUKARYA|NO_SP|2,0
Q38813|EUKARYA|NO_SP|1,0
Q8IYX4|EUKARYA|NO_SP|0,0
Q9SJZ7|EUKARYA|NO_SP|1,0
Q9HGM9|EUKARYA|NO_SP|0,0
Q8WXX5|EUKARYA|NO_SP|0,0
Q9C1W9|EUKARYA|NO_SP|1,0
P13864|EUKARYA|NO_SP|0,0
Q92608|EUKARYA|NO_SP|2,0
Q9H7D0|EUKARYA|NO_SP|2,0
P40553|EUKARYA|NO_SP|2,0
P28340|EUKARYA|NO_SP|0,0
P49005|EUKARYA|NO_SP|2,0
Q9VKQ9|EUKARYA|NO_SP|0,0
A8JAM0|EUKARYA|NO_SP|2,0
P52824|EUKARYA|NO_SP|0,0
O04259|EUKARYA|NO_SP|2,0
P0DM58|EUKARYA|NO_SP|1,0
O14040|EUKARYA|NO_SP|1,0
O08808|EUKARYA|NO_SP|2,0
Q8T626|EUKARYA|NO_SP|1,0
Q9FI76|EUKARYA|NO_SP|1,0
Q84K52|EUKARYA|NO_SP|1,0
P54098|EUKARYA|NO_SP|0,0
P09884|EUKARYA|NO_SP|2,0
Q7Z5Q5|EUKARYA|NO_SP|1,0
Q9P6L6|EUKARYA|NO_SP|1,0
P54103|EUKARYA|NO_SP|0,0
Q99615|EUKARYA|NO_SP|0,0
Q9ULA0|EUKARYA|NO_SP|0,0
Q3E840|EUKARYA|NO_SP|2,0
O74865|EUKARYA|NO_SP|1,0
Q9D2N4|EUKARYA|NO_SP|2,0
F4KEA4|EUKARYA|NO_SP|1,0
Q8VE01|EUKARYA|NO_SP|2,0
Q9D9D8|EUKARYA|NO_SP|2,0
P53720|EUKARYA|NO_SP|1,0
O74553|EUKARYA|NO_SP|2,0
P00375|EUKARYA|NO_SP|1,0
Q86YF9|EUKARYA|NO_SP|0,0
A3R064|EUKARYA|NO_SP|2,0
P33309|EUKARYA|NO_SP|2,0
Q8INR6|EUKARYA|NO_SP|2,0
Q8NEU8|EUKARYA|NO_SP|2,0
Q10315|EUKARYA|NO_SP|1,0
P40487|EUKARYA|NO_SP|1,0
Q96FX2|EUKARYA|NO_SP|2,0
P38332|EUKARYA|NO_SP|1,0
P28040|EUKARYA|NO_SP|1,0
P14284|EUKARYA|NO_SP|0,0
Q09685|EUKARYA|NO_SP|1,0
Q9SII9|EUKARYA|NO_SP|2,0
G4LTX4|EUKARYA|NO_SP|0,0
P43616|EUKARYA|NO_SP|2,0
Q60838|EUKARYA|NO_SP|2,0
O00148|EUKARYA|NO_SP|2,0
Q9QYI3|EUKARYA|NO_SP|0,0
O88509|EUKARYA|NO_SP|2,0
Q8TEK3|EUKARYA|NO_SP|2,0
Q9FNY3|EUKARYA|NO_SP|1,0
Q9LQK0|EUKARYA|NO_SP|2,0
Q10SU5|EUKARYA|NO_SP|1,0
Q06349|EUKARYA|NO_SP|1,0
Q8WXX0|EUKARYA|NO_SP|1,0
O13290|EUKARYA|NO_SP|1,0
P36022|EUKARYA|NO_SP|1,0
P63170|EUKARYA|NO_SP|1,0
Q94464|EUKARYA|NO_SP|0,0
Q61214|EUKARYA|NO_SP|0,0
Q920D2|EUKARYA|NO_SP|1,0
Q7K4B4|EUKARYA|NO_SP|1,0
Q96HY7|EUKARYA|NO_SP|0,0
Q7L7V1|EUKARYA|NO_SP|2,0
Q96C10|EUKARYA|NO_SP|1,0
Q68CQ4|EUKARYA|NO_SP|1,0
O13577|EUKARYA|NO_SP|0,0
Q54XG7|EUKARYA|NO_SP|0,0
Q9XUJ7|EUKARYA|NO_SP|1,0
Q9M5K2|EUKARYA|NO_SP|0,0
P20009|EUKARYA|NO_SP|1,0
P38823|EUKARYA|NO_SP|1,0
P25453|EUKARYA|NO_SP|2,0
Q8CE22|EUKARYA|NO_SP|2,0
Q04603|EUKARYA|NO_SP|1,0
Q5NCQ5|EUKARYA|NO_SP|0,0
Q38946|EUKARYA|NO_SP|1,0
Q9BTZ2|EUKARYA|NO_SP|0,0
Q9UNQ2|EUKARYA|NO_SP|2,0
B6VQA1|EUKARYA|NO_SP|1,0
Q9XF62|EUKARYA|NO_SP|1,0
O16228|EUKARYA|NO_SP|0,0
Q8VY09|EUKARYA|NO_SP|0,0
Q10356|EUKARYA|NO_SP|1,0
Q8CFP6|EUKARYA|NO_SP|2,0
Q9VDW3|EUKARYA|NO_SP|1,0
P49916|EUKARYA|NO_SP|1,0
Q9UBC3|EUKARYA|NO_SP|2,0
P36037|EUKARYA|NO_SP|2,0
B2RY04|EUKARYA|NO_SP|2,0
Q9VNA8|EUKARYA|NO_SP|2,0
P47027|EUKARYA|NO_SP|1,0
P87174|EUKARYA|NO_SP|0,0
Q6V1X1|EUKARYA|NO_SP|1,0
Q14194|EUKARYA|NO_SP|2,0
O04492|EUKARYA|NO_SP|1,0
Q9H069|EUKARYA|NO_SP|2,0
O74821|EUKARYA|NO_SP|2,0
Q9M548|EUKARYA|NO_SP|1,0
Q8LFT2|EUKARYA|NO_SP|0,0
Q27268|EUKARYA|NO_SP|2,0
Q9Y2J2|EUKARYA|NO_SP|1,0
Q78JN3|EUKARYA|NO_SP|1,0
Q05958|EUKARYA|NO_SP|2,0
P32644|EUKARYA|NO_SP|1,0
F4IW10|EUKARYA|NO_SP|0,0
P47163|EUKARYA|NO_SP|1,0
Q8S1D9|EUKARYA|NO_SP|0,0
Q91YE2|EUKARYA|NO_SP|0,0
P18146|EUKARYA|NO_SP|0,0
Q9VZZ9|EUKARYA|NO_SP|1,0
P27344|EUKARYA|NO_SP|2,0
P47138|EUKARYA|NO_SP|0,0
P32469|EUKARYA|NO_SP|2,0
Q09693|EUKARYA|NO_SP|1,0
P36616|EUKARYA|NO_SP|1,0
Q0WNB1|EUKARYA|NO_SP|1,0
O96693|EUKARYA|NO_SP|1,0
Q9D0M5|EUKARYA|NO_SP|1,0
Q9NR20|EUKARYA|NO_SP|2,0
P36008|EUKARYA|NO_SP|2,0
Q5A0M4|EUKARYA|NO_SP|0,0
Q9HGL5|EUKARYA|NO_SP|1,0
O81039|EUKARYA|NO_SP|1,0
Q6AXW7|EUKARYA|NO_SP|2,0
Q9SMH5|EUKARYA|NO_SP|2,0
Q45VK7|EUKARYA|NO_SP|1,0
Q24117|EUKARYA|NO_SP|1,0
Q8R368|EUKARYA|NO_SP|2,0
Q9H329|EUKARYA|NO_SP|0,0
O42924|EUKARYA|NO_SP|1,0
Q9W032|EUKARYA|NO_SP|1,0
Q6NL24|EUKARYA|NO_SP|2,0
P38167|EUKARYA|NO_SP|2,0
P32324|EUKARYA|NO_SP|0,0
Q9BSW2|EUKARYA|NO_SP|2,0
Q09867|EUKARYA|NO_SP|2,0
P38347|EUKARYA|NO_SP|2,0
Q14156|EUKARYA|NO_SP|1,0
P02992|EUKARYA|NO_SP|0,0
Q9GZT9|EUKARYA|NO_SP|1,0
Q8N140|EUKARYA|NO_SP|1,0
Q8H0V4|EUKARYA|NO_SP|0,0
Q9UNI6|EUKARYA|NO_SP|0,0
Q9H596|EUKARYA|NO_SP|2,0
Q13115|EUKARYA|NO_SP|2,0
Q64346|EUKARYA|NO_SP|2,0
Q6NPN9|EUKARYA|NO_SP|1,0
P39055|EUKARYA|NO_SP|0,0
O43781|EUKARYA|NO_SP|1,0
Q58FA4|EUKARYA|NO_SP|1,0
P53911|EUKARYA|NO_SP|1,0
Q95RJ9|EUKARYA|NO_SP|0,0
O23299|EUKARYA|NO_SP|0,0
Q9WUR2|EUKARYA|NO_SP|0,0
Q04623|EUKARYA|NO_SP|1,0
P02994|EUKARYA|NO_SP|0,0
Q8NEX9|EUKARYA|NO_SP|2,0
Q8H1D4|EUKARYA|NO_SP|1,0
Q16643|EUKARYA|NO_SP|2,0
Q24573|EUKARYA|NO_SP|1,0
Q8LF21|EUKARYA|NO_SP|0,0
F4HPR5|EUKARYA|NO_SP|2,0
O22897|EUKARYA|NO_SP|0,0
P53168|EUKARYA|NO_SP|2,0
Q8NEJ0|EUKARYA|NO_SP|2,0
Q9UTH9|EUKARYA|NO_SP|1,0
O09112|EUKARYA|NO_SP|2,0
Q04949|EUKARYA|NO_SP|1,0
Q5U4C9|EUKARYA|NO_SP|0,0
Q8RWL0|EUKARYA|NO_SP|2,0
P32525|EUKARYA|NO_SP|1,0
P34021|EUKARYA|NO_SP|2,0
Q07139|EUKARYA|NO_SP|2,0
Q6P2E9|EUKARYA|NO_SP|1,0
Q9GRF8|EUKARYA|NO_SP|1,0
Q9C641|EUKARYA|NO_SP|0,0
Q9D4J1|EUKARYA|NO_SP|0,0
Q9ZQ85|EUKARYA|NO_SP|0,0
Q84ZA1|EUKARYA|NO_SP|0,0
Q9M9Y4|EUKARYA|NO_SP|0,0
Q8H1E8|EUKARYA|NO_SP|1,0
Q6B8I1|EUKARYA|NO_SP|2,0
Q9US35|EUKARYA|NO_SP|1,0
O49523|EUKARYA|NO_SP|1,0
Q9H410|EUKARYA|NO_SP|2,0
Q9FEB5|EUKARYA|NO_SP|0,0
Q86UW9|EUKARYA|NO_SP|1,0
P53871|EUKARYA|NO_SP|1,0
Q68J44|EUKARYA|NO_SP|2,0
O74731|EUKARYA|NO_SP|1,0
Q13627|EUKARYA|NO_SP|0,0
Q86Y13|EUKARYA|NO_SP|2,0
Q96AV8|EUKARYA|NO_SP|1,0
P47128|EUKARYA|NO_SP|1,0
G5EGU2|EUKARYA|NO_SP|1,0
Q9LUJ5|EUKARYA|NO_SP|1,0
O80588|EUKARYA|NO_SP|0,0
Q71V39|EUKARYA|NO_SP|0,0
P25039|EUKARYA|NO_SP|2,0
Q9BZG8|EUKARYA|NO_SP|0,0
Q9HCU8|EUKARYA|NO_SP|2,0
P15436|EUKARYA|NO_SP|2,0
Q9NY33|EUKARYA|NO_SP|1,0
P0DL09|EUKARYA|NO_SP|1,0
B7XDF1|EUKARYA|NO_SP|1,0
Q9M2N5|EUKARYA|NO_SP|1,0
Q96JC9|EUKARYA|NO_SP|1,0
O13953|EUKARYA|NO_SP|1,0
P43605|EUKARYA|NO_SP|2,0
Q8GWE6|EUKARYA|NO_SP|0,0
Q15054|EUKARYA|NO_SP|1,0
Q90635|EUKARYA|NO_SP|2,0
Q5W6R4|EUKARYA|NO_SP|0,0
Q95Y72|EUKARYA|NO_SP|2,0
Q6XUX3|EUKARYA|NO_SP|1,0
P51141|EUKARYA|NO_SP|2,0
Q63470|EUKARYA|NO_SP|0,0
Q9V3D5|EUKARYA|NO_SP|1,0
Q8BMD2|EUKARYA|NO_SP|0,0
A0AVK6|EUKARYA|NO_SP|1,0
O59773|EUKARYA|NO_SP|2,0
P36041|EUKARYA|NO_SP|1,0
Q96327|EUKARYA|NO_SP|0,0
O43598|EUKARYA|NO_SP|0,0
Q9USL5|EUKARYA|NO_SP|2,0
Q9CQS7|EUKARYA|NO_SP|1,0
Q9CWH0|EUKARYA|NO_SP|2,0
Q8CCG4|EUKARYA|NO_SP|1,0
P48996|EUKARYA|NO_SP|1,0
Q62952|EUKARYA|NO_SP|2,0
Q9SKN2|EUKARYA|NO_SP|1,0
Q6S7F2|EUKARYA|NO_SP|1,0
Q9LFQ9|EUKARYA|NO_SP|2,0
F4J7T2|EUKARYA|NO_SP|0,0
Q9HAF1|EUKARYA|NO_SP|1,0
Q8VYI3|EUKARYA|NO_SP|1,0
P34216|EUKARYA|NO_SP|2,0
P25997|EUKARYA|NO_SP|2,0
Q5THR3|EUKARYA|NO_SP|1,0
Q9VM33|EUKARYA|NO_SP|0,0
Q9USZ1|EUKARYA|NO_SP|1,0
P53970|EUKARYA|NO_SP|2,0
Q14152|EUKARYA|NO_SP|1,0
Q10425|EUKARYA|NO_SP|1,0
P06103|EUKARYA|NO_SP|1,0
O14134|EUKARYA|NO_SP|2,0
Q9USX9|EUKARYA|NO_SP|2,0
Q02908|EUKARYA|NO_SP|1,0
Q04868|EUKARYA|NO_SP|1,0
Q1JQ73|EUKARYA|NO_SP|0,0
Q9SQK3|EUKARYA|NO_SP|0,0
Q7L5Y1|EUKARYA|NO_SP|2,0
Q6TY21|EUKARYA|NO_SP|2,0
Q98SP8|EUKARYA|NO_SP|0,0
O95208|EUKARYA|NO_SP|2,0
Q7TNS8|EUKARYA|NO_SP|0,0
G5EGA9|EUKARYA|NO_SP|1,0
F4K3G5|EUKARYA|NO_SP|2,0
P16521|EUKARYA|NO_SP|2,0
Q3E705|EUKARYA|NO_SP|2,0
Q09228|EUKARYA|NO_SP|1,0
O76360|EUKARYA|NO_SP|0,0
Q9UT48|EUKARYA|NO_SP|2,0
O82804|EUKARYA|NO_SP|0,0
F4JZC2|EUKARYA|NO_SP|0,0
O74423|EUKARYA|NO_SP|2,0
O74399|EUKARYA|NO_SP|2,0
Q6PH08|EUKARYA|NO_SP|0,0
O13768|EUKARYA|NO_SP|1,0
Q8WQ86|EUKARYA|NO_SP|2,0
Q9SKK0|EUKARYA|NO_SP|2,0
Q05871|EUKARYA|NO_SP|2,0
P53080|EUKARYA|NO_SP|1,0
Q96F86|EUKARYA|NO_SP|1,0
B3LF48|EUKARYA|NO_SP|2,0
Q6ZJM9|EUKARYA|NO_SP|0,0
O94533|EUKARYA|NO_SP|1,0
Q5U249|EUKARYA|NO_SP|2,0
P60841|EUKARYA|NO_SP|2,0
P39112|EUKARYA|NO_SP|1,0
Q8TEA8|EUKARYA|NO_SP|1,0
Q9P6I2|EUKARYA|NO_SP|2,0
Q9JIM4|EUKARYA|NO_SP|0,0
Q99N11|EUKARYA|NO_SP|2,0
Q06053|EUKARYA|NO_SP|1,0
Q6RFH8|EUKARYA|NO_SP|0,0
P53063|EUKARYA|NO_SP|1,0
Q9JJ79|EUKARYA|NO_SP|1,0
Q86XF0|EUKARYA|NO_SP|1,0
Q5VJS5|EUKARYA|NO_SP|2,0
Q7T019|EUKARYA|NO_SP|0,0
Q9FNY0|EUKARYA|NO_SP|0,0
Q9BQ95|EUKARYA|NO_SP|0,0
Q96G04|EUKARYA|NO_SP|0,0
Q9USU1|EUKARYA|NO_SP|0,0
Q9P7Z3|EUKARYA|NO_SP|2,0
G5EBV0|EUKARYA|NO_SP|1,0
Q4V8H8|EUKARYA|NO_SP|2,0
Q8N6I1|EUKARYA|NO_SP|0,0
Q15717|EUKARYA|NO_SP|0,0
Q96FG2|EUKARYA|NO_SP|2,0
P39995|EUKARYA|NO_SP|1,0
Q99848|EUKARYA|NO_SP|0,0
F4JL28|EUKARYA|NO_SP|2,0
P53200|EUKARYA|NO_SP|1,0
Q9Y2G0|EUKARYA|NO_SP|1,0
Q9ZT91|EUKARYA|NO_SP|0,0
P08154|EUKARYA|NO_SP|0,0
O94632|EUKARYA|NO_SP|2,0
P79083|EUKARYA|NO_SP|1,0
P78545|EUKARYA|NO_SP|1,0
Q06706|EUKARYA|NO_SP|2,0
Q10655|EUKARYA|NO_SP|1,0
Q9CRD2|EUKARYA|NO_SP|1,0
Q7Z589|EUKARYA|NO_SP|2,0
P25696|EUKARYA|NO_SP|2,0
Q19849|EUKARYA|NO_SP|1,0
Q6K1L7|EUKARYA|NO_SP|2,0
P41214|EUKARYA|NO_SP|1,0
Q8NG57|EUKARYA|NO_SP|0,0
Q9C103|EUKARYA|NO_SP|1,0
Q9C7C4|EUKARYA|NO_SP|2,0
P53246|EUKARYA|NO_SP|1,0
O13747|EUKARYA|NO_SP|1,0
Q80TH2|EUKARYA|NO_SP|2,0
P18074|EUKARYA|NO_SP|2,0
Q40478|EUKARYA|NO_SP|1,0
Q9UJM3|EUKARYA|NO_SP|1,0
Q8LEA8|EUKARYA|NO_SP|1,0
P28515|EUKARYA|NO_SP|1,0
O94384|EUKARYA|NO_SP|1,0
O43402|EUKARYA|NO_SP|0,0
Q9LYD9|EUKARYA|NO_SP|2,0
Q04741|EUKARYA|NO_SP|0,0
Q03173|EUKARYA|NO_SP|1,0
Q8T4F7|EUKARYA|NO_SP|1,0
P06733|EUKARYA|NO_SP|2,0
P25704|EUKARYA|NO_SP|2,0
P32626|EUKARYA|NO_SP|2,0
B3EWF7|EUKARYA|NO_SP|0,0
Q8R0W0|EUKARYA|NO_SP|0,0
P43572|EUKARYA|NO_SP|0,0
Q8GXX0|EUKARYA|NO_SP|1,0
Q03661|EUKARYA|NO_SP|0,0
Q8BGS1|EUKARYA|NO_SP|0,0
Q96CJ1|EUKARYA|NO_SP|1,0
Q12432|EUKARYA|NO_SP|1,0
Q7X8R0|EUKARYA|NO_SP|1,0
O13802|EUKARYA|NO_SP|1,0
C6Y4C5|EUKARYA|NO_SP|1,0
Q03214|EUKARYA|NO_SP|1,0
P38732|EUKARYA|NO_SP|1,0
P40516|EUKARYA|NO_SP|1,0
Q23045|EUKARYA|NO_SP|1,0
P08046|EUKARYA|NO_SP|0,0
Q8BH64|EUKARYA|NO_SP|2,0
Q9Y6B2|EUKARYA|NO_SP|0,0
Q04067|EUKARYA|NO_SP|1,0
Q05775|EUKARYA|NO_SP|2,0
Q8CJF7|EUKARYA|NO_SP|2,0
Q05BC3|EUKARYA|NO_SP|1,0
Q96AY2|EUKARYA|NO_SP|1,0
O95905|EUKARYA|NO_SP|1,0
Q5XIC0|EUKARYA|NO_SP|0,0
C6Y4D3|EUKARYA|NO_SP|1,0
Q04110|EUKARYA|NO_SP|2,0
P35195|EUKARYA|NO_SP|1,0
P33412|EUKARYA|NO_SP|1,0
P40023|EUKARYA|NO_SP|2,0
Q9VVI2|EUKARYA|NO_SP|1,0
O94752|EUKARYA|NO_SP|1,0
Q9SU71|EUKARYA|NO_SP|1,0
Q5JVL4|EUKARYA|NO_SP|2,0
Q6AYU4|EUKARYA|NO_SP|0,0
Q8N9N8|EUKARYA|NO_SP|2,0
Q9UBQ5|EUKARYA|NO_SP|1,0
B5DF91|EUKARYA|NO_SP|0,0
Q9VR17|EUKARYA|NO_SP|1,0
Q12050|EUKARYA|NO_SP|2,0
Q9P7X2|EUKARYA|NO_SP|1,0
Q9VW51|EUKARYA|NO_SP|2,0
Q93ZR1|EUKARYA|NO_SP|1,0
O95834|EUKARYA|NO_SP|2,0
Q04409|EUKARYA|NO_SP|1,0
Q9DCR4|EUKARYA|NO_SP|0,0
O94513|EUKARYA|NO_SP|2,0
O75821|EUKARYA|NO_SP|0,0
Q5XIQ2|EUKARYA|NO_SP|2,0
O94495|EUKARYA|NO_SP|2,0
Q9NPA8|EUKARYA|NO_SP|2,0
P97481|EUKARYA|NO_SP|2,0
Q03468|EUKARYA|NO_SP|2,0
O94717|EUKARYA|NO_SP|1,0
Q08119|EUKARYA|NO_SP|2,0
Q5FWF5|EUKARYA|NO_SP|2,0
Q6IPR1|EUKARYA|NO_SP|0,0
Q9NVH0|EUKARYA|NO_SP|2,0
Q9Y3B2|EUKARYA|NO_SP|1,0
Q15024|EUKARYA|NO_SP|0,0
O95990|EUKARYA|NO_SP|2,0
P13002|EUKARYA|NO_SP|1,0
O14023|EUKARYA|NO_SP|1,0
Q8WYP5|EUKARYA|NO_SP|2,0
Q15006|EUKARYA|NO_SP|1,0
Q9H201|EUKARYA|NO_SP|2,0
Q9SKT1|EUKARYA|NO_SP|2,0
P27882|EUKARYA|NO_SP|1,0
O74828|EUKARYA|NO_SP|2,0
Q8RY71|EUKARYA|NO_SP|2,0
F4K933|EUKARYA|NO_SP|1,0
Q8IXQ9|EUKARYA|NO_SP|2,0
Q3B820|EUKARYA|NO_SP|0,0
Q09722|EUKARYA|NO_SP|2,0
Q9VQD6|EUKARYA|NO_SP|1,0
O04211|EUKARYA|NO_SP|1,0
Q8JFY9|EUKARYA|NO_SP|2,0
P00924|EUKARYA|NO_SP|2,0
P21550|EUKARYA|NO_SP|2,0
Q95XR4|EUKARYA|NO_SP|1,0
Q18892|EUKARYA|NO_SP|2,0
P28715|EUKARYA|NO_SP|2,0
Q40479|EUKARYA|NO_SP|1,0
Q9UT88|EUKARYA|NO_SP|2,0
P11474|EUKARYA|NO_SP|0,0
Q06344|EUKARYA|NO_SP|2,0
Q03018|EUKARYA|NO_SP|1,0
P14921|EUKARYA|NO_SP|2,0
Q8NDI1|EUKARYA|NO_SP|2,0
Q9NZC4|EUKARYA|NO_SP|1,0
Q9UT76|EUKARYA|NO_SP|1,0
P55199|EUKARYA|NO_SP|2,0
Q96JJ3|EUKARYA|NO_SP|1,0
O59704|EUKARYA|NO_SP|1,0
Q9CZX0|EUKARYA|NO_SP|1,0
O15083|EUKARYA|NO_SP|0,0
Q5RJL0|EUKARYA|NO_SP|2,0
Q56NI9|EUKARYA|NO_SP|1,0
Q1W209|EUKARYA|NO_SP|2,0
O74804|EUKARYA|NO_SP|1,0
Q08822|EUKARYA|NO_SP|2,0
A8WFJ9|EUKARYA|NO_SP|1,0
P40427|EUKARYA|NO_SP|1,0
Q92800|EUKARYA|NO_SP|1,0
Q15910|EUKARYA|NO_SP|1,0
Q8TC76|EUKARYA|NO_SP|0,0
Q9H5Z6|EUKARYA|NO_SP|2,0
Q96KS0|EUKARYA|NO_SP|0,0
O94431|EUKARYA|NO_SP|1,0
Q9C5Z3|EUKARYA|NO_SP|2,0
Q80VR2|EUKARYA|NO_SP|0,0
Q91YP6|EUKARYA|NO_SP|2,0
O95163|EUKARYA|NO_SP|2,0
Q9H9T3|EUKARYA|NO_SP|1,0
Q9USP1|EUKARYA|NO_SP|1,0
O00423|EUKARYA|NO_SP|1,0
O14682|EUKARYA|NO_SP|0,0
Q9H2F5|EUKARYA|NO_SP|1,0
P58107|EUKARYA|NO_SP|0,0
O44406|EUKARYA|NO_SP|1,0
P38140|EUKARYA|NO_SP|1,0
Q94F30|EUKARYA|NO_SP|1,0
P70429|EUKARYA|NO_SP|1,0
Q24312|EUKARYA|NO_SP|0,0
Q9LSB9|EUKARYA|NO_SP|1,0
Q7TMF2|EUKARYA|NO_SP|0,0
Q5EBJ4|EUKARYA|NO_SP|2,0
Q8TE68|EUKARYA|NO_SP|2,0
O94446|EUKARYA|NO_SP|2,0
P22696|EUKARYA|NO_SP|1,0
Q99504|EUKARYA|NO_SP|1,0
Q9MB58|EUKARYA|NO_SP|1,0
Q9TYU9|EUKARYA|NO_SP|2,0
O54924|EUKARYA|NO_SP|1,0
P97480|EUKARYA|NO_SP|1,0
Q05201|EUKARYA|NO_SP|0,0
Q6AY14|EUKARYA|NO_SP|1,0
Q6UWZ7|EUKARYA|NO_SP|2,0
Q9Y4F9|EUKARYA|NO_SP|1,0
Q5HYJ3|EUKARYA|NO_SP|1,0
P51161|EUKARYA|NO_SP|1,0
O74385|EUKARYA|NO_SP|2,0
Q5U259|EUKARYA|NO_SP|0,0
Q8S8D3|EUKARYA|NO_SP|1,0
P12385|EUKARYA|NO_SP|1,0
Q99JZ7|EUKARYA|NO_SP|1,0
Q8N693|EUKARYA|NO_SP|1,0
F4JU69|EUKARYA|NO_SP|1,0
Q9VYY9|EUKARYA|NO_SP|1,0
P42124|EUKARYA|NO_SP|1,0
Q3ZN08|EUKARYA|NO_SP|2,0
Q8IVS2|EUKARYA|NO_SP|0,0
Q12283|EUKARYA|NO_SP|1,0
F4JTJ2|EUKARYA|NO_SP|1,0
P11308|EUKARYA|NO_SP|1,0
Q8IV48|EUKARYA|NO_SP|0,0
O95718|EUKARYA|NO_SP|0,0
Q9H6S3|EUKARYA|NO_SP|1,0
Q9FJT6|EUKARYA|NO_SP|1,0
Q6UPE1|EUKARYA|NO_SP|1,0
P14404|EUKARYA|NO_SP|2,0
Q52LJ0|EUKARYA|NO_SP|2,0
Q7L8L6|EUKARYA|NO_SP|2,0
Q9Y804|EUKARYA|NO_SP|1,0
Q9Y2M0|EUKARYA|NO_SP|1,0
Q9EQR6|EUKARYA|NO_SP|2,0
Q9CR14|EUKARYA|NO_SP|2,0
Q9BTP7|EUKARYA|NO_SP|1,0
Q9C8L2|EUKARYA|NO_SP|1,0
P35551|EUKARYA|NO_SP|0,0
Q78JE5|EUKARYA|NO_SP|1,0
Q8BMI0|EUKARYA|NO_SP|1,0
Q5BJ29|EUKARYA|NO_SP|1,0
Q969U6|EUKARYA|NO_SP|1,0
Q05498|EUKARYA|NO_SP|1,0
Q9LDY5|EUKARYA|NO_SP|0,0
Q0WRJ7|EUKARYA|NO_SP|0,0
P68107|EUKARYA|NO_SP|1,0
Q9BQ89|EUKARYA|NO_SP|0,0
Q9BPY3|EUKARYA|NO_SP|1,0
Q6RI63|EUKARYA|NO_SP|2,0
Q80ZQ9|EUKARYA|NO_SP|2,0
P35731|EUKARYA|NO_SP|0,0
P80020|EUKARYA|NO_SP|1,0
Q9BXW9|EUKARYA|NO_SP|2,0
Q8NB91|EUKARYA|NO_SP|1,0
C7AE94|EUKARYA|NO_SP|2,0
Q84RK2|EUKARYA|NO_SP|0,0
Q9D2Y6|EUKARYA|NO_SP|1,0
O42877|EUKARYA|NO_SP|1,0
Q03034|EUKARYA|NO_SP|2,0
P27787|EUKARYA|NO_SP|0,0
O80429|EUKARYA|NO_SP|0,0
Q9ZTS2|EUKARYA|NO_SP|0,0
Q99689|EUKARYA|NO_SP|2,0
P87114|EUKARYA|NO_SP|1,0
O16299|EUKARYA|NO_SP|1,0
Q9SR70|EUKARYA|NO_SP|0,0
Q5ZKN5|EUKARYA|NO_SP|1,0
Q5T0W9|EUKARYA|NO_SP|0,0
O59722|EUKARYA|NO_SP|1,0
A2A870|EUKARYA|NO_SP|1,0
Q8NFZ0|EUKARYA|NO_SP|1,0
P22087|EUKARYA|NO_SP|0,0
Q12035|EUKARYA|NO_SP|2,0
Q99581|EUKARYA|NO_SP|2,0
O74842|EUKARYA|NO_SP|1,0
O88387|EUKARYA|NO_SP|2,0
Q6T938|EUKARYA|NO_SP|1,0
Q5D862|EUKARYA|NO_SP|2,0
Q0JBH9|EUKARYA|NO_SP|0,0
Q8WZM3|EUKARYA|NO_SP|1,0
P38071|EUKARYA|NO_SP|1,0
Q93YW0|EUKARYA|NO_SP|0,0
O00471|EUKARYA|NO_SP|1,0
Q9MA79|EUKARYA|NO_SP|1,0
Q8IZU0|EUKARYA|NO_SP|2,0
Q8W104|EUKARYA|NO_SP|1,0
P22509|EUKARYA|NO_SP|0,0
Q9UK97|EUKARYA|NO_SP|1,0
Q969H0|EUKARYA|NO_SP|1,0
Q6P4F2|EUKARYA|NO_SP|0,0
P39748|EUKARYA|NO_SP|1,0
Q1W6H9|EUKARYA|NO_SP|0,0
Q9NZB2|EUKARYA|NO_SP|1,0
Q9N0J6|EUKARYA|NO_SP|1,0
P48629|EUKARYA|NO_SP|2,0
Q9V3B4|EUKARYA|NO_SP|2,0
P70600|EUKARYA|NO_SP|2,0
F1P065|EUKARYA|NO_SP|2,0
Q9N5M6|EUKARYA|NO_SP|1,0
Q9NRD1|EUKARYA|NO_SP|1,0
Q9S7E4|EUKARYA|NO_SP|1,0
Q92913|EUKARYA|NO_SP|1,0
Q9Y6X4|EUKARYA|NO_SP|1,0
A6ND36|EUKARYA|NO_SP|0,0
P50119|EUKARYA|NO_SP|1,0
Q9DAM9|EUKARYA|NO_SP|2,0
Q14296|EUKARYA|NO_SP|0,0
Q5SRY7|EUKARYA|NO_SP|1,0
Q969P5|EUKARYA|NO_SP|1,0
O13610|EUKARYA|NO_SP|1,0
Q5TD97|EUKARYA|NO_SP|1,0
Q76LL6|EUKARYA|NO_SP|2,0
Q84VZ1|EUKARYA|NO_SP|1,0
Q9WTJ4|EUKARYA|NO_SP|0,0
A2RQG7|EUKARYA|NO_SP|1,0
Q9Y7L4|EUKARYA|NO_SP|1,0
P15311|EUKARYA|NO_SP|1,0
Q15018|EUKARYA|NO_SP|2,0
O13698|EUKARYA|NO_SP|1,0
Q8VBV4|EUKARYA|NO_SP|1,0
P0CT22|EUKARYA|NO_SP|2,0
Q84JK2|EUKARYA|NO_SP|0,0
Q9BKZ9|EUKARYA|NO_SP|1,0
Q9UK73|EUKARYA|NO_SP|2,0
Q9SXQ6|EUKARYA|NO_SP|1,0
O43030|EUKARYA|NO_SP|2,0
Q9XX47|EUKARYA|NO_SP|1,0
A1A519|EUKARYA|NO_SP|1,0
Q8TC56|EUKARYA|NO_SP|1,0
Q14CZ7|EUKARYA|NO_SP|1,0
Q12099|EUKARYA|NO_SP|0,0
Q9M1X2|EUKARYA|NO_SP|0,0
Q5T0N5|EUKARYA|NO_SP|2,0
Q3ULA2|EUKARYA|NO_SP|1,0
Q9UKT7|EUKARYA|NO_SP|1,0
P0DJI6|EUKARYA|NO_SP|0,0
Q9UQ84|EUKARYA|NO_SP|1,0
P38289|EUKARYA|NO_SP|1,0
Q66LM6|EUKARYA|NO_SP|1,0
O42866|EUKARYA|NO_SP|2,0
Q8IZU1|EUKARYA|NO_SP|2,0
Q9SWG3|EUKARYA|NO_SP|1,0
Q40477|EUKARYA|NO_SP|1,0
Q08I43|EUKARYA|NO_SP|1,0
Q9LNI5|EUKARYA|NO_SP|2,0
Q9C6I6|EUKARYA|NO_SP|2,0
Q9LSW8|EUKARYA|NO_SP|2,0
P42940|EUKARYA|NO_SP|2,0
P40546|EUKARYA|NO_SP|1,0
Q8TCJ0|EUKARYA|NO_SP|1,0
Q6P587|EUKARYA|NO_SP|2,0
F1LYQ8|EUKARYA|NO_SP|2,0
P49327|EUKARYA|NO_SP|1,0
Q9UKA1|EUKARYA|NO_SP|1,0
O59834|EUKARYA|NO_SP|0,0
Q07511|EUKARYA|NO_SP|1,0
Q9ZVH0|EUKARYA|NO_SP|0,0
F4IF36|EUKARYA|NO_SP|0,0
A8MR65|EUKARYA|NO_SP|2,0
Q8S4Q6|EUKARYA|NO_SP|2,0
Q93ZG9|EUKARYA|NO_SP|2,0
Q02790|EUKARYA|NO_SP|0,0
P35922|EUKARYA|NO_SP|0,0
Q8CCH7|EUKARYA|NO_SP|0,0
Q8QZW2|EUKARYA|NO_SP|2,0
A0PJY2|EUKARYA|NO_SP|0,0
Q9SFV6|EUKARYA|NO_SP|1,0
Q9URY5|EUKARYA|NO_SP|2,0
Q9LIE5|EUKARYA|NO_SP|1,0
Q4L180|EUKARYA|NO_SP|1,0
P48375|EUKARYA|NO_SP|1,0
Q9LYR5|EUKARYA|NO_SP|2,0
Q9FJL3|EUKARYA|NO_SP|2,0
Q9URY7|EUKARYA|NO_SP|1,0
Q4LB35|EUKARYA|NO_SP|1,0
O65271|EUKARYA|NO_SP|0,0
Q01167|EUKARYA|NO_SP|0,0
Q6ZRV2|EUKARYA|NO_SP|0,0
Q8NFF5|EUKARYA|NO_SP|0,0
Q7LKZ5|EUKARYA|NO_SP|2,0
Q8IZT9|EUKARYA|NO_SP|2,0
Q9NPI8|EUKARYA|NO_SP|1,0
A0A1D5PRR9|EUKARYA|NO_SP|0,0
Q84VG7|EUKARYA|NO_SP|1,0
Q03898|EUKARYA|NO_SP|1,0
P45976|EUKARYA|NO_SP|0,0
Q6P9Q6|EUKARYA|NO_SP|1,0
Q08968|EUKARYA|NO_SP|1,0
A0A023PZB3|EUKARYA|NO_SP|1,0
Q9NYY8|EUKARYA|NO_SP|1,0
Q56YJ8|EUKARYA|NO_SP|1,0
Q6NZ36|EUKARYA|NO_SP|0,0
Q7G188|EUKARYA|NO_SP|1,0
Q9SCY2|EUKARYA|NO_SP|1,0
Q9LM71|EUKARYA|NO_SP|0,0
Q06205|EUKARYA|NO_SP|2,0
O60129|EUKARYA|NO_SP|1,0
Q9SR13|EUKARYA|NO_SP|1,0
Q14315|EUKARYA|NO_SP|0,0
Q9UTA2|EUKARYA|NO_SP|1,0
Q8WW38|EUKARYA|NO_SP|0,0
P53848|EUKARYA|NO_SP|1,0
Q9LHH7|EUKARYA|NO_SP|1,0
Q08645|EUKARYA|NO_SP|1,0
Q54KF1|EUKARYA|NO_SP|1,0
P51145|EUKARYA|NO_SP|1,0
Q9VS05|EUKARYA|NO_SP|1,0
P70056|EUKARYA|NO_SP|1,0
P85037|EUKARYA|NO_SP|0,0
O59945|EUKARYA|NO_SP|1,0
P0DKJ7|EUKARYA|NO_SP|1,0
P40491|EUKARYA|NO_SP|2,0
O74742|EUKARYA|NO_SP|1,0
G5ECG2|EUKARYA|NO_SP|1,0
P35582|EUKARYA|NO_SP|0,0
Q61574|EUKARYA|NO_SP|1,0
P53739|EUKARYA|NO_SP|1,0
Q64ET8|EUKARYA|NO_SP|1,0
Q22146|EUKARYA|NO_SP|1,0
Q920B0|EUKARYA|NO_SP|2,0
Q9WUD8|EUKARYA|NO_SP|1,0
Q53R41|EUKARYA|NO_SP|2,0
Q2HWF0|EUKARYA|NO_SP|2,0
Q9UK96|EUKARYA|NO_SP|2,0
P52734|EUKARYA|NO_SP|0,0
F4KEV7|EUKARYA|NO_SP|1,0
Q6PIW4|EUKARYA|NO_SP|1,0
O13839|EUKARYA|NO_SP|0,0
Q9XSH5|EUKARYA|NO_SP|0,0
Q9W1I9|EUKARYA|NO_SP|1,0
O42993|EUKARYA|NO_SP|1,0
Q12497|EUKARYA|NO_SP|2,0
P40008|EUKARYA|NO_SP|1,0
Q9ESP5|EUKARYA|NO_SP|0,0
Q9ZSZ8|EUKARYA|NO_SP|0,0
P0DKJ8|EUKARYA|NO_SP|1,0
Q9Y091|EUKARYA|NO_SP|1,0
Q7XZQ8|EUKARYA|NO_SP|2,0
O13329|EUKARYA|NO_SP|1,0
O35615|EUKARYA|NO_SP|0,0
O88470|EUKARYA|NO_SP|0,0
O14230|EUKARYA|NO_SP|1,0
P0DH90|EUKARYA|NO_SP|1,0
P37261|EUKARYA|NO_SP|1,0
Q9SZL7|EUKARYA|NO_SP|1,0
Q5XIE6|EUKARYA|NO_SP|1,0
Q9SZN7|EUKARYA|NO_SP|1,0
Q84JG5|EUKARYA|NO_SP|1,0
O49597|EUKARYA|NO_SP|0,0
P90947|EUKARYA|NO_SP|1,0
P38074|EUKARYA|NO_SP|2,0
Q9FHQ3|EUKARYA|NO_SP|1,0
Q9D4G2|EUKARYA|NO_SP|2,0
Q382V8|EUKARYA|NO_SP|2,0
G5EGD2|EUKARYA|NO_SP|2,0
Q3V016|EUKARYA|NO_SP|0,0
Q04429|EUKARYA|NO_SP|1,0
Q14527|EUKARYA|NO_SP|1,0
Q43386|EUKARYA|NO_SP|2,0
Q62826|EUKARYA|NO_SP|0,0
Q03213|EUKARYA|NO_SP|2,0
O01367|EUKARYA|NO_SP|0,0
Q01448|EUKARYA|NO_SP|1,0
P93836|EUKARYA|NO_SP|1,0
O80982|EUKARYA|NO_SP|1,0
Q9UBD0|EUKARYA|NO_SP|1,0
Q5XET5|EUKARYA|NO_SP|2,0
Q96MH2|EUKARYA|NO_SP|0,0
Q9TSZ2|EUKARYA|NO_SP|2,0
Q9I8A3|EUKARYA|NO_SP|2,0
Q8VZS3|EUKARYA|NO_SP|2,0
Q61221|EUKARYA|NO_SP|2,0
Q0VBL6|EUKARYA|NO_SP|2,0
Q9NQE9|EUKARYA|NO_SP|2,0
O88850|EUKARYA|NO_SP|1,0
P34326|EUKARYA|NO_SP|0,0
Q9SGS2|EUKARYA|NO_SP|2,0
Q9FYS5|EUKARYA|NO_SP|2,0
Q9Z2Y3|EUKARYA|NO_SP|1,0
Q8BIL5|EUKARYA|NO_SP|1,0
O35047|EUKARYA|NO_SP|0,0
P36078|EUKARYA|NO_SP|1,0
P05205|EUKARYA|NO_SP|2,0
Q969F9|EUKARYA|NO_SP|0,0
Q61699|EUKARYA|NO_SP|2,0
P05527|EUKARYA|NO_SP|1,0
O94284|EUKARYA|NO_SP|2,0
P49866|EUKARYA|NO_SP|1,0
Q9CA90|EUKARYA|NO_SP|2,0
O13983|EUKARYA|NO_SP|2,0
P29295|EUKARYA|NO_SP|0,0
O94641|EUKARYA|NO_SP|2,0
P07901|EUKARYA|NO_SP|2,0
Q03933|EUKARYA|NO_SP|2,0
O14368|EUKARYA|NO_SP|1,0
Q09918|EUKARYA|NO_SP|2,0
Q7JKP6|EUKARYA|NO_SP|2,0
P35557|EUKARYA|NO_SP|2,0
Q12373|EUKARYA|NO_SP|2,0
Q84VV6|EUKARYA|NO_SP|2,0
Q9WUM7|EUKARYA|NO_SP|1,0
Q8MQ70|EUKARYA|NO_SP|1,0
Q9JL35|EUKARYA|NO_SP|0,0
Q8R0N6|EUKARYA|NO_SP|2,0
P39979|EUKARYA|NO_SP|2,0
Q6PCN7|EUKARYA|NO_SP|1,0
G5ECT8|EUKARYA|NO_SP|2,0
O49596|EUKARYA|NO_SP|0,0
O14979|EUKARYA|NO_SP|0,0
P61978|EUKARYA|NO_SP|1,0
Q9UV50|EUKARYA|NO_SP|0,0
Q8IX15|EUKARYA|NO_SP|1,0
Q7TMK6|EUKARYA|NO_SP|1,0
Q8R1H0|EUKARYA|NO_SP|1,0
Q9D5T7|EUKARYA|NO_SP|2,0
P40481|EUKARYA|NO_SP|2,0
P17629|EUKARYA|NO_SP|1,0
Q04178|EUKARYA|NO_SP|1,0
Q91VB4|EUKARYA|NO_SP|0,0
Q08732|EUKARYA|NO_SP|2,0
Q960X8|EUKARYA|NO_SP|0,0
Q09675|EUKARYA|NO_SP|2,0
O65719|EUKARYA|NO_SP|2,0
P39987|EUKARYA|NO_SP|2,0
Q9LTX9|EUKARYA|NO_SP|0,0
Q9S7C0|EUKARYA|NO_SP|2,0
Q6F388|EUKARYA|NO_SP|1,0
P28817|EUKARYA|NO_SP|1,0
P32480|EUKARYA|NO_SP|2,0
P02836|EUKARYA|NO_SP|0,0
Q42344|EUKARYA|NO_SP|0,0
Q9UJC3|EUKARYA|NO_SP|1,0
Q9P2W1|EUKARYA|NO_SP|0,0
Q8LDF9|EUKARYA|NO_SP|1,0
Q9UTQ8|EUKARYA|NO_SP|1,0
A5WWC6|EUKARYA|NO_SP|1,0
D0VYS2|EUKARYA|NO_SP|2,0
Q02953|EUKARYA|NO_SP|1,0
Q711A6|EUKARYA|NO_SP|0,0
F1LQ48|EUKARYA|NO_SP|0,0
Q0P5I5|EUKARYA|NO_SP|0,0
Q9NSB8|EUKARYA|NO_SP|1,0
Q6K498|EUKARYA|NO_SP|0,0
P09932|EUKARYA|NO_SP|1,0
Q5SSJ5|EUKARYA|NO_SP|2,0
O14139|EUKARYA|NO_SP|0,0
P0DMV9|EUKARYA|NO_SP|2,0
Q8GYY1|EUKARYA|NO_SP|2,0
Q9STW6|EUKARYA|NO_SP|0,0
P53685|EUKARYA|NO_SP|1,0
B0EXJ8|EUKARYA|NO_SP|1,0
Q12134|EUKARYA|NO_SP|1,0
Q9LF24|EUKARYA|NO_SP|1,0
Q3MIB4|EUKARYA|NO_SP|0,0
Q12405|EUKARYA|NO_SP|1,0
Q9P2M1|EUKARYA|NO_SP|1,0
Q8K3W2|EUKARYA|NO_SP|1,0
Q9CQ07|EUKARYA|NO_SP|2,0
Q9VW97|EUKARYA|NO_SP|1,0
P38828|EUKARYA|NO_SP|2,0
P62312|EUKARYA|NO_SP|0,0
Q9BRA0|EUKARYA|NO_SP|2,0
Q04781|EUKARYA|NO_SP|2,0
O94289|EUKARYA|NO_SP|2,0
Q9NQ48|EUKARYA|NO_SP|2,0
Q8K1Q4|EUKARYA|NO_SP|0,0
O08648|EUKARYA|NO_SP|0,0
Q9LJD8|EUKARYA|NO_SP|0,0
Q9C5J9|EUKARYA|NO_SP|1,0
Q09377|EUKARYA|NO_SP|1,0
Q1PDW3|EUKARYA|NO_SP|1,0
Q6P5Q4|EUKARYA|NO_SP|0,0
A1A5Q0|EUKARYA|NO_SP|0,0
Q84MC2|EUKARYA|NO_SP|0,0
Q7KRI2|EUKARYA|NO_SP|0,0
Q9M9L7|EUKARYA|NO_SP|1,0
P34234|EUKARYA|NO_SP|2,0
P39655|EUKARYA|NO_SP|0,0
P48999|EUKARYA|NO_SP|0,0
F4IF99|EUKARYA|NO_SP|2,0
Q9W590|EUKARYA|NO_SP|2,0
Q9LW68|EUKARYA|NO_SP|2,0
Q9ESV1|EUKARYA|NO_SP|2,0
Q9P127|EUKARYA|NO_SP|1,0
Q5U5X0|EUKARYA|NO_SP|2,0
P40976|EUKARYA|NO_SP|0,0
O22975|EUKARYA|NO_SP|1,0
Q96NW7|EUKARYA|NO_SP|2,0
Q10135|EUKARYA|NO_SP|1,0
O42978|EUKARYA|NO_SP|0,0
O74349|EUKARYA|NO_SP|1,0
Q9C5H5|EUKARYA|NO_SP|0,0
P57113|EUKARYA|NO_SP|0,0
Q9LU93|EUKARYA|NO_SP|1,0
O94468|EUKARYA|NO_SP|1,0
Q9LMT7|EUKARYA|NO_SP|1,0
Q8LEA0|EUKARYA|NO_SP|0,0
Q8ND56|EUKARYA|NO_SP|0,0
P94077|EUKARYA|NO_SP|1,0
Q9SRK5|EUKARYA|NO_SP|0,0
Q07508|EUKARYA|NO_SP|2,0
Q9JHQ5|EUKARYA|NO_SP|2,0
Q9FX43|EUKARYA|NO_SP|2,0
Q9Y2U5|EUKARYA|NO_SP|1,0
P41279|EUKARYA|NO_SP|1,0
Q9D0U6|EUKARYA|NO_SP|1,0
Q8WZ33|EUKARYA|NO_SP|1,0
P42679|EUKARYA|NO_SP|0,0
Q7TPV4|EUKARYA|NO_SP|0,0
Q9LYB9|EUKARYA|NO_SP|1,0
Q9Z2D7|EUKARYA|NO_SP|2,0
Q9SNC0|EUKARYA|NO_SP|1,0
Q8WQL7|EUKARYA|NO_SP|1,0
Q9XTF3|EUKARYA|NO_SP|1,0
Q9NR56|EUKARYA|NO_SP|2,0
Q9NUK0|EUKARYA|NO_SP|2,0
O94488|EUKARYA|NO_SP|2,0
P02686|EUKARYA|NO_SP|1,0
Q08601|EUKARYA|NO_SP|0,0
P53145|EUKARYA|NO_SP|2,0
Q1H595|EUKARYA|NO_SP|0,0
F4K4E3|EUKARYA|NO_SP|0,0
Q16584|EUKARYA|NO_SP|0,0
O43318|EUKARYA|NO_SP|1,0
Q80US8|EUKARYA|NO_SP|1,0
P43364|EUKARYA|NO_SP|1,0
A2A9R3|EUKARYA|NO_SP|1,0
Q49MG5|EUKARYA|NO_SP|0,0
Q96L34|EUKARYA|NO_SP|0,0
Q9R1L5|EUKARYA|NO_SP|0,0
P0CY15|EUKARYA|NO_SP|1,0
Q8WWY6|EUKARYA|NO_SP|1,0
Q0IGK1|EUKARYA|NO_SP|2,0
Q9VPM5|EUKARYA|NO_SP|0,0
Q5VZF2|EUKARYA|NO_SP|2,0
O74477|EUKARYA|NO_SP|1,0
Q6R0H1|EUKARYA|NO_SP|2,0
Q9BIW5|EUKARYA|NO_SP|2,0
Q9BIW4|EUKARYA|NO_SP|2,0
Q9V4Z9|EUKARYA|NO_SP|1,0
Q09769|EUKARYA|NO_SP|2,0
Q54AX5|EUKARYA|NO_SP|1,0
P87308|EUKARYA|NO_SP|2,0
Q9VXY7|EUKARYA|NO_SP|2,0
Q6NNI3|EUKARYA|NO_SP|2,0
Q9HCC9|EUKARYA|NO_SP|1,0
Q10474|EUKARYA|NO_SP|1,0
Q8LBB7|EUKARYA|NO_SP|0,0
P93655|EUKARYA|NO_SP|1,0
Q9UN81|EUKARYA|NO_SP|1,0
P38801|EUKARYA|NO_SP|2,0
Q6UWE0|EUKARYA|NO_SP|1,0
P25369|EUKARYA|NO_SP|2,0
Q0J7V9|EUKARYA|NO_SP|1,0
P57743|EUKARYA|NO_SP|0,0
P49367|EUKARYA|NO_SP|1,0
Q9LTY1|EUKARYA|NO_SP|0,0
Q9BTT6|EUKARYA|NO_SP|2,0
Q9Y802|EUKARYA|NO_SP|1,0
Q9SHS8|EUKARYA|NO_SP|2,0
Q9NX58|EUKARYA|NO_SP|2,0
Q5VWZ2|EUKARYA|NO_SP|0,0
P38998|EUKARYA|NO_SP|1,0
Q9CQ20|EUKARYA|NO_SP|1,0
Q7L5Y9|EUKARYA|NO_SP|2,0
Q8L7K9|EUKARYA|NO_SP|0,0
Q9FS88|EUKARYA|NO_SP|2,0
O74499|EUKARYA|NO_SP|0,0
Q9USM4|EUKARYA|NO_SP|2,0
P08659|EUKARYA|NO_SP|1,0
Q9LPV9|EUKARYA|NO_SP|1,0
Q8CFC9|EUKARYA|NO_SP|1,0
Q9SFB6|EUKARYA|NO_SP|0,0
Q8IWC1|EUKARYA|NO_SP|2,0
P54844|EUKARYA|NO_SP|0,0
Q06436|EUKARYA|NO_SP|1,0
Q9QZ04|EUKARYA|NO_SP|0,0
P22134|EUKARYA|NO_SP|2,0
Q965G5|EUKARYA|NO_SP|2,0
P46821|EUKARYA|NO_SP|0,0
P0C5W1|EUKARYA|NO_SP|0,0
Q9FV49|EUKARYA|NO_SP|2,0
P49137|EUKARYA|NO_SP|0,0
Q9UPY8|EUKARYA|NO_SP|2,0
Q9Y4F3|EUKARYA|NO_SP|1,0
O74752|EUKARYA|NO_SP|0,0
Q8BVN4|EUKARYA|NO_SP|1,0
Q9M219|EUKARYA|NO_SP|1,0
Q8VED8|EUKARYA|NO_SP|1,0
Q86WG5|EUKARYA|NO_SP|1,0
O14077|EUKARYA|NO_SP|2,0
O14131|EUKARYA|NO_SP|1,0
O42631|EUKARYA|NO_SP|1,0
P87299|EUKARYA|NO_SP|2,0
O94418|EUKARYA|NO_SP|1,0
Q04149|EUKARYA|NO_SP|2,0
Q8W1K8|EUKARYA|NO_SP|0,0
Q9UIF7|EUKARYA|NO_SP|0,0
O23722|EUKARYA|NO_SP|1,0
Q14764|EUKARYA|NO_SP|1,0
Q9AVJ9|EUKARYA|NO_SP|2,0
Q94FL7|EUKARYA|NO_SP|2,0
Q2V9B0|EUKARYA|NO_SP|1,0
Q9S9K9|EUKARYA|NO_SP|2,0
O49687|EUKARYA|NO_SP|1,0
Q6P8Z1|EUKARYA|NO_SP|0,0
Q9NPC7|EUKARYA|NO_SP|0,0
F4HWY6|EUKARYA|NO_SP|1,0
Q0WPU1|EUKARYA|NO_SP|1,0
Q96H55|EUKARYA|NO_SP|1,0
Q00647|EUKARYA|NO_SP|0,0
P22816|EUKARYA|NO_SP|0,0
Q03429|EUKARYA|NO_SP|1,0
Q9BSU3|EUKARYA|NO_SP|1,0
Q147X3|EUKARYA|NO_SP|0,0
Q84TD6|EUKARYA|NO_SP|0,0
Q2TAK8|EUKARYA|NO_SP|2,0
Q23978|EUKARYA|NO_SP|2,0
Q9LSI7|EUKARYA|NO_SP|2,0
Q9SA47|EUKARYA|NO_SP|2,0
Q6R0A6|EUKARYA|NO_SP|2,0
Q9XHV0|EUKARYA|NO_SP|2,0
P12524|EUKARYA|NO_SP|0,0
Q08AG7|EUKARYA|NO_SP|0,0
P61599|EUKARYA|NO_SP|1,0
O74311|EUKARYA|NO_SP|1,0
Q9C932|EUKARYA|NO_SP|0,0
Q9CAR0|EUKARYA|NO_SP|0,0
Q9C5W3|EUKARYA|NO_SP|1,0
Q69YI7|EUKARYA|NO_SP|1,0
F4JP48|EUKARYA|NO_SP|1,0
P53077|EUKARYA|NO_SP|1,0
Q9VEB4|EUKARYA|NO_SP|1,0
Q96GX9|EUKARYA|NO_SP|1,0
Q9HE08|EUKARYA|NO_SP|1,0
P53944|EUKARYA|NO_SP|1,0
Q9XIF2|EUKARYA|NO_SP|2,0
Q12093|EUKARYA|NO_SP|2,0
O13894|EUKARYA|NO_SP|1,0
Q10180|EUKARYA|NO_SP|1,0
O74779|EUKARYA|NO_SP|1,0
Q9C110|EUKARYA|NO_SP|1,0
P87054|EUKARYA|NO_SP|1,0
Q9USP4|EUKARYA|NO_SP|1,0
Q9UT83|EUKARYA|NO_SP|2,0
O74472|EUKARYA|NO_SP|1,0
Q92349|EUKARYA|NO_SP|1,0
Q96WW2|EUKARYA|NO_SP|1,0
P20592|EUKARYA|NO_SP|1,0
Q94FL6|EUKARYA|NO_SP|2,0
Q23979|EUKARYA|NO_SP|2,0
Q9SJX8|EUKARYA|NO_SP|2,0
Q8IEF6|EUKARYA|NO_SP|1,0
Q9SPG9|EUKARYA|NO_SP|2,0
Q9FDW1|EUKARYA|NO_SP|2,0
Q6R0C4|EUKARYA|NO_SP|2,0
Q9M0Y5|EUKARYA|NO_SP|2,0
Q9FIP9|EUKARYA|NO_SP|1,0
Q8N699|EUKARYA|NO_SP|1,0
Q99836|EUKARYA|NO_SP|0,0
A2ABU4|EUKARYA|NO_SP|1,0
Q8R4U1|EUKARYA|NO_SP|0,0
Q9FLF7|EUKARYA|NO_SP|1,0
F4J3T8|EUKARYA|NO_SP|1,0
Q04751|EUKARYA|NO_SP|1,0
Q9C8M2|EUKARYA|NO_SP|0,0
Q19LA2|EUKARYA|NO_SP|0,0
Q96E29|EUKARYA|NO_SP|1,0
Q9FM80|EUKARYA|NO_SP|2,0
Q02395|EUKARYA|NO_SP|0,0
Q9PTD5|EUKARYA|NO_SP|1,0
Q13496|EUKARYA|NO_SP|2,0
Q9Z2C4|EUKARYA|NO_SP|0,0
Q9P7R3|EUKARYA|NO_SP|1,0
Q9UT31|EUKARYA|NO_SP|1,0
P87133|EUKARYA|NO_SP|1,0
O94428|EUKARYA|NO_SP|1,0
Q99P21|EUKARYA|NO_SP|1,0
P40959|EUKARYA|NO_SP|1,0
Q9N0Y2|EUKARYA|NO_SP|1,0
A7VK00|EUKARYA|NO_SP|1,0
Q9LXV2|EUKARYA|NO_SP|2,0
O49782|EUKARYA|NO_SP|2,0
Q9S773|EUKARYA|NO_SP|2,0
Q8TBZ2|EUKARYA|NO_SP|2,0
Q39204|EUKARYA|NO_SP|1,0
Q9JK81|EUKARYA|NO_SP|0,0
P11799|EUKARYA|NO_SP|2,0
Q9V3Z6|EUKARYA|NO_SP|1,0
P97479|EUKARYA|NO_SP|1,0
Q6NZ67|EUKARYA|NO_SP|0,0
Q21986|EUKARYA|NO_SP|2,0
Q12387|EUKARYA|NO_SP|1,0
Q9W0G6|EUKARYA|NO_SP|1,0
O13921|EUKARYA|NO_SP|1,0
Q84LK0|EUKARYA|NO_SP|0,0
P70354|EUKARYA|NO_SP|0,0
A3AZ88|EUKARYA|NO_SP|0,0
Q86U44|EUKARYA|NO_SP|0,0
P47018|EUKARYA|NO_SP|2,0
Q49AM1|EUKARYA|NO_SP|1,0
O60185|EUKARYA|NO_SP|0,0
O75648|EUKARYA|NO_SP|1,0
P39731|EUKARYA|NO_SP|1,0
O74461|EUKARYA|NO_SP|0,0
O42654|EUKARYA|NO_SP|1,0
O74848|EUKARYA|NO_SP|1,0
Q09888|EUKARYA|NO_SP|2,0
Q54TN2|EUKARYA|NO_SP|0,0
Q12317|EUKARYA|NO_SP|1,0
P25846|EUKARYA|NO_SP|1,0
P26359|EUKARYA|NO_SP|1,0
P52701|EUKARYA|NO_SP|0,0
Q9VEZ3|EUKARYA|NO_SP|2,0
Q80XX4|EUKARYA|NO_SP|1,0
P93746|EUKARYA|NO_SP|1,0
Q10262|EUKARYA|NO_SP|2,0
O74434|EUKARYA|NO_SP|1,0
P87311|EUKARYA|NO_SP|1,0
Q9P5M9|EUKARYA|NO_SP|1,0
O13674|EUKARYA|NO_SP|1,0
O94275|EUKARYA|NO_SP|1,0
Q8VDD5|EUKARYA|NO_SP|1,0
Q9HD67|EUKARYA|NO_SP|1,0
P36006|EUKARYA|NO_SP|0,0
O94477|EUKARYA|NO_SP|1,0
Q04439|EUKARYA|NO_SP|0,0
Q5EAJ7|EUKARYA|NO_SP|1,0
Q91196|EUKARYA|NO_SP|0,0
Q42379|EUKARYA|NO_SP|2,0
F4IRB4|EUKARYA|NO_SP|2,0
O22210|EUKARYA|NO_SP|2,0
E9PT87|EUKARYA|NO_SP|2,0
Q9QZZ4|EUKARYA|NO_SP|1,0
P70569|EUKARYA|NO_SP|1,0
Q9LKB9|EUKARYA|NO_SP|1,0
Q9XXV8|EUKARYA|NO_SP|2,0
Q9TW28|EUKARYA|NO_SP|1,0
Q6PHQ8|EUKARYA|NO_SP|1,0
Q9C8W9|EUKARYA|NO_SP|0,0
Q9R1M5|EUKARYA|NO_SP|2,0
P27929|EUKARYA|NO_SP|2,0
Q06504|EUKARYA|NO_SP|1,0
Q19317|EUKARYA|NO_SP|2,0
O60934|EUKARYA|NO_SP|1,0
Q3BBV0|EUKARYA|NO_SP|1,0
Q91192|EUKARYA|NO_SP|0,0
Q9WVP9|EUKARYA|NO_SP|0,0
Q9VR35|EUKARYA|NO_SP|1,0
Q9LDE1|EUKARYA|NO_SP|2,0
Q9LTC4|EUKARYA|NO_SP|2,0
Q4JL84|EUKARYA|NO_SP|2,0
Q9C9G7|EUKARYA|NO_SP|2,0
Q6PDN3|EUKARYA|NO_SP|2,0
Q9ERC1|EUKARYA|NO_SP|1,0
Q92002|EUKARYA|NO_SP|2,0
O74805|EUKARYA|NO_SP|2,0
Q39160|EUKARYA|NO_SP|1,0
Q13459|EUKARYA|NO_SP|2,0
P22980|EUKARYA|NO_SP|1,0
Q8R4E4|EUKARYA|NO_SP|1,0
Q6C7L6|EUKARYA|NO_SP|1,0
Q9QY36|EUKARYA|NO_SP|1,0
Q14CX7|EUKARYA|NO_SP|2,0
Q6PGB6|EUKARYA|NO_SP|0,0
Q03735|EUKARYA|NO_SP|1,0
Q6NQK2|EUKARYA|NO_SP|2,0
Q9ZU32|EUKARYA|NO_SP|2,0
Q9SCL7|EUKARYA|NO_SP|2,0
E7FDB3|EUKARYA|NO_SP|1,0
P60323|EUKARYA|NO_SP|2,0
Q5MGA9|EUKARYA|NO_SP|0,0
Q9W3C1|EUKARYA|NO_SP|1,0
P12945|EUKARYA|NO_SP|0,0
Q08689|EUKARYA|NO_SP|1,0
Q9LVA1|EUKARYA|NO_SP|0,0
Q9UU84|EUKARYA|NO_SP|2,0
Q9P7N0|EUKARYA|NO_SP|1,0
O74359|EUKARYA|NO_SP|1,0
Q10326|EUKARYA|NO_SP|1,0
Q5W9E7|EUKARYA|NO_SP|1,0
Q1PDP9|EUKARYA|NO_SP|1,0
Q9SPG3|EUKARYA|NO_SP|2,0
Q9SPG2|EUKARYA|NO_SP|2,0
Q9LX82|EUKARYA|NO_SP|2,0
Q6R053|EUKARYA|NO_SP|1,0
Q8VZQ2|EUKARYA|NO_SP|2,0
Q69CM7|EUKARYA|NO_SP|2,0
P01106|EUKARYA|NO_SP|0,0
Q6TEM9|EUKARYA|NO_SP|1,0
P12979|EUKARYA|NO_SP|1,0
O60237|EUKARYA|NO_SP|0,0
F4JWB3|EUKARYA|NO_SP|1,0
Q9USH6|EUKARYA|NO_SP|1,0
O13713|EUKARYA|NO_SP|2,0
O49255|EUKARYA|NO_SP|0,0
Q9SK55|EUKARYA|NO_SP|0,0
Q8WY41|EUKARYA|NO_SP|0,0
P60321|EUKARYA|NO_SP|2,0
Q12163|EUKARYA|NO_SP|2,0
Q96MG7|EUKARYA|NO_SP|0,0
Q12143|EUKARYA|NO_SP|2,0
P27476|EUKARYA|NO_SP|0,0
Q80WB5|EUKARYA|NO_SP|1,0
Q08214|EUKARYA|NO_SP|1,0
Q09907|EUKARYA|NO_SP|1,0
P36118|EUKARYA|NO_SP|2,0
Q8L748|EUKARYA|NO_SP|1,0
Q09904|EUKARYA|NO_SP|2,0
Q9Z0W3|EUKARYA|NO_SP|0,0
Q14980|EUKARYA|NO_SP|2,0
Q9UKX7|EUKARYA|NO_SP|2,0
Q68FY1|EUKARYA|NO_SP|0,0
Q8GYF7|EUKARYA|NO_SP|0,0
Q9FFK6|EUKARYA|NO_SP|2,0
O60356|EUKARYA|NO_SP|0,0
Q86Y26|EUKARYA|NO_SP|0,0
Q9VV73|EUKARYA|NO_SP|2,0
Q9FNK4|EUKARYA|NO_SP|1,0
O08608|EUKARYA|NO_SP|0,0
A8DYP0|EUKARYA|NO_SP|1,0
Q5VST9|EUKARYA|NO_SP|1,0
Q9Y314|EUKARYA|NO_SP|1,0
F4I1T7|EUKARYA|NO_SP|1,0
O60287|EUKARYA|NO_SP|0,0
Q8BMA5|EUKARYA|NO_SP|2,0
Q16612|EUKARYA|NO_SP|2,0
Q9JHR9|EUKARYA|NO_SP|2,0
P18616|EUKARYA|NO_SP|2,0
Q9LQ02|EUKARYA|NO_SP|1,0
Q9P382|EUKARYA|NO_SP|1,0
Q8N1F7|EUKARYA|NO_SP|2,0
Q6P4R8|EUKARYA|NO_SP|2,0
Q9XE33|EUKARYA|NO_SP|0,0
Q8R1F1|EUKARYA|NO_SP|1,0
Q84RQ7|EUKARYA|NO_SP|0,0
Q6Z869|EUKARYA|NO_SP|2,0
F4IDQ6|EUKARYA|NO_SP|2,0
P33420|EUKARYA|NO_SP|1,0
Q06178|EUKARYA|NO_SP|2,0
O13725|EUKARYA|NO_SP|1,0
B0DOB4|EUKARYA|NO_SP|1,0
Q4U0Y4|EUKARYA|NO_SP|1,0
O75607|EUKARYA|NO_SP|0,0
Q9ZVC2|EUKARYA|NO_SP|0,0
P39683|EUKARYA|NO_SP|1,0
Q60641|EUKARYA|NO_SP|1,0
Q86WQ0|EUKARYA|NO_SP|1,0
Q9QYK3|EUKARYA|NO_SP|1,0
Q9CZ57|EUKARYA|NO_SP|0,0
P38340|EUKARYA|NO_SP|1,0
Q10331|EUKARYA|NO_SP|1,0
Q9UTH0|EUKARYA|NO_SP|2,0
F4KBW6|EUKARYA|NO_SP|1,0
Q9LK40|EUKARYA|NO_SP|1,0
Q5EN53|EUKARYA|NO_SP|0,0
Q6BDR8|EUKARYA|NO_SP|2,0
Q9NXX6|EUKARYA|NO_SP|0,0
Q12457|EUKARYA|NO_SP|2,0
Q6X4W1|EUKARYA|NO_SP|2,0
P53935|EUKARYA|NO_SP|1,0
Q9C829|EUKARYA|NO_SP|2,0
Q9Y5A7|EUKARYA|NO_SP|0,0
P93740|EUKARYA|NO_SP|0,0
Q9CA40|EUKARYA|NO_SP|1,0
Q5F2E7|EUKARYA|NO_SP|1,0
O08587|EUKARYA|NO_SP|2,0
Q8RXH2|EUKARYA|NO_SP|1,0
P49793|EUKARYA|NO_SP|0,0
Q8VC33|EUKARYA|NO_SP|1,0
Q9U9Y8|EUKARYA|NO_SP|1,0
Q86UT6|EUKARYA|NO_SP|0,0
P22307|EUKARYA|NO_SP|2,0
P53204|EUKARYA|NO_SP|2,0
O13824|EUKARYA|NO_SP|1,0
Q13823|EUKARYA|NO_SP|1,0
Q9BSC4|EUKARYA|NO_SP|2,0
Q3TZX8|EUKARYA|NO_SP|0,0
Q9NPE3|EUKARYA|NO_SP|1,0
Q9Y3C1|EUKARYA|NO_SP|1,0
Q6WKZ7|EUKARYA|NO_SP|1,0
O75161|EUKARYA|NO_SP|1,0
O42857|EUKARYA|NO_SP|1,0
Q9M1I7|EUKARYA|NO_SP|0,0
P10588|EUKARYA|NO_SP|0,0
O88491|EUKARYA|NO_SP|1,0
Q53EK2|EUKARYA|NO_SP|1,0
Q96MF7|EUKARYA|NO_SP|1,0
O94668|EUKARYA|NO_SP|1,0
Q9VKJ3|EUKARYA|NO_SP|1,0
O74879|EUKARYA|NO_SP|2,0
P59240|EUKARYA|NO_SP|1,0
Q9Y5X4|EUKARYA|NO_SP|0,0
Q8VCQ3|EUKARYA|NO_SP|1,0
Q9Y6Y0|EUKARYA|NO_SP|0,0
Q8WV22|EUKARYA|NO_SP|1,0
Q9CPR8|EUKARYA|NO_SP|0,0
O13688|EUKARYA|NO_SP|0,0
Q96IY1|EUKARYA|NO_SP|2,0
Q10168|EUKARYA|NO_SP|0,0
Q9NPB1|EUKARYA|NO_SP|0,0
Q9BV86|EUKARYA|NO_SP|1,0
Q95NM6|EUKARYA|NO_SP|2,0
P53718|EUKARYA|NO_SP|1,0
Q9CA59|EUKARYA|NO_SP|2,0
Q05541|EUKARYA|NO_SP|1,0
Q7X9V3|EUKARYA|NO_SP|0,0
F4HWF9|EUKARYA|NO_SP|0,0
P61972|EUKARYA|NO_SP|1,0
P31378|EUKARYA|NO_SP|1,0
P34343|EUKARYA|NO_SP|0,0
Q8WUM0|EUKARYA|NO_SP|0,0
Q12769|EUKARYA|NO_SP|0,0
Q9P7M8|EUKARYA|NO_SP|1,0
O74424|EUKARYA|NO_SP|1,0
Q9U7C9|EUKARYA|NO_SP|0,0
Q8LC68|EUKARYA|NO_SP|2,0
Q5ZEF1|EUKARYA|NO_SP|0,0
Q03718|EUKARYA|NO_SP|1,0
B9DFZ0|EUKARYA|NO_SP|1,0
Q5VVY1|EUKARYA|NO_SP|1,0
A4GSN8|EUKARYA|NO_SP|0,0
Q24JJ9|EUKARYA|NO_SP|1,0
Q8RWH9|EUKARYA|NO_SP|0,0
Q96T66|EUKARYA|NO_SP|2,0
P53742|EUKARYA|NO_SP|1,0
Q9BEC7|EUKARYA|NO_SP|1,0
P06748|EUKARYA|NO_SP|2,0
Q9UFN0|EUKARYA|NO_SP|2,0
P05982|EUKARYA|NO_SP|2,0
G5EG51|EUKARYA|NO_SP|0,0
Q5D869|EUKARYA|NO_SP|1,0
Q96G61|EUKARYA|NO_SP|1,0
Q9FNH4|EUKARYA|NO_SP|0,0
Q969F2|EUKARYA|NO_SP|0,0
P42586|EUKARYA|NO_SP|2,0
O60551|EUKARYA|NO_SP|2,0
P47149|EUKARYA|NO_SP|1,0
Q9JJG9|EUKARYA|NO_SP|0,0
Q9H6R4|EUKARYA|NO_SP|0,0
P41777|EUKARYA|NO_SP|1,0
Q08208|EUKARYA|NO_SP|2,0
O94268|EUKARYA|NO_SP|2,0
Q794H2|EUKARYA|NO_SP|0,0
Q8CBD1|EUKARYA|NO_SP|2,0
P53384|EUKARYA|NO_SP|2,0
Q9FVQ1|EUKARYA|NO_SP|2,0
Q96DE0|EUKARYA|NO_SP|0,0
P32336|EUKARYA|NO_SP|1,0
O60166|EUKARYA|NO_SP|1,0
Q7Z417|EUKARYA|NO_SP|1,0
Q9C923|EUKARYA|NO_SP|1,0
Q8L7F7|EUKARYA|NO_SP|0,0
Q9GYU8|EUKARYA|NO_SP|1,0
Q8SX86|EUKARYA|NO_SP|1,0
Q8H0V5|EUKARYA|NO_SP|0,0
Q23571|EUKARYA|NO_SP|1,0
Q920N1|EUKARYA|NO_SP|1,0
Q9FNY7|EUKARYA|NO_SP|1,0
Q6VAK3|EUKARYA|NO_SP|2,0
Q9FUP0|EUKARYA|NO_SP|0,0
Q8MPQ7|EUKARYA|NO_SP|2,0
Q8GWJ4|EUKARYA|NO_SP|0,0
P20240|EUKARYA|NO_SP|0,0
P48552|EUKARYA|NO_SP|2,0
O95478|EUKARYA|NO_SP|1,0
O96028|EUKARYA|NO_SP|1,0
Q4PIR3|EUKARYA|NO_SP|1,0
Q9H649|EUKARYA|NO_SP|1,0
Q9SIC4|EUKARYA|NO_SP|1,0
Q9LW88|EUKARYA|NO_SP|2,0
Q1PEP5|EUKARYA|NO_SP|2,0
Q9BQG2|EUKARYA|NO_SP|2,0
Q9NZJ9|EUKARYA|NO_SP|1,0
Q99P30|EUKARYA|NO_SP|2,0
Q9QXX8|EUKARYA|NO_SP|0,0
Q10LF7|EUKARYA|NO_SP|1,0
Q9UUE5|EUKARYA|NO_SP|2,0
Q8LLD0|EUKARYA|NO_SP|1,0
Q9LUB7|EUKARYA|NO_SP|0,0
A8BFN4|EUKARYA|NO_SP|2,0
Q8LAH7|EUKARYA|NO_SP|0,0
Q6K8X6|EUKARYA|NO_SP|0,0
Q9BXB5|EUKARYA|NO_SP|0,0
Q93170|EUKARYA|NO_SP|2,0
Q9USL4|EUKARYA|NO_SP|2,0
Q9BW27|EUKARYA|NO_SP|1,0
Q149M9|EUKARYA|NO_SP|2,0
Q9XVS8|EUKARYA|NO_SP|1,0
P97346|EUKARYA|NO_SP|0,0
Q9P7L5|EUKARYA|NO_SP|1,0
P53949|EUKARYA|NO_SP|2,0
Q5BJF6|EUKARYA|NO_SP|2,0
Q6AYX5|EUKARYA|NO_SP|2,0
Q9C5J8|EUKARYA|NO_SP|0,0
Q8VIJ5|EUKARYA|NO_SP|0,0
P53298|EUKARYA|NO_SP|1,0
O94626|EUKARYA|NO_SP|1,0
Q9FKA7|EUKARYA|NO_SP|1,0
Q6DGH9|EUKARYA|NO_SP|0,0
Q5XKR4|EUKARYA|NO_SP|0,0
P53136|EUKARYA|NO_SP|1,0
O74759|EUKARYA|NO_SP|1,0
Q9W1X4|EUKARYA|NO_SP|1,0
P40010|EUKARYA|NO_SP|0,0
P0CJ43|EUKARYA|NO_SP|2,0
A3KGV1|EUKARYA|NO_SP|2,0
Q9FLQ4|EUKARYA|NO_SP|0,0
Q80Z25|EUKARYA|NO_SP|2,0
Q6Z1J6|EUKARYA|NO_SP|1,0
I6WU39|EUKARYA|NO_SP|1,0
Q6PFG8|EUKARYA|NO_SP|1,0
O60175|EUKARYA|NO_SP|1,0
Q8GYB8|EUKARYA|NO_SP|0,0
Q9FEW9|EUKARYA|NO_SP|0,0
Q6Z965|EUKARYA|NO_SP|0,0
Q9FEX0|EUKARYA|NO_SP|0,0
P43124|EUKARYA|NO_SP|2,0
P57740|EUKARYA|NO_SP|2,0
Q9C811|EUKARYA|NO_SP|2,0
Q52K88|EUKARYA|NO_SP|1,0
O15504|EUKARYA|NO_SP|1,0
Q9DBY8|EUKARYA|NO_SP|2,0
P04181|EUKARYA|NO_SP|2,0
O60110|EUKARYA|NO_SP|2,0
Q5M729|EUKARYA|NO_SP|1,0
P38632|EUKARYA|NO_SP|1,0
A1A6K6|EUKARYA|NO_SP|1,0
O60178|EUKARYA|NO_SP|2,0
Q12311|EUKARYA|NO_SP|1,0
O43044|EUKARYA|NO_SP|2,0
Q9P797|EUKARYA|NO_SP|2,0
P37199|EUKARYA|NO_SP|1,0
Q9UTK4|EUKARYA|NO_SP|0,0
Q8TB37|EUKARYA|NO_SP|0,0
Q9SZ63|EUKARYA|NO_SP|0,0
Q94A82|EUKARYA|NO_SP|0,0
Q8WVJ2|EUKARYA|NO_SP|2,0
Q9SU14|EUKARYA|NO_SP|1,0
Q9UHK0|EUKARYA|NO_SP|0,0
Q9M424|EUKARYA|NO_SP|0,0
O59763|EUKARYA|NO_SP|2,0
P38738|EUKARYA|NO_SP|1,0
P12695|EUKARYA|NO_SP|1,0
Q9QXY4|EUKARYA|NO_SP|1,0
Q9NTK5|EUKARYA|NO_SP|1,0
Q9XGP7|EUKARYA|NO_SP|1,0
P11181|EUKARYA|NO_SP|2,0
Q9N0F1|EUKARYA|NO_SP|0,0
Q8H1Y0|EUKARYA|NO_SP|0,0
P35486|EUKARYA|NO_SP|2,0
Q9SA73|EUKARYA|NO_SP|1,0
O13998|EUKARYA|NO_SP|1,0
P38219|EUKARYA|NO_SP|1,0
Q9P4X2|EUKARYA|NO_SP|1,0
Q99J31|EUKARYA|NO_SP|1,0
Q24168|EUKARYA|NO_SP|1,0
Q7XS69|EUKARYA|NO_SP|1,0
Q9H4B0|EUKARYA|NO_SP|2,0
P38713|EUKARYA|NO_SP|2,0
O13755|EUKARYA|NO_SP|1,0
O45307|EUKARYA|NO_SP|0,0
Q4KMM3|EUKARYA|NO_SP|1,0
Q969Q6|EUKARYA|NO_SP|2,0
Q5U2R6|EUKARYA|NO_SP|0,0
Q9SXA1|EUKARYA|NO_SP|2,0
Q06416|EUKARYA|NO_SP|0,0
O15350|EUKARYA|NO_SP|2,0
Q8NFH5|EUKARYA|NO_SP|0,0
G5EEH9|EUKARYA|NO_SP|0,0
Q9R109|EUKARYA|NO_SP|1,0
Q96WW1|EUKARYA|NO_SP|1,0
Q6YVX7|EUKARYA|NO_SP|0,0
Q8VYZ0|EUKARYA|NO_SP|1,0
Q8GXH3|EUKARYA|NO_SP|0,0
Q4V7F3|EUKARYA|NO_SP|2,0
P10383|EUKARYA|NO_SP|0,0
Q9PT61|EUKARYA|NO_SP|2,0
Q08952|EUKARYA|NO_SP|1,0
P32322|EUKARYA|NO_SP|2,0
Q9H3D4|EUKARYA|NO_SP|1,0
Q8H107|EUKARYA|NO_SP|0,0
P26284|EUKARYA|NO_SP|2,0
Q11120|EUKARYA|NO_SP|1,0
O60502|EUKARYA|NO_SP|0,0
Q6VAK4|EUKARYA|NO_SP|2,0
P54964|EUKARYA|NO_SP|1,0
Q5SML5|EUKARYA|NO_SP|0,0
P50580|EUKARYA|NO_SP|0,0
Q9FJN9|EUKARYA|NO_SP|2,0
Q86U42|EUKARYA|NO_SP|0,0
Q96DU9|EUKARYA|NO_SP|0,0
Q9QY17|EUKARYA|NO_SP|0,0
Q08202|EUKARYA|NO_SP|2,0
Q9XG54|EUKARYA|NO_SP|0,0
Q5SMU7|EUKARYA|NO_SP|0,0
Q12202|EUKARYA|NO_SP|2,0
Q03266|EUKARYA|NO_SP|1,0
P42731|EUKARYA|NO_SP|1,0
Q99JB8|EUKARYA|NO_SP|0,0
P53632|EUKARYA|NO_SP|2,0
Q9LMT2|EUKARYA|NO_SP|2,0
Q8TEW0|EUKARYA|NO_SP|1,0
Q86W56|EUKARYA|NO_SP|0,0
Q12454|EUKARYA|NO_SP|2,0
Q9M7Z1|EUKARYA|NO_SP|0,0
Q9V3I8|EUKARYA|NO_SP|1,0
Q6ZD89|EUKARYA|NO_SP|2,0
Q6ZC03|EUKARYA|NO_SP|1,0
Q6K9T0|EUKARYA|NO_SP|0,0
Q942A1|EUKARYA|NO_SP|0,0
Q8IN94|EUKARYA|NO_SP|0,0
Q9SX99|EUKARYA|NO_SP|1,0
P21375|EUKARYA|NO_SP|1,0
Q8N573|EUKARYA|NO_SP|1,0
Q9Y5P8|EUKARYA|NO_SP|1,0
Q9Y2J8|EUKARYA|NO_SP|1,0
P90783|EUKARYA|NO_SP|1,0
Q9US06|EUKARYA|NO_SP|2,0
Q8IMA8|EUKARYA|NO_SP|1,0
Q9LJG6|EUKARYA|NO_SP|1,0
Q9W2H9|EUKARYA|NO_SP|1,0
Q53GL7|EUKARYA|NO_SP|0,0
Q12515|EUKARYA|NO_SP|1,0
Q7SZK7|EUKARYA|NO_SP|2,0
E9Q5G7|EUKARYA|NO_SP|1,0
K7U9N8|EUKARYA|NO_SP|1,0
Q9VSR3|EUKARYA|NO_SP|0,0
P46873|EUKARYA|NO_SP|2,0
P86413|EUKARYA|NO_SP|2,0
Q9DBN4|EUKARYA|NO_SP|0,0
Q6IN85|EUKARYA|NO_SP|1,0
P54886|EUKARYA|NO_SP|1,0
Q50L43|EUKARYA|NO_SP|1,0
Q12447|EUKARYA|NO_SP|2,0
O94277|EUKARYA|NO_SP|1,0
Q9UKS6|EUKARYA|NO_SP|0,0
Q55D99|EUKARYA|NO_SP|1,0
Q12033|EUKARYA|NO_SP|2,0
Q86YC2|EUKARYA|NO_SP|2,0
P36102|EUKARYA|NO_SP|1,0
Q9UUK3|EUKARYA|NO_SP|2,0
Q9LME4|EUKARYA|NO_SP|1,0
O02217|EUKARYA|NO_SP|2,0
Q9JK24|EUKARYA|NO_SP|2,0
Q96C36|EUKARYA|NO_SP|2,0
P33751|EUKARYA|NO_SP|2,0
Q15004|EUKARYA|NO_SP|0,0
Q8N7H5|EUKARYA|NO_SP|1,0
Q13153|EUKARYA|NO_SP|1,0
Q55GV3|EUKARYA|NO_SP|2,0
P34766|EUKARYA|NO_SP|1,0
Q4KM62|EUKARYA|NO_SP|2,0
Q8BGF7|EUKARYA|NO_SP|1,0
Q9FYC2|EUKARYA|NO_SP|0,0
Q9LW57|EUKARYA|NO_SP|0,0
P25500|EUKARYA|NO_SP|2,0
Q9LXR7|EUKARYA|NO_SP|1,0
Q9LDL7|EUKARYA|NO_SP|0,0
P47239|EUKARYA|NO_SP|0,0
O23215|EUKARYA|NO_SP|1,0
A8J6X7|EUKARYA|NO_SP|1,0
Q3KNV8|EUKARYA|NO_SP|0,0
O15381|EUKARYA|NO_SP|2,0
Q9S736|EUKARYA|NO_SP|0,0
Q0WQF7|EUKARYA|NO_SP|0,0
Q9LZW2|EUKARYA|NO_SP|2,0
Q94CV1|EUKARYA|NO_SP|0,0
Q9I7H9|EUKARYA|NO_SP|2,0
Q9NPF4|EUKARYA|NO_SP|2,0
Q852Q1|EUKARYA|NO_SP|0,0
O13974|EUKARYA|NO_SP|2,0
P43558|EUKARYA|NO_SP|1,0
B2RYG6|EUKARYA|NO_SP|1,0
Q9NWU1|EUKARYA|NO_SP|0,0
O96013|EUKARYA|NO_SP|1,0
O13865|EUKARYA|NO_SP|1,0
Q6GQQ9|EUKARYA|NO_SP|0,0
Q3UCV8|EUKARYA|NO_SP|0,0
Q15072|EUKARYA|NO_SP|0,0
Q8WX93|EUKARYA|NO_SP|2,0
Q8TE04|EUKARYA|NO_SP|0,0
Q9M2P7|EUKARYA|NO_SP|0,0
Q9SJH0|EUKARYA|NO_SP|1,0
Q9TW45|EUKARYA|NO_SP|1,0
Q9NAN2|EUKARYA|NO_SP|0,0
O88554|EUKARYA|NO_SP|2,0
Q9C446|EUKARYA|NO_SP|2,0
P49023|EUKARYA|NO_SP|1,0
Q96AQ6|EUKARYA|NO_SP|0,0
Q9LIA6|EUKARYA|NO_SP|2,0
Q15366|EUKARYA|NO_SP|0,0
Q86SE9|EUKARYA|NO_SP|0,0
Q9VTL1|EUKARYA|NO_SP|2,0
P53124|EUKARYA|NO_SP|1,0
Q7Z2X4|EUKARYA|NO_SP|2,0
Q92351|EUKARYA|NO_SP|2,0
Q32NK7|EUKARYA|NO_SP|2,0
O14284|EUKARYA|NO_SP|1,0
Q5MIZ7|EUKARYA|NO_SP|1,0
O88898|EUKARYA|NO_SP|1,0
Q8K3V4|EUKARYA|NO_SP|1,0
Q4U0S5|EUKARYA|NO_SP|1,0
Q9BTK6|EUKARYA|NO_SP|0,0
B9G5N1|EUKARYA|NO_SP|2,0
Q5AHB1|EUKARYA|NO_SP|0,0
Q9LYT1|EUKARYA|NO_SP|0,0
Q8LAP6|EUKARYA|NO_SP|0,0
O49629|EUKARYA|NO_SP|0,0
Q6DBN2|EUKARYA|NO_SP|0,0
Q9BWT3|EUKARYA|NO_SP|2,0
O82312|EUKARYA|NO_SP|2,0
Q8IV76|EUKARYA|NO_SP|2,0
O73622|EUKARYA|NO_SP|1,0
Q21738|EUKARYA|NO_SP|2,0
Q00202|EUKARYA|NO_SP|0,0
P33400|EUKARYA|NO_SP|1,0
Q4V920|EUKARYA|NO_SP|0,0
P38351|EUKARYA|NO_SP|2,0
Q42440|EUKARYA|NO_SP|1,0
Q8NC51|EUKARYA|NO_SP|1,0
Q504Q3|EUKARYA|NO_SP|1,0
Q09798|EUKARYA|NO_SP|1,0
P91943|EUKARYA|NO_SP|1,0
Q9SKX5|EUKARYA|NO_SP|0,0
Q8W4F1|EUKARYA|NO_SP|1,0
O49839|EUKARYA|NO_SP|0,0
P08018|EUKARYA|NO_SP|1,0
Q8WW12|EUKARYA|NO_SP|2,0
Q17958|EUKARYA|NO_SP|2,0
Q8MLZ3|EUKARYA|NO_SP|1,0
P35236|EUKARYA|NO_SP|1,0
U4PAZ9|EUKARYA|NO_SP|1,0
Q9SNC6|EUKARYA|NO_SP|0,0
Q92462|EUKARYA|NO_SP|0,0
Q9SVC6|EUKARYA|NO_SP|0,0
Q9LVG3|EUKARYA|NO_SP|1,0
Q80U78|EUKARYA|NO_SP|0,0
Q1PFN9|EUKARYA|NO_SP|1,0
P25822|EUKARYA|NO_SP|0,0
Q93YQ3|EUKARYA|NO_SP|2,0
Q9SKZ1|EUKARYA|NO_SP|0,0
Q12211|EUKARYA|NO_SP|1,0
P53167|EUKARYA|NO_SP|1,0
Q9FLB1|EUKARYA|NO_SP|1,0
Q8WU10|EUKARYA|NO_SP|0,0
P20618|EUKARYA|NO_SP|1,0
P28070|EUKARYA|NO_SP|0,0
Q9UTC3|EUKARYA|NO_SP|1,0
Q01329|EUKARYA|NO_SP|2,0
Q91Z31|EUKARYA|NO_SP|2,0
Q8VZS8|EUKARYA|NO_SP|0,0
Q8S8E3|EUKARYA|NO_SP|1,0
O94393|EUKARYA|NO_SP|1,0
Q967U1|EUKARYA|NO_SP|1,0
Q9EST4|EUKARYA|NO_SP|1,0
A2VD13|EUKARYA|NO_SP|0,0
Q9P6N2|EUKARYA|NO_SP|1,0
O04681|EUKARYA|NO_SP|1,0
P07275|EUKARYA|NO_SP|1,0
Q9FGM1|EUKARYA|NO_SP|0,0
Q9BRP8|EUKARYA|NO_SP|0,0
P07259|EUKARYA|NO_SP|2,0
P28272|EUKARYA|NO_SP|1,0
Q64305|EUKARYA|NO_SP|1,0
G5EC24|EUKARYA|NO_SP|0,0
P29461|EUKARYA|NO_SP|1,0
Q12461|EUKARYA|NO_SP|1,0
Q9UHX1|EUKARYA|NO_SP|1,0
Q9LVC3|EUKARYA|NO_SP|2,0
Q9C552|EUKARYA|NO_SP|1,0
Q8N142|EUKARYA|NO_SP|0,0
P80210|EUKARYA|NO_SP|0,0
Q08647|EUKARYA|NO_SP|1,0
P25635|EUKARYA|NO_SP|2,0
Q8BX57|EUKARYA|NO_SP|1,0
P0DMW2|EUKARYA|NO_SP|1,0
P19954|EUKARYA|NO_SP|1,0
P34227|EUKARYA|NO_SP|2,0
Q9VA12|EUKARYA|NO_SP|0,0
P25789|EUKARYA|NO_SP|0,0
P49721|EUKARYA|NO_SP|1,0
Q99436|EUKARYA|NO_SP|1,0
Q8WV60|EUKARYA|NO_SP|1,0
Q66GT5|EUKARYA|NO_SP|1,0
Q84TG3|EUKARYA|NO_SP|0,0
Q06124|EUKARYA|NO_SP|0,0
Q9UTG2|EUKARYA|NO_SP|1,0
Q8T6B9|EUKARYA|NO_SP|2,0
Q96QR8|EUKARYA|NO_SP|0,0
Q9P7X6|EUKARYA|NO_SP|1,0
Q12146|EUKARYA|NO_SP|1,0
Q02772|EUKARYA|NO_SP|1,0
P38876|EUKARYA|NO_SP|1,0
Q12221|EUKARYA|NO_SP|1,0
Q20757|EUKARYA|NO_SP|1,0
Q15397|EUKARYA|NO_SP|2,0
P53294|EUKARYA|NO_SP|1,0
Q7Z7A4|EUKARYA|NO_SP|1,0
O59770|EUKARYA|NO_SP|0,0
P55786|EUKARYA|NO_SP|0,0
P49720|EUKARYA|NO_SP|1,0
P28074|EUKARYA|NO_SP|0,0
Q9UQY2|EUKARYA|NO_SP|1,0
Q9USQ9|EUKARYA|NO_SP|0,0
P30657|EUKARYA|NO_SP|0,0
P12359|EUKARYA|NO_SP|0,0
Q42029|EUKARYA|NO_SP|2,0
Q12706|EUKARYA|NO_SP|1,0
Q08217|EUKARYA|NO_SP|0,0
Q14997|EUKARYA|NO_SP|0,0
O04682|EUKARYA|NO_SP|2,0
Q9LP21|EUKARYA|NO_SP|1,0
Q9LM20|EUKARYA|NO_SP|0,0
O14228|EUKARYA|NO_SP|2,0
F4JKB6|EUKARYA|NO_SP|1,0
O43063|EUKARYA|NO_SP|2,0
Q55GJ6|EUKARYA|NO_SP|2,0
P07390|EUKARYA|NO_SP|2,0
Q10222|EUKARYA|NO_SP|2,0
O81787|EUKARYA|NO_SP|1,0
Q4JDL3|EUKARYA|NO_SP|2,0
Q94AX2|EUKARYA|NO_SP|1,0
Q9SRT0|EUKARYA|NO_SP|1,0
Q8GTR4|EUKARYA|NO_SP|0,0
Q8TB72|EUKARYA|NO_SP|1,0
P53893|EUKARYA|NO_SP|0,0
Q8VZR0|EUKARYA|NO_SP|2,0
Q1G3K8|EUKARYA|NO_SP|2,0
P43565|EUKARYA|NO_SP|2,0
Q80WS1|EUKARYA|NO_SP|2,0
Q06587|EUKARYA|NO_SP|1,0
Q12196|EUKARYA|NO_SP|2,0
P02398|EUKARYA|NO_SP|0,0
P28804|EUKARYA|NO_SP|1,0
P82244|EUKARYA|NO_SP|0,0
P38222|EUKARYA|NO_SP|1,0
Q12504|EUKARYA|NO_SP|1,0
Q9CXW4|EUKARYA|NO_SP|0,0
P0CX49|EUKARYA|NO_SP|1,0
Q8N1G1|EUKARYA|NO_SP|0,0
A6NFN3|EUKARYA|NO_SP|0,0
P34342|EUKARYA|NO_SP|1,0
Q5JS13|EUKARYA|NO_SP|1,0
Q9ERD6|EUKARYA|NO_SP|1,0
Q9QZB0|EUKARYA|NO_SP|1,0
Q9ZU51|EUKARYA|NO_SP|0,0
Q15669|EUKARYA|NO_SP|0,0
F6YCR7|EUKARYA|NO_SP|1,0
Q99496|EUKARYA|NO_SP|1,0
P38883|EUKARYA|NO_SP|1,0
P12629|EUKARYA|NO_SP|1,0
P82413|EUKARYA|NO_SP|0,0
P82180|EUKARYA|NO_SP|2,0
P38754|EUKARYA|NO_SP|2,0
P91124|EUKARYA|NO_SP|1,0
Q9NVN3|EUKARYA|NO_SP|1,0
P09596|EUKARYA|NO_SP|2,0
P17353|EUKARYA|NO_SP|1,0
P28805|EUKARYA|NO_SP|2,0
P0C0W9|EUKARYA|NO_SP|0,0
P05740|EUKARYA|NO_SP|1,0
Q12362|EUKARYA|NO_SP|1,0
B6TRH4|EUKARYA|NO_SP|0,0
Q9FMW8|EUKARYA|NO_SP|2,0
Q9M0Y9|EUKARYA|NO_SP|2,0
O14730|EUKARYA|NO_SP|2,0
Q2WG80|EUKARYA|NO_SP|2,0
P82139|EUKARYA|NO_SP|2,0
P28803|EUKARYA|NO_SP|2,0
Q08961|EUKARYA|NO_SP|1,0
Q12690|EUKARYA|NO_SP|1,0
P26784|EUKARYA|NO_SP|1,0
P46990|EUKARYA|NO_SP|1,0
Q13671|EUKARYA|NO_SP|0,0
Q8TB24|EUKARYA|NO_SP|1,0
Q9Y572|EUKARYA|NO_SP|0,0
D3ZUQ0|EUKARYA|NO_SP|0,0
Q99578|EUKARYA|NO_SP|0,0
P82194|EUKARYA|NO_SP|0,0
P09594|EUKARYA|NO_SP|1,0
P54780|EUKARYA|NO_SP|1,0
P26785|EUKARYA|NO_SP|1,0
P0CX83|EUKARYA|NO_SP|2,0
P36144|EUKARYA|NO_SP|1,0
Q12672|EUKARYA|NO_SP|1,0
P05749|EUKARYA|NO_SP|1,0
P41805|EUKARYA|NO_SP|1,0
O42699|EUKARYA|NO_SP|2,0
P02406|EUKARYA|NO_SP|1,0
P0CX46|EUKARYA|NO_SP|1,0
Q9BVS4|EUKARYA|NO_SP|1,0
P09938|EUKARYA|NO_SP|2,0
P49723|EUKARYA|NO_SP|1,0
P82193|EUKARYA|NO_SP|1,0
Q9P6L2|EUKARYA|NO_SP|2,0
Q9Y7R7|EUKARYA|NO_SP|1,0
P82190|EUKARYA|NO_SP|0,0
Q3E757|EUKARYA|NO_SP|0,0
P0CX54|EUKARYA|NO_SP|1,0
P0CX42|EUKARYA|NO_SP|2,0
P40212|EUKARYA|NO_SP|1,0
P05748|EUKARYA|NO_SP|1,0
P0C2H7|EUKARYA|NO_SP|2,0
O76021|EUKARYA|NO_SP|2,0
P0CX23|EUKARYA|NO_SP|1,0
Q02753|EUKARYA|NO_SP|1,0
P56628|EUKARYA|NO_SP|1,0
P0CX84|EUKARYA|NO_SP|0,0
P0CX25|EUKARYA|NO_SP|1,0
P38061|EUKARYA|NO_SP|1,0
Q02326|EUKARYA|NO_SP|2,0
Q03195|EUKARYA|NO_SP|1,0
P24000|EUKARYA|NO_SP|1,0
O14455|EUKARYA|NO_SP|2,0
P05743|EUKARYA|NO_SP|0,0
P14120|EUKARYA|NO_SP|2,0
P05745|EUKARYA|NO_SP|2,0
P46777|EUKARYA|NO_SP|1,0
P0CX44|EUKARYA|NO_SP|1,0
Q9UT32|EUKARYA|NO_SP|2,0
P53221|EUKARYA|NO_SP|0,0
P05747|EUKARYA|NO_SP|1,0
P0C2H8|EUKARYA|NO_SP|1,0
P0C2H9|EUKARYA|NO_SP|1,0
P49166|EUKARYA|NO_SP|1,0
P04650|EUKARYA|NO_SP|1,0
P51401|EUKARYA|NO_SP|1,0
P05317|EUKARYA|NO_SP|1,0
P10622|EUKARYA|NO_SP|0,0
P0C2H6|EUKARYA|NO_SP|2,0
P49626|EUKARYA|NO_SP|2,0
P26321|EUKARYA|NO_SP|1,0
P05750|EUKARYA|NO_SP|1,0
P62701|EUKARYA|NO_SP|0,0
P38781|EUKARYA|NO_SP|1,0
Q02206|EUKARYA|NO_SP|1,0
P43609|EUKARYA|NO_SP|1,0
Q9UTT2|EUKARYA|NO_SP|1,0
P40033|EUKARYA|NO_SP|1,0
P28778|EUKARYA|NO_SP|1,0
Q9Y2R9|EUKARYA|NO_SP|0,0
Q3E7X9|EUKARYA|NO_SP|2,0
P41057|EUKARYA|NO_SP|1,0
P23396|EUKARYA|NO_SP|1,0
P0CX35|EUKARYA|NO_SP|0,0
P26783|EUKARYA|NO_SP|1,0
G5EFV3|EUKARYA|NO_SP|2,0
F4JHA2|EUKARYA|NO_SP|1,0
P07281|EUKARYA|NO_SP|1,0
P61247|EUKARYA|NO_SP|2,0
Q80T69|EUKARYA|NO_SP|0,0
Q07979|EUKARYA|NO_SP|2,0
P39019|EUKARYA|NO_SP|1,0
P26786|EUKARYA|NO_SP|2,0
O94522|EUKARYA|NO_SP|0,0
Q9P7W8|EUKARYA|NO_SP|1,0
Q6GNL4|EUKARYA|NO_SP|1,0
Q9P6P2|EUKARYA|NO_SP|2,0
P25359|EUKARYA|NO_SP|2,0
Q09781|EUKARYA|NO_SP|2,0
Q4FX73|EUKARYA|NO_SP|2,0
P02407|EUKARYA|NO_SP|2,0
P23403|EUKARYA|NO_SP|2,0
P05764|EUKARYA|NO_SP|1,0
P0C0T4|EUKARYA|NO_SP|2,0
P35997|EUKARYA|NO_SP|1,0
P0C0X0|EUKARYA|NO_SP|2,0
P25443|EUKARYA|NO_SP|1,0
P33442|EUKARYA|NO_SP|2,0
P55830|EUKARYA|NO_SP|2,0
P92965|EUKARYA|NO_SP|0,0
P48164|EUKARYA|NO_SP|2,0
Q09511|EUKARYA|NO_SP|0,0
P26452|EUKARYA|NO_SP|1,0
O81127|EUKARYA|NO_SP|0,0
P82915|EUKARYA|NO_SP|1,0
Q9Y2R5|EUKARYA|NO_SP|2,0
Q9Y291|EUKARYA|NO_SP|2,0
Q3ZC04|EUKARYA|NO_SP|0,0
Q10154|EUKARYA|NO_SP|2,0
Q9V3K3|EUKARYA|NO_SP|0,0
P39939|EUKARYA|NO_SP|1,0
O94438|EUKARYA|NO_SP|2,0
Q06488|EUKARYA|NO_SP|1,0
Q10412|EUKARYA|NO_SP|1,0
Q03124|EUKARYA|NO_SP|2,0
Q03430|EUKARYA|NO_SP|1,0
Q27YU0|EUKARYA|NO_SP|1,0
P46654|EUKARYA|NO_SP|1,0
Q2KID9|EUKARYA|NO_SP|0,0
O60186|EUKARYA|NO_SP|1,0
P53732|EUKARYA|NO_SP|0,0
P82914|EUKARYA|NO_SP|0,0
Q01163|EUKARYA|NO_SP|0,0
Q03976|EUKARYA|NO_SP|1,0
P82928|EUKARYA|NO_SP|0,0
P21771|EUKARYA|NO_SP|2,0
P0CX37|EUKARYA|NO_SP|2,0
Q05942|EUKARYA|NO_SP|2,0
O94506|EUKARYA|NO_SP|1,0
P10662|EUKARYA|NO_SP|1,0
P82931|EUKARYA|NO_SP|1,0
Q9UT82|EUKARYA|NO_SP|1,0
P38850|EUKARYA|NO_SP|1,0
P82918|EUKARYA|NO_SP|2,0
P42847|EUKARYA|NO_SP|1,0
P82921|EUKARYA|NO_SP|1,0
P53305|EUKARYA|NO_SP|2,0
P51398|EUKARYA|NO_SP|1,0
P82929|EUKARYA|NO_SP|0,0
Q2YDF6|EUKARYA|NO_SP|0,0
P53292|EUKARYA|NO_SP|2,0
O94355|EUKARYA|NO_SP|1,0
Q9BLB6|EUKARYA|NO_SP|2,0
Q06506|EUKARYA|NO_SP|2,0
P40470|EUKARYA|NO_SP|2,0
O65686|EUKARYA|NO_SP|1,0
O76927|EUKARYA|NO_SP|1,0
P38711|EUKARYA|NO_SP|1,0
P82911|EUKARYA|NO_SP|1,0
Q29RU1|EUKARYA|NO_SP|0,0
Q9Y3D3|EUKARYA|NO_SP|1,0
Q9Y3D9|EUKARYA|NO_SP|1,0
Q32PI8|EUKARYA|NO_SP|2,0
P82924|EUKARYA|NO_SP|0,0
P82673|EUKARYA|NO_SP|0,0
P90838|EUKARYA|NO_SP|2,0
Q0VGM9|EUKARYA|NO_SP|2,0
P53064|EUKARYA|NO_SP|1,0
Q9P794|EUKARYA|NO_SP|2,0
Q8R4C2|EUKARYA|NO_SP|2,0
Q9FFA7|EUKARYA|NO_SP|1,0
Q12464|EUKARYA|NO_SP|0,0
P62306|EUKARYA|NO_SP|0,0
O22703|EUKARYA|NO_SP|0,0
Q9Y512|EUKARYA|NO_SP|2,0
Q9C9T2|EUKARYA|NO_SP|2,0
Q9JLI8|EUKARYA|NO_SP|0,0
Q9JI13|EUKARYA|NO_SP|1,0
Q9VAC8|EUKARYA|NO_SP|1,0
O13970|EUKARYA|NO_SP|2,0
P82932|EUKARYA|NO_SP|1,0
P82670|EUKARYA|NO_SP|2,0
Q07794|EUKARYA|NO_SP|2,0
Q02608|EUKARYA|NO_SP|1,0
P36056|EUKARYA|NO_SP|1,0
P53289|EUKARYA|NO_SP|1,0
Q12242|EUKARYA|NO_SP|1,0
Q8N2Y8|EUKARYA|NO_SP|0,0
O74966|EUKARYA|NO_SP|0,0
B3H5A8|EUKARYA|NO_SP|1,0
P38255|EUKARYA|NO_SP|2,0
O42601|EUKARYA|NO_SP|0,0
B7FAS6|EUKARYA|NO_SP|1,0
O59706|EUKARYA|NO_SP|2,0
O64538|EUKARYA|NO_SP|1,0
Q2L6W9|EUKARYA|NO_SP|0,0
Q96NL6|EUKARYA|NO_SP|1,0
Q12334|EUKARYA|NO_SP|1,0
P46974|EUKARYA|NO_SP|1,0
Q18409|EUKARYA|NO_SP|0,0
Q6VTH5|EUKARYA|NO_SP|1,0
O74956|EUKARYA|NO_SP|1,0
Q05543|EUKARYA|NO_SP|0,0
P82913|EUKARYA|NO_SP|0,0
Q9UUB0|EUKARYA|NO_SP|2,0
P82917|EUKARYA|NO_SP|1,0
Q9BQC6|EUKARYA|NO_SP|0,0
Q9W261|EUKARYA|NO_SP|2,0
Q08963|EUKARYA|NO_SP|1,0
Q03347|EUKARYA|NO_SP|0,0
Q9NUL5|EUKARYA|NO_SP|2,0
Q10163|EUKARYA|NO_SP|0,0
Q6UBQ3|EUKARYA|NO_SP|1,0
Q9Y7L8|EUKARYA|NO_SP|1,0
Q9P546|EUKARYA|NO_SP|1,0
P33759|EUKARYA|NO_SP|2,0
Q03799|EUKARYA|NO_SP|1,0
P82933|EUKARYA|NO_SP|2,0
Q6B860|EUKARYA|NO_SP|2,0
Q2NL27|EUKARYA|NO_SP|1,0
O59677|EUKARYA|NO_SP|2,0
Q924D0|EUKARYA|NO_SP|1,0
Q9Y3I0|EUKARYA|NO_SP|2,0
G5EBY0|EUKARYA|NO_SP|2,0
O59734|EUKARYA|NO_SP|0,0
P53969|EUKARYA|NO_SP|1,0
P53236|EUKARYA|NO_SP|1,0
Q75HY5|EUKARYA|NO_SP|1,0
P14678|EUKARYA|NO_SP|0,0
Q23121|EUKARYA|NO_SP|0,0
P38983|EUKARYA|NO_SP|1,0
P32902|EUKARYA|NO_SP|1,0
Q03201|EUKARYA|NO_SP|1,0
O14182|EUKARYA|NO_SP|0,0
Q8WTC1|EUKARYA|NO_SP|2,0
P82919|EUKARYA|NO_SP|0,0
Q9Y676|EUKARYA|NO_SP|2,0
Q8WZK1|EUKARYA|NO_SP|2,0
P82663|EUKARYA|NO_SP|1,0
O14464|EUKARYA|NO_SP|2,0
P17558|EUKARYA|NO_SP|1,0
Q12378|EUKARYA|NO_SP|1,0
O17607|EUKARYA|NO_SP|0,0
Q8RWN5|EUKARYA|NO_SP|0,0
Q23120|EUKARYA|NO_SP|0,0
Q27YU7|EUKARYA|NO_SP|0,0
P38979|EUKARYA|NO_SP|2,0
P82675|EUKARYA|NO_SP|0,0
O15235|EUKARYA|NO_SP|0,0
P12686|EUKARYA|NO_SP|1,0
P53733|EUKARYA|NO_SP|1,0
P22814|EUKARYA|NO_SP|0,0
Q6R0G4|EUKARYA|NO_SP|2,0
Q02614|EUKARYA|NO_SP|2,0
Q9UBE0|EUKARYA|NO_SP|2,0
Q03615|EUKARYA|NO_SP|1,0
P38990|EUKARYA|NO_SP|2,0
Q9NHD5|EUKARYA|NO_SP|0,0
P40847|EUKARYA|NO_SP|1,0
Q9P7L8|EUKARYA|NO_SP|2,0
Q86DA5|EUKARYA|NO_SP|2,0
Q6UVJ0|EUKARYA|NO_SP|0,0
Q8W2B8|EUKARYA|NO_SP|2,0
P47150|EUKARYA|NO_SP|2,0
Q9Y7Y5|EUKARYA|NO_SP|1,0
P82664|EUKARYA|NO_SP|2,0
Q9CA19|EUKARYA|NO_SP|2,0
O60783|EUKARYA|NO_SP|2,0
O94690|EUKARYA|NO_SP|0,0
O74968|EUKARYA|NO_SP|1,0
Q8H1S6|EUKARYA|NO_SP|0,0
P40380|EUKARYA|NO_SP|2,0
Q9SJX7|EUKARYA|NO_SP|1,0
Q5I7G2|EUKARYA|NO_SP|1,0
Q9LIN3|EUKARYA|NO_SP|0,0
P33764|EUKARYA|NO_SP|2,0
P43612|EUKARYA|NO_SP|1,0
Q9USI4|EUKARYA|NO_SP|1,0
F4IRR2|EUKARYA|NO_SP|0,0
Q20733|EUKARYA|NO_SP|1,0
Q1RNF8|EUKARYA|NO_SP|1,0
P14693|EUKARYA|NO_SP|1,0
Q08985|EUKARYA|NO_SP|2,0
Q7XQP4|EUKARYA|NO_SP|0,0
Q92791|EUKARYA|NO_SP|2,0
Q19555|EUKARYA|NO_SP|1,0
Q9M0M5|EUKARYA|NO_SP|2,0
Q9FHZ1|EUKARYA|NO_SP|1,0
Q9CAN3|EUKARYA|NO_SP|0,0
Q9FL03|EUKARYA|NO_SP|0,0
P0CX39|EUKARYA|NO_SP|2,0
O13516|EUKARYA|NO_SP|0,0
Q6IMB1|EUKARYA|NO_SP|1,0
O13601|EUKARYA|NO_SP|0,0
P39940|EUKARYA|NO_SP|0,0
Q9Y815|EUKARYA|NO_SP|2,0
P10663|EUKARYA|NO_SP|2,0
P53330|EUKARYA|NO_SP|1,0
P82916|EUKARYA|NO_SP|2,0
Q9NVS2|EUKARYA|NO_SP|0,0
P38175|EUKARYA|NO_SP|1,0
O42911|EUKARYA|NO_SP|1,0
Q9Y2Q9|EUKARYA|NO_SP|0,0
Q92665|EUKARYA|NO_SP|0,0
O60096|EUKARYA|NO_SP|1,0
Q4W4Z2|EUKARYA|NO_SP|2,0
Q8WWV3|EUKARYA|NO_SP|1,0
P53850|EUKARYA|NO_SP|1,0
Q12108|EUKARYA|NO_SP|1,0
Q99LF4|EUKARYA|NO_SP|2,0
Q9USX8|EUKARYA|NO_SP|2,0
O22922|EUKARYA|NO_SP|0,0
P62241|EUKARYA|NO_SP|2,0
P05755|EUKARYA|NO_SP|0,0
O74964|EUKARYA|NO_SP|2,0
Q06639|EUKARYA|NO_SP|1,0
P40063|EUKARYA|NO_SP|1,0
Q03246|EUKARYA|NO_SP|2,0
P82920|EUKARYA|NO_SP|1,0
P82650|EUKARYA|NO_SP|0,0
Q3SZ86|EUKARYA|NO_SP|0,0
P47141|EUKARYA|NO_SP|2,0
P82922|EUKARYA|NO_SP|1,0
Q9NP92|EUKARYA|NO_SP|0,0
Q02950|EUKARYA|NO_SP|1,0
Q12751|EUKARYA|NO_SP|1,0
Q05900|EUKARYA|NO_SP|2,0
Q07458|EUKARYA|NO_SP|1,0
Q9HCY8|EUKARYA|NO_SP|2,0
Q3KQ35|EUKARYA|NO_SP|0,0
Q96BU1|EUKARYA|NO_SP|0,0
O13900|EUKARYA|NO_SP|1,0
A6H687|EUKARYA|NO_SP|1,0
Q9H4B6|EUKARYA|NO_SP|0,0
B8XA41|EUKARYA|NO_SP|1,0
Q9M394|EUKARYA|NO_SP|1,0
Q7XJM8|EUKARYA|NO_SP|0,0
Q03323|EUKARYA|NO_SP|2,0
Q39821|EUKARYA|NO_SP|0,0
Q9IAY5|EUKARYA|NO_SP|0,0
P40505|EUKARYA|NO_SP|1,0
Q96T21|EUKARYA|NO_SP|2,0
O94590|EUKARYA|NO_SP|1,0
O94598|EUKARYA|NO_SP|1,0
G5ECQ3|EUKARYA|NO_SP|1,0
P28661|EUKARYA|NO_SP|1,0
Q14141|EUKARYA|NO_SP|2,0
Q06168|EUKARYA|NO_SP|1,0
A8K8P3|EUKARYA|NO_SP|1,0
Q12314|EUKARYA|NO_SP|1,0
P0C606|EUKARYA|NO_SP|1,0
Q9HBY8|EUKARYA|NO_SP|0,0
P40963|EUKARYA|NO_SP|1,0
Q9Z335|EUKARYA|NO_SP|2,0
A8JUV0|EUKARYA|NO_SP|1,0
O48791|EUKARYA|NO_SP|2,0
Q99590|EUKARYA|NO_SP|1,0
O13816|EUKARYA|NO_SP|1,0
O75880|EUKARYA|NO_SP|0,0
Q9BYC2|EUKARYA|NO_SP|0,0
Q10440|EUKARYA|NO_SP|2,0
Q8S3U9|EUKARYA|NO_SP|1,0
O94407|EUKARYA|NO_SP|1,0
P16658|EUKARYA|NO_SP|2,0
P39707|EUKARYA|NO_SP|2,0
Q9EP97|EUKARYA|NO_SP|0,0
Q9GZR1|EUKARYA|NO_SP|2,0
Q8IYM1|EUKARYA|NO_SP|2,0
Q5LJZ2|EUKARYA|NO_SP|1,0
O94256|EUKARYA|NO_SP|1,0
Q53H47|EUKARYA|NO_SP|0,0
Q15393|EUKARYA|NO_SP|0,0
Q5K651|EUKARYA|NO_SP|1,0
Q7ZVT3|EUKARYA|NO_SP|0,0
Q9SA49|EUKARYA|NO_SP|1,0
Q9FMG4|EUKARYA|NO_SP|0,0
Q9XE58|EUKARYA|NO_SP|1,0
Q9SCR0|EUKARYA|NO_SP|0,0
Q9JLI6|EUKARYA|NO_SP|1,0
Q8T3G2|EUKARYA|NO_SP|1,0
Q2QYF3|EUKARYA|NO_SP|0,0
Q9NVU7|EUKARYA|NO_SP|2,0
O74861|EUKARYA|NO_SP|1,0
Q9SX77|EUKARYA|NO_SP|1,0
Q9NX18|EUKARYA|NO_SP|1,0
Q9P7K6|EUKARYA|NO_SP|0,0
Q63918|EUKARYA|NO_SP|2,0
Q9H4L4|EUKARYA|NO_SP|0,0
P38890|EUKARYA|NO_SP|2,0
O13652|EUKARYA|NO_SP|2,0
Q86XK3|EUKARYA|NO_SP|0,0
O13971|EUKARYA|NO_SP|2,0
Q9USW9|EUKARYA|NO_SP|1,0
Q8GXF8|EUKARYA|NO_SP|2,0
O94644|EUKARYA|NO_SP|1,0
Q9UUI6|EUKARYA|NO_SP|2,0
Q9LTQ0|EUKARYA|NO_SP|2,0
Q03369|EUKARYA|NO_SP|2,0
Q9GZH2|EUKARYA|NO_SP|0,0
Q12330|EUKARYA|NO_SP|0,0
Q9NZJ4|EUKARYA|NO_SP|1,0
Q99314|EUKARYA|NO_SP|1,0
B7F8P5|EUKARYA|NO_SP|1,0
Q9YHT2|EUKARYA|NO_SP|0,0
P38345|EUKARYA|NO_SP|2,0
O14179|EUKARYA|NO_SP|2,0
Q9M2E2|EUKARYA|NO_SP|0,0
Q10137|EUKARYA|NO_SP|0,0
O14085|EUKARYA|NO_SP|1,0
O82265|EUKARYA|NO_SP|2,0
Q8GXD9|EUKARYA|NO_SP|1,0
Q9LPW3|EUKARYA|NO_SP|1,0
Q9BWW7|EUKARYA|NO_SP|0,0
Q9S9W2|EUKARYA|NO_SP|0,0
O74846|EUKARYA|NO_SP|1,0
Q9P0U3|EUKARYA|NO_SP|1,0
Q96HI0|EUKARYA|NO_SP|1,0
Q8C1B7|EUKARYA|NO_SP|2,0
Q16181|EUKARYA|NO_SP|2,0
Q9WVC0|EUKARYA|NO_SP|2,0
O04130|EUKARYA|NO_SP|0,0
P31949|EUKARYA|NO_SP|2,0
Q96FQ6|EUKARYA|NO_SP|2,0
Q9UUI3|EUKARYA|NO_SP|2,0
F4IUY8|EUKARYA|NO_SP|1,0
P43589|EUKARYA|NO_SP|1,0
O74517|EUKARYA|NO_SP|2,0
P23526|EUKARYA|NO_SP|1,0
Q6AXV4|EUKARYA|NO_SP|2,0
P38429|EUKARYA|NO_SP|0,0
Q86UD0|EUKARYA|NO_SP|0,0
I3L5V6|EUKARYA|NO_SP|0,0
Q04003|EUKARYA|NO_SP|1,0
Q9ZUZ3|EUKARYA|NO_SP|1,0
Q8IYX7|EUKARYA|NO_SP|1,0
Q9VWF2|EUKARYA|NO_SP|0,0
Q08873|EUKARYA|NO_SP|2,0
O74452|EUKARYA|NO_SP|1,0
P34706|EUKARYA|NO_SP|2,0
Q80UF4|EUKARYA|NO_SP|1,0
Q04401|EUKARYA|NO_SP|1,0
Q02825|EUKARYA|NO_SP|1,0
Q9HC62|EUKARYA|NO_SP|2,0
Q09353|EUKARYA|NO_SP|2,0
Q9P0V9|EUKARYA|NO_SP|2,0
Q92552|EUKARYA|NO_SP|2,0
P82925|EUKARYA|NO_SP|0,0
P19955|EUKARYA|NO_SP|1,0
Q9JIK9|EUKARYA|NO_SP|0,0
O42977|EUKARYA|NO_SP|2,0
Q42404|EUKARYA|NO_SP|1,0
Q62376|EUKARYA|NO_SP|0,0
Q7L099|EUKARYA|NO_SP|1,0
F4JY37|EUKARYA|NO_SP|0,0
Q13761|EUKARYA|NO_SP|0,0
Q03940|EUKARYA|NO_SP|0,0
Q9USZ3|EUKARYA|NO_SP|0,0
Q9Y3V2|EUKARYA|NO_SP|1,0
P19793|EUKARYA|NO_SP|0,0
Q8CCI5|EUKARYA|NO_SP|1,0
O74889|EUKARYA|NO_SP|2,0
P89114|EUKARYA|NO_SP|1,0
Q15020|EUKARYA|NO_SP|0,0
Q80UK7|EUKARYA|NO_SP|0,0
P39735|EUKARYA|NO_SP|1,0
Q13228|EUKARYA|NO_SP|1,0
Q6DID3|EUKARYA|NO_SP|2,0
Q12158|EUKARYA|NO_SP|2,0
Q9Y6X3|EUKARYA|NO_SP|2,0
P53313|EUKARYA|NO_SP|2,0
Q8LBZ7|EUKARYA|NO_SP|0,0
Q3E785|EUKARYA|NO_SP|1,0
P04271|EUKARYA|NO_SP|2,0
Q9VWQ2|EUKARYA|NO_SP|0,0
F4JAU2|EUKARYA|NO_SP|0,0
P46674|EUKARYA|NO_SP|0,0
Q42588|EUKARYA|NO_SP|1,0
P40090|EUKARYA|NO_SP|1,0
Q9SNB8|EUKARYA|NO_SP|1,0
Q9ZPX5|EUKARYA|NO_SP|0,0
Q9YHT1|EUKARYA|NO_SP|0,0
Q8LB02|EUKARYA|NO_SP|0,0
Q08230|EUKARYA|NO_SP|1,0
Q9HGN8|EUKARYA|NO_SP|1,0
Q03088|EUKARYA|NO_SP|1,0
P40688|EUKARYA|NO_SP|2,0
Q02875|EUKARYA|NO_SP|2,0
Q9UTB2|EUKARYA|NO_SP|1,0
H6TFZ4|EUKARYA|NO_SP|2,0
O61122|EUKARYA|NO_SP|0,0
P31376|EUKARYA|NO_SP|1,0
P38326|EUKARYA|NO_SP|2,0
Q84JG2|EUKARYA|NO_SP|0,0
Q6A028|EUKARYA|NO_SP|2,0
Q05471|EUKARYA|NO_SP|1,0
P53937|EUKARYA|NO_SP|2,0
Q70IV5|EUKARYA|NO_SP|2,0
O48593|EUKARYA|NO_SP|0,0
D4A702|EUKARYA|NO_SP|0,0
Q8CC35|EUKARYA|NO_SP|0,0
Q05344|EUKARYA|NO_SP|2,0
Q7Z992|EUKARYA|NO_SP|1,0
P42232|EUKARYA|NO_SP|2,0
P42225|EUKARYA|NO_SP|2,0
Q9P7B0|EUKARYA|NO_SP|1,0
Q15468|EUKARYA|NO_SP|1,0
Q9S713|EUKARYA|NO_SP|2,0
P36011|EUKARYA|NO_SP|0,0
O00186|EUKARYA|NO_SP|2,0
O22558|EUKARYA|NO_SP|1,0
Q6DQL1|EUKARYA|NO_SP|2,0
Q9S850|EUKARYA|NO_SP|2,0
Q05515|EUKARYA|NO_SP|1,0
Q9FVC1|EUKARYA|NO_SP|2,0
O82266|EUKARYA|NO_SP|1,0
Q9UUM2|EUKARYA|NO_SP|2,0
Q99PK0|EUKARYA|NO_SP|1,0
O95926|EUKARYA|NO_SP|0,0
Q8L960|EUKARYA|NO_SP|0,0
Q8VZL6|EUKARYA|NO_SP|2,0
P09547|EUKARYA|NO_SP|0,0
O94242|EUKARYA|NO_SP|1,0
P53277|EUKARYA|NO_SP|1,0
O14000|EUKARYA|NO_SP|1,0
O74765|EUKARYA|NO_SP|1,0
O74781|EUKARYA|NO_SP|2,0
Q9P371|EUKARYA|NO_SP|1,0
P11101|EUKARYA|NO_SP|0,0
Q9D2F5|EUKARYA|NO_SP|1,0
Q9C0K7|EUKARYA|NO_SP|2,0
Q9ULQ0|EUKARYA|NO_SP|0,0
B6H2G9|EUKARYA|NO_SP|1,0
Q8RWL6|EUKARYA|NO_SP|1,0
Q9V877|EUKARYA|NO_SP|1,0
Q9UMX1|EUKARYA|NO_SP|0,0
Q9FLP6|EUKARYA|NO_SP|0,0
Q9Z172|EUKARYA|NO_SP|0,0
P55853|EUKARYA|NO_SP|0,0
Q21166|EUKARYA|NO_SP|2,0
Q9SMX1|EUKARYA|NO_SP|0,0
Q80U70|EUKARYA|NO_SP|0,0
Q90WN7|EUKARYA|NO_SP|2,0
F4IPY2|EUKARYA|NO_SP|0,0
O82413|EUKARYA|NO_SP|0,0
Q10210|EUKARYA|NO_SP|2,0
Q9FHW2|EUKARYA|NO_SP|1,0
Q8K3D3|EUKARYA|NO_SP|2,0
Q5T4T6|EUKARYA|NO_SP|2,0
Q9CUU3|EUKARYA|NO_SP|2,0
Q63520|EUKARYA|NO_SP|0,0
Q9HDX9|EUKARYA|NO_SP|1,0
Q06817|EUKARYA|NO_SP|1,0
Q91YE8|EUKARYA|NO_SP|0,0
P39965|EUKARYA|NO_SP|1,0
P63047|EUKARYA|NO_SP|1,0
Q9NAD6|EUKARYA|NO_SP|2,0
P42224|EUKARYA|NO_SP|2,0
P40763|EUKARYA|NO_SP|2,0
P32597|EUKARYA|NO_SP|1,0
Q60864|EUKARYA|NO_SP|0,0
Q91604|EUKARYA|NO_SP|2,0
Q69ZM6|EUKARYA|NO_SP|0,0
Q24JL3|EUKARYA|NO_SP|0,0
O42874|EUKARYA|NO_SP|1,0
A0A0K0QSV4|EUKARYA|NO_SP|0,0
Q1K6U0|EUKARYA|NO_SP|0,0
O13792|EUKARYA|NO_SP|2,0
P46582|EUKARYA|NO_SP|1,0
P32580|EUKARYA|NO_SP|2,0
Q9C5P4|EUKARYA|NO_SP|0,0
F4K410|EUKARYA|NO_SP|0,0
P43554|EUKARYA|NO_SP|1,0
Q08553|EUKARYA|NO_SP|2,0
Q9FEA2|EUKARYA|NO_SP|0,0
Q9NQ55|EUKARYA|NO_SP|2,0
Q07084|EUKARYA|NO_SP|2,0
O14470|EUKARYA|NO_SP|1,0
Q9P7S3|EUKARYA|NO_SP|2,0
Q9P7Y0|EUKARYA|NO_SP|2,0
Q05153|EUKARYA|NO_SP|2,0
Q9LEF5|EUKARYA|NO_SP|2,0
O94768|EUKARYA|NO_SP|0,0
O16259|EUKARYA|NO_SP|0,0
P0DKL0|EUKARYA|NO_SP|1,0
Q9C8N5|EUKARYA|NO_SP|1,0
Q9FKW8|EUKARYA|NO_SP|2,0
Q7XNX6|EUKARYA|NO_SP|2,0
Q9P7J1|EUKARYA|NO_SP|0,0
Q5A8K2|EUKARYA|NO_SP|1,0
Q62209|EUKARYA|NO_SP|1,0
O70608|EUKARYA|NO_SP|2,0
P70281|EUKARYA|NO_SP|0,0
O13775|EUKARYA|NO_SP|1,0
Q10179|EUKARYA|NO_SP|1,0
O13651|EUKARYA|NO_SP|2,0
Q9USL3|EUKARYA|NO_SP|2,0
Q8MSU4|EUKARYA|NO_SP|1,0
Q12153|EUKARYA|NO_SP|2,0
Q922B9|EUKARYA|NO_SP|0,0
P47821|EUKARYA|NO_SP|1,0
P50526|EUKARYA|NO_SP|1,0
D4AE59|EUKARYA|NO_SP|2,0
Q8WXE9|EUKARYA|NO_SP|1,0
Q39129|EUKARYA|NO_SP|2,0
P32579|EUKARYA|NO_SP|1,0
Q8GTQ9|EUKARYA|NO_SP|2,0
O13750|EUKARYA|NO_SP|2,0
P53312|EUKARYA|NO_SP|1,0
P36104|EUKARYA|NO_SP|2,0
P08153|EUKARYA|NO_SP|1,0
Q9VIV2|EUKARYA|NO_SP|0,0
Q9UH65|EUKARYA|NO_SP|2,0
P53873|EUKARYA|NO_SP|1,0
Q8L785|EUKARYA|NO_SP|0,0
Q9Y657|EUKARYA|NO_SP|0,0
Q52KF3|EUKARYA|NO_SP|2,0
Q9U1K1|EUKARYA|NO_SP|0,0
Q9M2Q6|EUKARYA|NO_SP|0,0
Q7XPY1|EUKARYA|NO_SP|1,0
O95149|EUKARYA|NO_SP|2,0
Q9NS25|EUKARYA|NO_SP|2,0
C6Y4C9|EUKARYA|NO_SP|0,0
Q02521|EUKARYA|NO_SP|1,0
Q653T6|EUKARYA|NO_SP|0,0
Q9NUQ6|EUKARYA|NO_SP|1,0
O13472|EUKARYA|NO_SP|1,0
Q62261|EUKARYA|NO_SP|2,0
Q8GWZ6|EUKARYA|NO_SP|1,0
Q05738|EUKARYA|NO_SP|1,0
Q8R0L1|EUKARYA|NO_SP|2,0
P25379|EUKARYA|NO_SP|1,0
Q12104|EUKARYA|NO_SP|2,0
Q9D495|EUKARYA|NO_SP|1,0
B5KM66|EUKARYA|NO_SP|1,0
O43001|EUKARYA|NO_SP|2,0
Q06836|EUKARYA|NO_SP|2,0
Q9HCH5|EUKARYA|NO_SP|1,0
Q9Y5J6|EUKARYA|NO_SP|2,0
P32774|EUKARYA|NO_SP|0,0
Q03761|EUKARYA|NO_SP|1,0
Q9Y6J9|EUKARYA|NO_SP|2,0
Q05027|EUKARYA|NO_SP|1,0
P53230|EUKARYA|NO_SP|1,0
Q9UK61|EUKARYA|NO_SP|0,0
P10636|EUKARYA|NO_SP|1,0
Q99426|EUKARYA|NO_SP|1,0
Q8BYJ6|EUKARYA|NO_SP|0,0
Q8L5R3|EUKARYA|NO_SP|2,0
Q12788|EUKARYA|NO_SP|2,0
Q6SJ95|EUKARYA|NO_SP|2,0
P20226|EUKARYA|NO_SP|0,0
Q04048|EUKARYA|NO_SP|1,0
Q8RXK8|EUKARYA|NO_SP|2,0
Q9UUF2|EUKARYA|NO_SP|2,0
Q7ZYV9|EUKARYA|NO_SP|1,0
O23247|EUKARYA|NO_SP|1,0
P93736|EUKARYA|NO_SP|2,0
P0CE95|EUKARYA|NO_SP|1,0
Q8T0D4|EUKARYA|NO_SP|1,0
Q9D9D3|EUKARYA|NO_SP|1,0
O23627|EUKARYA|NO_SP|1,0
O74858|EUKARYA|NO_SP|1,0
O42875|EUKARYA|NO_SP|1,0
P13984|EUKARYA|NO_SP|1,0
Q9ULZ0|EUKARYA|NO_SP|0,0
Q99K90|EUKARYA|NO_SP|1,0
Q9Y6A5|EUKARYA|NO_SP|2,0
Q9P7N4|EUKARYA|NO_SP|1,0
O60171|EUKARYA|NO_SP|2,0
P11747|EUKARYA|NO_SP|2,0
Q5VWG9|EUKARYA|NO_SP|2,0
O74462|EUKARYA|NO_SP|2,0
Q16594|EUKARYA|NO_SP|1,0
Q7L7X3|EUKARYA|NO_SP|0,0
Q9H2K8|EUKARYA|NO_SP|0,0
P47897|EUKARYA|NO_SP|0,0
O04630|EUKARYA|NO_SP|2,0
Q9NZ50|EUKARYA|NO_SP|0,0
F4KE63|EUKARYA|NO_SP|0,0
O14160|EUKARYA|NO_SP|1,0
P54577|EUKARYA|NO_SP|0,0
O74890|EUKARYA|NO_SP|2,0
Q9P3W1|EUKARYA|NO_SP|1,0
Q0KHQ5|EUKARYA|NO_SP|0,0
Q8TGM6|EUKARYA|NO_SP|1,0
Q4KMP7|EUKARYA|NO_SP|0,0
Q3ZCM7|EUKARYA|NO_SP|2,0
P38557|EUKARYA|NO_SP|2,0
Q19691|EUKARYA|NO_SP|0,0
Q9BQ70|EUKARYA|NO_SP|0,0
Q9BT92|EUKARYA|NO_SP|1,0
B3H4X8|EUKARYA|NO_SP|2,0
Q13428|EUKARYA|NO_SP|2,0
P50991|EUKARYA|NO_SP|0,0
P42938|EUKARYA|NO_SP|1,0
Q5VCS6|EUKARYA|NO_SP|2,0
Q498E2|EUKARYA|NO_SP|0,0
Q7K4M4|EUKARYA|NO_SP|1,0
O42849|EUKARYA|NO_SP|1,0
Q6AYQ3|EUKARYA|NO_SP|0,0
P08425|EUKARYA|NO_SP|1,0
Q9USQ6|EUKARYA|NO_SP|2,0
P38705|EUKARYA|NO_SP|1,0
O15056|EUKARYA|NO_SP|0,0
Q9P6I0|EUKARYA|NO_SP|1,0
Q8RXE9|EUKARYA|NO_SP|0,0
Q9ATB4|EUKARYA|NO_SP|1,0
P87121|EUKARYA|NO_SP|0,0
Q9XZT7|EUKARYA|NO_SP|0,0
P25638|EUKARYA|NO_SP|0,0
P22091|EUKARYA|NO_SP|0,0
Q9H2D6|EUKARYA|NO_SP|0,0
Q22292|EUKARYA|NO_SP|1,0
P03934|EUKARYA|NO_SP|1,0
Q9UL49|EUKARYA|NO_SP|0,0
Q10490|EUKARYA|NO_SP|2,0
P00958|EUKARYA|NO_SP|2,0
Q9U5W9|EUKARYA|NO_SP|2,0
O94436|EUKARYA|NO_SP|1,0
Q9P6P0|EUKARYA|NO_SP|1,0
O42870|EUKARYA|NO_SP|2,0
P41252|EUKARYA|NO_SP|2,0
O94567|EUKARYA|NO_SP|1,0
Q9UMS6|EUKARYA|NO_SP|0,0
P04803|EUKARYA|NO_SP|2,0
Q9Y0V2|EUKARYA|NO_SP|2,0
Q9SU25|EUKARYA|NO_SP|1,0
Q9QXE4|EUKARYA|NO_SP|1,0
O75528|EUKARYA|NO_SP|1,0
P21675|EUKARYA|NO_SP|1,0
Q940A7|EUKARYA|NO_SP|0,0
Q9S7N2|EUKARYA|NO_SP|1,0
Q8I8V0|EUKARYA|NO_SP|1,0
Q9S7I0|EUKARYA|NO_SP|1,0
O13722|EUKARYA|NO_SP|0,0
G5EGM3|EUKARYA|NO_SP|2,0
Q12297|EUKARYA|NO_SP|1,0
Q9P7S4|EUKARYA|NO_SP|1,0
P53072|EUKARYA|NO_SP|1,0
P99024|EUKARYA|NO_SP|2,0
O82277|EUKARYA|NO_SP|0,0
Q5QJE6|EUKARYA|NO_SP|1,0
Q9H7E2|EUKARYA|NO_SP|2,0
Q86YL5|EUKARYA|NO_SP|0,0
O60132|EUKARYA|NO_SP|1,0
Q9HBL0|EUKARYA|NO_SP|1,0
Q0CRX8|EUKARYA|NO_SP|2,0
O14746|EUKARYA|NO_SP|0,0
Q14BK3|EUKARYA|NO_SP|2,0
Q96QE5|EUKARYA|NO_SP|2,0
Q6AXV2|EUKARYA|NO_SP|2,0
A8J8F6|EUKARYA|NO_SP|1,0
F8VPN2|EUKARYA|NO_SP|1,0
Q9VW27|EUKARYA|NO_SP|2,0
Q3E7C1|EUKARYA|NO_SP|2,0
P33339|EUKARYA|NO_SP|2,0
Q12800|EUKARYA|NO_SP|1,0
P19484|EUKARYA|NO_SP|0,0
Q9SDW0|EUKARYA|NO_SP|1,0
Q8L773|EUKARYA|NO_SP|0,0
Q94EH8|EUKARYA|NO_SP|0,0
Q93VM9|EUKARYA|NO_SP|1,0
Q13769|EUKARYA|NO_SP|2,0
Q9BU02|EUKARYA|NO_SP|1,0
Q8GSI0|EUKARYA|NO_SP|0,0
Q8W4J8|EUKARYA|NO_SP|1,0
Q9FGT8|EUKARYA|NO_SP|1,0
Q9P335|EUKARYA|NO_SP|2,0
Q7SBR3|EUKARYA|NO_SP|2,0
O43615|EUKARYA|NO_SP|0,0
Q9I7U4|EUKARYA|NO_SP|0,0
Q8WZ42|EUKARYA|NO_SP|1,0
Q8RWV0|EUKARYA|NO_SP|0,0
P51854|EUKARYA|NO_SP|1,0
Q9Y2B4|EUKARYA|NO_SP|2,0
O75529|EUKARYA|NO_SP|1,0
O04350|EUKARYA|NO_SP|1,0
Q9NVR7|EUKARYA|NO_SP|1,0
Q60949|EUKARYA|NO_SP|1,0
O60343|EUKARYA|NO_SP|0,0
Q3YBR2|EUKARYA|NO_SP|2,0
D3GKW6|EUKARYA|NO_SP|2,0
Q9NZI6|EUKARYA|NO_SP|1,0
Q8WVM0|EUKARYA|NO_SP|2,0
Q08639|EUKARYA|NO_SP|1,0
O14948|EUKARYA|NO_SP|1,0
Q96RS0|EUKARYA|NO_SP|1,0
Q41739|EUKARYA|NO_SP|0,0
Q86V81|EUKARYA|NO_SP|0,0
Q12049|EUKARYA|NO_SP|1,0
Q91YJ3|EUKARYA|NO_SP|1,0
Q9C9E3|EUKARYA|NO_SP|0,0
Q9ZST9|EUKARYA|NO_SP|1,0
Q94KE2|EUKARYA|NO_SP|0,0
Q9LVI4|EUKARYA|NO_SP|1,0
Q7KN62|EUKARYA|NO_SP|2,0
Q6ZYL4|EUKARYA|NO_SP|1,0
Q12308|EUKARYA|NO_SP|1,0
P00927|EUKARYA|NO_SP|2,0
Q3UUI3|EUKARYA|NO_SP|0,0
Q9UQW6|EUKARYA|NO_SP|2,0
P04143|EUKARYA|NO_SP|1,0
Q9LMA8|EUKARYA|NO_SP|2,0
O95411|EUKARYA|NO_SP|1,0
Q8H0U5|EUKARYA|NO_SP|0,0
O15164|EUKARYA|NO_SP|0,0
Q13263|EUKARYA|NO_SP|0,0
O95359|EUKARYA|NO_SP|1,0
Q9PTG8|EUKARYA|NO_SP|2,0
A0A0U2UYC4|EUKARYA|NO_SP|0,0
P46677|EUKARYA|NO_SP|2,0
Q9R1C0|EUKARYA|NO_SP|2,0
Q9EQH4|EUKARYA|NO_SP|2,0
Q7TSD4|EUKARYA|NO_SP|2,0
Q9H4B7|EUKARYA|NO_SP|2,0
P13693|EUKARYA|NO_SP|1,0
Q99MV1|EUKARYA|NO_SP|1,0
Q8NHU6|EUKARYA|NO_SP|1,0
Q6YUS3|EUKARYA|NO_SP|1,0
Q9D494|EUKARYA|NO_SP|1,0
Q9NVV9|EUKARYA|NO_SP|2,0
Q9JMB1|EUKARYA|NO_SP|0,0
O82392|EUKARYA|NO_SP|1,0
P47938|EUKARYA|NO_SP|2,0
Q8BGW0|EUKARYA|NO_SP|1,0
Q91XT6|EUKARYA|NO_SP|0,0
O75410|EUKARYA|NO_SP|1,0
Q9JJ11|EUKARYA|NO_SP|2,0
Q7KSD8|EUKARYA|NO_SP|2,0
Q6NQH4|EUKARYA|NO_SP|1,0
Q9H5J8|EUKARYA|NO_SP|0,0
Q6P1X5|EUKARYA|NO_SP|1,0
Q9ULP9|EUKARYA|NO_SP|1,0
Q67Z52|EUKARYA|NO_SP|1,0
Q15814|EUKARYA|NO_SP|1,0
Q02457|EUKARYA|NO_SP|1,0
P42271|EUKARYA|NO_SP|2,0
Q9UHD2|EUKARYA|NO_SP|0,0
Q969Z0|EUKARYA|NO_SP|1,0
Q149S1|EUKARYA|NO_SP|2,0
Q8C0V1|EUKARYA|NO_SP|1,0
Q8WUH2|EUKARYA|NO_SP|2,0
Q9NYJ8|EUKARYA|NO_SP|1,0
G5ECG0|EUKARYA|NO_SP|2,0
O42912|EUKARYA|NO_SP|1,0
Q8CHV6|EUKARYA|NO_SP|1,0
Q03750|EUKARYA|NO_SP|1,0
Q9FUH9|EUKARYA|NO_SP|0,0
Q9P6N7|EUKARYA|NO_SP|2,0
Q5UE94|EUKARYA|NO_SP|2,0
Q66JZ4|EUKARYA|NO_SP|1,0
Q9BRU2|EUKARYA|NO_SP|0,0
Q9FTA2|EUKARYA|NO_SP|0,0
P38854|EUKARYA|NO_SP|1,0
P04053|EUKARYA|NO_SP|2,0
Q969F1|EUKARYA|NO_SP|1,0
Q04207|EUKARYA|NO_SP|1,0
A2A9C3|EUKARYA|NO_SP|1,0
Q90ZB6|EUKARYA|NO_SP|1,0
Q96BN2|EUKARYA|NO_SP|2,0
Q13148|EUKARYA|NO_SP|1,0
Q9US54|EUKARYA|NO_SP|1,0
Q16514|EUKARYA|NO_SP|0,0
H6D7E6|EUKARYA|NO_SP|1,0
Q9BVV6|EUKARYA|NO_SP|2,0
Q9W1A4|EUKARYA|NO_SP|2,0
Q9D1E6|EUKARYA|NO_SP|1,0
Q9BYX2|EUKARYA|NO_SP|0,0
Q22289|EUKARYA|NO_SP|1,0
Q9S7W5|EUKARYA|NO_SP|2,0
Q8K1H1|EUKARYA|NO_SP|1,0
Q9VH38|EUKARYA|NO_SP|1,0
Q17784|EUKARYA|NO_SP|1,0
Q9SMR2|EUKARYA|NO_SP|0,0
Q8TEA7|EUKARYA|NO_SP|1,0
Q6SJ96|EUKARYA|NO_SP|0,0
O02073|EUKARYA|NO_SP|1,0
Q8TDR4|EUKARYA|NO_SP|2,0
P31265|EUKARYA|NO_SP|1,0
Q04545|EUKARYA|NO_SP|2,0
Q1XG89|EUKARYA|NO_SP|1,0
P0C5Y7|EUKARYA|NO_SP|1,0
F4KFT7|EUKARYA|NO_SP|0,0
Q15554|EUKARYA|NO_SP|0,0
Q3URK3|EUKARYA|NO_SP|1,0
Q8BG87|EUKARYA|NO_SP|0,0
Q9DAG4|EUKARYA|NO_SP|2,0
P32367|EUKARYA|NO_SP|1,0
O94481|EUKARYA|NO_SP|1,0
Q06339|EUKARYA|NO_SP|1,0
Q98867|EUKARYA|NO_SP|0,0
Q03388|EUKARYA|NO_SP|1,0
Q8BUB4|EUKARYA|NO_SP|2,0
B2LXS7|EUKARYA|NO_SP|0,0
P42826|EUKARYA|NO_SP|1,0
Q6DYE4|EUKARYA|NO_SP|2,0
Q9C8M5|EUKARYA|NO_SP|0,0
Q8NI36|EUKARYA|NO_SP|2,0
Q07655|EUKARYA|NO_SP|1,0
Q8VYF7|EUKARYA|NO_SP|0,0
Q8TF74|EUKARYA|NO_SP|0,0
Q5AP80|EUKARYA|NO_SP|2,0
Q33DK1|EUKARYA|NO_SP|2,0
Q12363|EUKARYA|NO_SP|1,0
Q9W415|EUKARYA|NO_SP|2,0
Q84ZT9|EUKARYA|NO_SP|2,0
R4ZGN4|EUKARYA|NO_SP|2,0
P08045|EUKARYA|NO_SP|1,0
Q9SSR1|EUKARYA|NO_SP|1,0
C6KIE6|EUKARYA|NO_SP|1,0
P30822|EUKARYA|NO_SP|2,0
Q9HAV4|EUKARYA|NO_SP|2,0
O54975|EUKARYA|NO_SP|2,0
Q9U299|EUKARYA|NO_SP|2,0
Q9VM71|EUKARYA|NO_SP|2,0
P53076|EUKARYA|NO_SP|1,0
Q06685|EUKARYA|NO_SP|2,0
B6HQ74|EUKARYA|NO_SP|2,0
S0E3H0|EUKARYA|NO_SP|2,0
Q9P2S5|EUKARYA|NO_SP|1,0
O00308|EUKARYA|NO_SP|0,0
Q8H110|EUKARYA|NO_SP|2,0
P23025|EUKARYA|NO_SP|0,0
P13010|EUKARYA|NO_SP|2,0
Q9FVR6|EUKARYA|NO_SP|0,0
Q9ZNT0|EUKARYA|NO_SP|1,0
Q8K3G5|EUKARYA|NO_SP|2,0
Q9VA38|EUKARYA|NO_SP|1,0
O13046|EUKARYA|NO_SP|2,0
Q9GZL7|EUKARYA|NO_SP|0,0
Q3UGF1|EUKARYA|NO_SP|1,0
Q9VU68|EUKARYA|NO_SP|1,0
Q9H7D7|EUKARYA|NO_SP|0,0
O15213|EUKARYA|NO_SP|2,0
Q9NNW5|EUKARYA|NO_SP|2,0
O09053|EUKARYA|NO_SP|1,0
Q23229|EUKARYA|NO_SP|1,0
O44750|EUKARYA|NO_SP|2,0
P18887|EUKARYA|NO_SP|1,0
Q8IZH2|EUKARYA|NO_SP|2,0
Q681Y3|EUKARYA|NO_SP|1,0
Q94A68|EUKARYA|NO_SP|2,0
O22921|EUKARYA|NO_SP|0,0
Q9P7B5|EUKARYA|NO_SP|1,0
Q9C0U6|EUKARYA|NO_SP|1,0
O80462|EUKARYA|NO_SP|1,0
Q9FQ04|EUKARYA|NO_SP|2,0
Q6P2D8|EUKARYA|NO_SP|1,0
Q8LBV4|EUKARYA|NO_SP|1,0
Q9FQ02|EUKARYA|NO_SP|2,0
Q02792|EUKARYA|NO_SP|2,0
Q9MA15|EUKARYA|NO_SP|2,0
Q0WPT7|EUKARYA|NO_SP|0,0
Q8LDV3|EUKARYA|NO_SP|0,0
Q6H668|EUKARYA|NO_SP|2,0
P34220|EUKARYA|NO_SP|1,0
O74823|EUKARYA|NO_SP|1,0
O42943|EUKARYA|NO_SP|0,0
O94525|EUKARYA|NO_SP|2,0
Q10200|EUKARYA|NO_SP|1,0
O94535|EUKARYA|NO_SP|1,0
Q0JBF0|EUKARYA|NO_SP|2,0
Q99LW6|EUKARYA|NO_SP|1,0
O59672|EUKARYA|NO_SP|1,0
Q9C0X3|EUKARYA|NO_SP|1,0
O42927|EUKARYA|NO_SP|1,0
O94708|EUKARYA|NO_SP|2,0
Q84WN0|EUKARYA|NO_SP|2,0
Q9C0X2|EUKARYA|NO_SP|1,0
Q9Y7T2|EUKARYA|NO_SP|1,0
O59780|EUKARYA|NO_SP|1,0
O74561|EUKARYA|NO_SP|1,0
Q8RWG1|EUKARYA|NO_SP|0,0
Q09800|EUKARYA|NO_SP|2,0
O22152|EUKARYA|NO_SP|2,0
Q03935|EUKARYA|NO_SP|1,0
O14325|EUKARYA|NO_SP|1,0
O60064|EUKARYA|NO_SP|0,0
Q9P775|EUKARYA|NO_SP|1,0
O42889|EUKARYA|NO_SP|1,0
Q9Y2T7|EUKARYA|NO_SP|0,0
P53169|EUKARYA|NO_SP|1,0
O94670|EUKARYA|NO_SP|0,0
O59830|EUKARYA|NO_SP|1,0
O74840|EUKARYA|NO_SP|1,0
Q8L733|EUKARYA|NO_SP|1,0
O43013|EUKARYA|NO_SP|2,0
Q5AKU3|EUKARYA|NO_SP|2,0
P21574|EUKARYA|NO_SP|0,0
O74830|EUKARYA|NO_SP|2,0
O94493|EUKARYA|NO_SP|2,0
O94602|EUKARYA|NO_SP|1,0
Q9LT27|EUKARYA|NO_SP|1,0
O94721|EUKARYA|NO_SP|2,0
O74519|EUKARYA|NO_SP|0,0
Q7XIM7|EUKARYA|NO_SP|2,0
P39549|EUKARYA|NO_SP|1,0
O59668|EUKARYA|NO_SP|1,0
P58557|EUKARYA|NO_SP|1,0
Q8GWQ6|EUKARYA|NO_SP|1,0
Q9LDT3|EUKARYA|NO_SP|2,0
P47118|EUKARYA|NO_SP|2,0
P46937|EUKARYA|NO_SP|0,0
O42996|EUKARYA|NO_SP|1,0
Q9Z2C8|EUKARYA|NO_SP|0,0
Q9JKB3|EUKARYA|NO_SP|0,0
P38276|EUKARYA|NO_SP|2,0
O59829|EUKARYA|NO_SP|1,0
O13704|EUKARYA|NO_SP|2,0
Q9UUG6|EUKARYA|NO_SP|2,0
Q9Y7J8|EUKARYA|NO_SP|1,0
O74325|EUKARYA|NO_SP|1,0
O94315|EUKARYA|NO_SP|1,0
Q9UUA8|EUKARYA|NO_SP|1,0
Q9URY9|EUKARYA|NO_SP|1,0
Q9HE16|EUKARYA|NO_SP|1,0
Q9P7U2|EUKARYA|NO_SP|2,0
Q9UT54|EUKARYA|NO_SP|1,0
Q9UT39|EUKARYA|NO_SP|1,0
Q9USH2|EUKARYA|NO_SP|1,0
Q9HDY2|EUKARYA|NO_SP|2,0
Q9P7G6|EUKARYA|NO_SP|0,0
Q9P7F4|EUKARYA|NO_SP|1,0
Q9C0Y6|EUKARYA|NO_SP|2,0
Q9C108|EUKARYA|NO_SP|2,0
Q9UTQ5|EUKARYA|NO_SP|0,0
Q9UTA9|EUKARYA|NO_SP|2,0
Q9P6K3|EUKARYA|NO_SP|2,0
Q9M0V4|EUKARYA|NO_SP|1,0
P40574|EUKARYA|NO_SP|1,0
O14359|EUKARYA|NO_SP|2,0
P38315|EUKARYA|NO_SP|2,0
O94645|EUKARYA|NO_SP|1,0
P45441|EUKARYA|NO_SP|0,0
Q9Y7N1|EUKARYA|NO_SP|1,0
O74541|EUKARYA|NO_SP|1,0
O13874|EUKARYA|NO_SP|2,0
O14242|EUKARYA|NO_SP|2,0
O42648|EUKARYA|NO_SP|2,0
O14263|EUKARYA|NO_SP|2,0
O60112|EUKARYA|NO_SP|2,0
O94674|EUKARYA|NO_SP|2,0
O43067|EUKARYA|NO_SP|1,0
O74356|EUKARYA|NO_SP|1,0
O74342|EUKARYA|NO_SP|2,0
O43048|EUKARYA|NO_SP|2,0
Q9P6I6|EUKARYA|NO_SP|1,0
P32792|EUKARYA|NO_SP|0,0
Q5AJU7|EUKARYA|NO_SP|2,0
P24813|EUKARYA|NO_SP|2,0
O43137|EUKARYA|NO_SP|1,0
Q1MTS0|EUKARYA|NO_SP|2,0
O42914|EUKARYA|NO_SP|1,0
P37263|EUKARYA|NO_SP|2,0
O94724|EUKARYA|NO_SP|2,0
P42937|EUKARYA|NO_SP|1,0
Q9Y7U0|EUKARYA|NO_SP|2,0
Q07555|EUKARYA|NO_SP|2,0
P87137|EUKARYA|NO_SP|2,0
O14306|EUKARYA|NO_SP|2,0
O14082|EUKARYA|NO_SP|1,0
O13982|EUKARYA|NO_SP|1,0
O42645|EUKARYA|NO_SP|1,0
O42847|EUKARYA|NO_SP|0,0
Q9C0W4|EUKARYA|NO_SP|1,0
O60177|EUKARYA|NO_SP|1,0
O94682|EUKARYA|NO_SP|2,0
Q09874|EUKARYA|NO_SP|1,0
Q54QV3|EUKARYA|NO_SP|0,0
Q08182|EUKARYA|NO_SP|2,0
O14338|EUKARYA|NO_SP|1,0
O42995|EUKARYA|NO_SP|2,0
O13658|EUKARYA|NO_SP|1,0
Q10332|EUKARYA|NO_SP|1,0
P87229|EUKARYA|NO_SP|1,0
O94492|EUKARYA|NO_SP|1,0
O14032|EUKARYA|NO_SP|1,0
O14125|EUKARYA|NO_SP|2,0
O14297|EUKARYA|NO_SP|1,0
O13762|EUKARYA|NO_SP|0,0
Q6LA56|EUKARYA|NO_SP|1,0
P53208|EUKARYA|NO_SP|2,0
P53307|EUKARYA|NO_SP|1,0
O60114|EUKARYA|NO_SP|2,0
O94560|EUKARYA|NO_SP|2,0
Q9Y7K6|EUKARYA|NO_SP|1,0
O94326|EUKARYA|NO_SP|1,0
O74809|EUKARYA|NO_SP|2,0
Q9Y7Y3|EUKARYA|NO_SP|1,0
O42973|EUKARYA|NO_SP|1,0
O74337|EUKARYA|NO_SP|0,0
O60167|EUKARYA|NO_SP|2,0
Q9HDU4|EUKARYA|NO_SP|2,0
Q9C0W2|EUKARYA|NO_SP|1,0
Q9C0V7|EUKARYA|NO_SP|2,0
O94338|EUKARYA|NO_SP|1,0
Q9USP7|EUKARYA|NO_SP|0,0
Q9P7U1|EUKARYA|NO_SP|2,0
Q9P7N6|EUKARYA|NO_SP|1,0
Q12298|EUKARYA|NO_SP|1,0
Q10301|EUKARYA|NO_SP|2,0
O13727|EUKARYA|NO_SP|2,0
O14030|EUKARYA|NO_SP|1,0
O13758|EUKARYA|NO_SP|1,0
O60059|EUKARYA|NO_SP|1,0
Q9P7W1|EUKARYA|NO_SP|1,0
O43075|EUKARYA|NO_SP|1,0
O94311|EUKARYA|NO_SP|2,0
Q9UUA7|EUKARYA|NO_SP|1,0
Q9HGL0|EUKARYA|NO_SP|2,0
P0CU00|EUKARYA|NO_SP|1,0
Q9P7I0|EUKARYA|NO_SP|0,0
Q9P7T8|EUKARYA|NO_SP|2,0
O94245|EUKARYA|NO_SP|1,0
O74417|EUKARYA|NO_SP|1,0
P36138|EUKARYA|NO_SP|2,0
P36103|EUKARYA|NO_SP|1,0
Q9C0Y8|EUKARYA|NO_SP|1,0
Q9P6K8|EUKARYA|NO_SP|2,0
Q9HGP9|EUKARYA|NO_SP|1,0
Q04867|EUKARYA|NO_SP|2,0
Q9UUD0|EUKARYA|NO_SP|2,0
Q9P6R2|EUKARYA|NO_SP|2,0
Q19404|EUKARYA|NO_SP|1,0
Q45VV3|EUKARYA|NO_SP|1,0
P40917|EUKARYA|NO_SP|2,0
P40017|EUKARYA|NO_SP|2,0
P25349|EUKARYA|NO_SP|1,0
O59779|EUKARYA|NO_SP|1,0
Q3E7B7|EUKARYA|NO_SP|2,0
O14043|EUKARYA|NO_SP|2,0
O94461|EUKARYA|NO_SP|2,0
Q9UTE4|EUKARYA|NO_SP|1,0
O14262|EUKARYA|NO_SP|2,0
O60056|EUKARYA|NO_SP|1,0
Q08956|EUKARYA|NO_SP|1,0
Q9UTL9|EUKARYA|NO_SP|2,0
Q9P7K3|EUKARYA|NO_SP|2,0
Q8IY57|EUKARYA|NO_SP|1,0
P38749|EUKARYA|NO_SP|2,0
Q10214|EUKARYA|NO_SP|1,0
O42888|EUKARYA|NO_SP|0,0
Q9USY8|EUKARYA|NO_SP|2,0
Q7Z9I2|EUKARYA|NO_SP|0,0
O74542|EUKARYA|NO_SP|2,0
O14158|EUKARYA|NO_SP|1,0
O13822|EUKARYA|NO_SP|2,0
Q7Z995|EUKARYA|NO_SP|1,0
Q96VG0|EUKARYA|NO_SP|2,0
Q9HGL2|EUKARYA|NO_SP|2,0
O94498|EUKARYA|NO_SP|1,0
O94601|EUKARYA|NO_SP|2,0
O94589|EUKARYA|NO_SP|1,0
O74550|EUKARYA|NO_SP|1,0
Q9Y7R1|EUKARYA|NO_SP|1,0
O13985|EUKARYA|NO_SP|2,0
P53336|EUKARYA|NO_SP|1,0
Q9Y7K1|EUKARYA|NO_SP|2,0
Q9P7W7|EUKARYA|NO_SP|1,0
O74324|EUKARYA|NO_SP|2,0
Q9HDU7|EUKARYA|NO_SP|2,0
P38690|EUKARYA|NO_SP|2,0
O59727|EUKARYA|NO_SP|2,0
P25637|EUKARYA|NO_SP|1,0
Q9P3A9|EUKARYA|NO_SP|2,0
Q9UT84|EUKARYA|NO_SP|2,0
Q9USK1|EUKARYA|NO_SP|2,0
O74529|EUKARYA|NO_SP|2,0
Q7LKZ6|EUKARYA|NO_SP|2,0
Q9USH9|EUKARYA|NO_SP|2,0
O59799|EUKARYA|NO_SP|1,0
Q9P3U2|EUKARYA|NO_SP|1,0
Q06137|EUKARYA|NO_SP|2,0
Q06070|EUKARYA|NO_SP|2,0
Q9UTA7|EUKARYA|NO_SP|1,0
Q9URY3|EUKARYA|NO_SP|1,0
O94392|EUKARYA|NO_SP|2,0
Q9UT06|EUKARYA|NO_SP|2,0
Q9P7P9|EUKARYA|NO_SP|2,0
Q05016|EUKARYA|NO_SP|0,0
O59743|EUKARYA|NO_SP|1,0
O59746|EUKARYA|NO_SP|2,0
Q9Y803|EUKARYA|NO_SP|2,0
P87242|EUKARYA|NO_SP|1,0
O94475|EUKARYA|NO_SP|2,0
Q03900|EUKARYA|NO_SP|2,0
Q10348|EUKARYA|NO_SP|1,0
P87143|EUKARYA|NO_SP|1,0
O36030|EUKARYA|NO_SP|2,0
O13757|EUKARYA|NO_SP|2,0
O13905|EUKARYA|NO_SP|2,0
O42657|EUKARYA|NO_SP|1,0
Q9Y7K5|EUKARYA|NO_SP|2,0
Q9Y7K0|EUKARYA|NO_SP|1,0
O94387|EUKARYA|NO_SP|1,0
O43024|EUKARYA|NO_SP|1,0
O13641|EUKARYA|NO_SP|2,0
O94340|EUKARYA|NO_SP|1,0
Q9UTC7|EUKARYA|NO_SP|1,0
Q9P7M6|EUKARYA|NO_SP|2,0
P47181|EUKARYA|NO_SP|1,0
Q96WV2|EUKARYA|NO_SP|2,0
Q9HDY4|EUKARYA|NO_SP|1,0
Q9P7B7|EUKARYA|NO_SP|2,0
Q9HE07|EUKARYA|NO_SP|1,0
Q05881|EUKARYA|NO_SP|2,0
Q9UT96|EUKARYA|NO_SP|1,0
Q9UTR8|EUKARYA|NO_SP|2,0
Q9R0I7|EUKARYA|NO_SP|0,0
P47147|EUKARYA|NO_SP|2,0
Q04304|EUKARYA|NO_SP|2,0
Q12486|EUKARYA|NO_SP|2,0
O13803|EUKARYA|NO_SP|1,0
O13986|EUKARYA|NO_SP|2,0
O42854|EUKARYA|NO_SP|2,0
O42882|EUKARYA|NO_SP|0,0
Q9P6K0|EUKARYA|NO_SP|1,0
Q9UTP4|EUKARYA|NO_SP|2,0
P49750|EUKARYA|NO_SP|0,0
O59741|EUKARYA|NO_SP|1,0
O60136|EUKARYA|NO_SP|1,0
O60150|EUKARYA|NO_SP|2,0
Q12182|EUKARYA|NO_SP|2,0
Q08909|EUKARYA|NO_SP|1,0
Q9P7D3|EUKARYA|NO_SP|1,0
Q12204|EUKARYA|NO_SP|2,0
O94405|EUKARYA|NO_SP|2,0
O94419|EUKARYA|NO_SP|2,0
O94420|EUKARYA|NO_SP|2,0
Q9EPU7|EUKARYA|NO_SP|0,0
G5EBU4|EUKARYA|NO_SP|0,0
D2EAC2|EUKARYA|NO_SP|2,0
Q13105|EUKARYA|NO_SP|0,0
Q9ULJ3|EUKARYA|NO_SP|0,0
B2RXF5|EUKARYA|NO_SP|0,0
O88939|EUKARYA|NO_SP|0,0
Q95XU6|EUKARYA|NO_SP|2,0
Q84K96|EUKARYA|NO_SP|2,0
P50111|EUKARYA|NO_SP|2,0
O74822|EUKARYA|NO_SP|2,0
O42948|EUKARYA|NO_SP|1,0
Q9USN2|EUKARYA|NO_SP|2,0
O74545|EUKARYA|NO_SP|1,0
O36029|EUKARYA|NO_SP|2,0
O14033|EUKARYA|NO_SP|1,0
P40028|EUKARYA|NO_SP|2,0
O14097|EUKARYA|NO_SP|2,0
O13856|EUKARYA|NO_SP|1,0
O13899|EUKARYA|NO_SP|1,0
P53185|EUKARYA|NO_SP|2,0
Q12173|EUKARYA|NO_SP|1,0
O94562|EUKARYA|NO_SP|2,0
O94628|EUKARYA|NO_SP|1,0
P53155|EUKARYA|NO_SP|2,0
Q9Y7K9|EUKARYA|NO_SP|1,0
O60169|EUKARYA|NO_SP|2,0
P47174|EUKARYA|NO_SP|1,0
O74953|EUKARYA|NO_SP|2,0
Q9P7K1|EUKARYA|NO_SP|2,0
Q9P7I6|EUKARYA|NO_SP|0,0
O59805|EUKARYA|NO_SP|1,0
Q9HDZ0|EUKARYA|NO_SP|2,0
Q9C0Z8|EUKARYA|NO_SP|2,0
Q9P3U1|EUKARYA|NO_SP|1,0
Q9UT12|EUKARYA|NO_SP|2,0
Q9UUF3|EUKARYA|NO_SP|2,0
Q9P779|EUKARYA|NO_SP|1,0
Q9UUE0|EUKARYA|NO_SP|2,0
O94274|EUKARYA|NO_SP|1,0
P40923|EUKARYA|NO_SP|2,0
Q06523|EUKARYA|NO_SP|1,0
Q8TFF9|EUKARYA|NO_SP|2,0
Q08977|EUKARYA|NO_SP|2,0
P43587|EUKARYA|NO_SP|1,0
Q9Y7P9|EUKARYA|NO_SP|2,0
Q7LL04|EUKARYA|NO_SP|1,0
P40517|EUKARYA|NO_SP|2,0
Q80SU3|EUKARYA|NO_SP|1,0
A1ZA47|EUKARYA|NO_SP|0,0
O65499|EUKARYA|NO_SP|1,0
O22533|EUKARYA|NO_SP|2,0
Q12082|EUKARYA|NO_SP|1,0
Q04093|EUKARYA|NO_SP|2,0
O13801|EUKARYA|NO_SP|1,0
O14034|EUKARYA|NO_SP|2,0
O13706|EUKARYA|NO_SP|1,0
O14041|EUKARYA|NO_SP|2,0
O13926|EUKARYA|NO_SP|1,0
O94443|EUKARYA|NO_SP|0,0
O94450|EUKARYA|NO_SP|0,0
P40326|EUKARYA|NO_SP|2,0
Q9USV2|EUKARYA|NO_SP|0,0
P38809|EUKARYA|NO_SP|1,0
O74915|EUKARYA|NO_SP|1,0
Q9P7J0|EUKARYA|NO_SP|1,0
P34231|EUKARYA|NO_SP|2,0
Q07834|EUKARYA|NO_SP|1,0
Q9UTQ4|EUKARYA|NO_SP|2,0
Q9UT95|EUKARYA|NO_SP|1,0
Q9UTA6|EUKARYA|NO_SP|1,0
Q9P6K4|EUKARYA|NO_SP|2,0
Q9C1W6|EUKARYA|NO_SP|2,0
O74400|EUKARYA|NO_SP|0,0
Q9Y7J5|EUKARYA|NO_SP|1,0
O94276|EUKARYA|NO_SP|2,0
O74793|EUKARYA|NO_SP|2,0
Q02754|EUKARYA|NO_SP|2,0
Q12179|EUKARYA|NO_SP|1,0
Q9ESC7|EUKARYA|NO_SP|2,0
P38070|EUKARYA|NO_SP|1,0
Q12340|EUKARYA|NO_SP|1,0
O94314|EUKARYA|NO_SP|1,0
Q9HDV0|EUKARYA|NO_SP|2,0
O94358|EUKARYA|NO_SP|1,0
O94362|EUKARYA|NO_SP|1,0
O59731|EUKARYA|NO_SP|0,0
Q8TFH5|EUKARYA|NO_SP|2,0
Q9US01|EUKARYA|NO_SP|1,0
Q9UTK9|EUKARYA|NO_SP|2,0
Q9HDT8|EUKARYA|NO_SP|1,0
P47072|EUKARYA|NO_SP|0,0
Q9HGQ0|EUKARYA|NO_SP|1,0
Q3E841|EUKARYA|NO_SP|2,0
Q3E7A8|EUKARYA|NO_SP|2,0
P38806|EUKARYA|NO_SP|2,0
Q96WW3|EUKARYA|NO_SP|2,0
O60138|EUKARYA|NO_SP|2,0
Q9Y7M8|EUKARYA|NO_SP|1,0
Q08748|EUKARYA|NO_SP|1,0
Q569K4|EUKARYA|NO_SP|2,0
Q9UGR2|EUKARYA|NO_SP|1,0
Q7T3U0|EUKARYA|NO_SP|0,0
O96006|EUKARYA|NO_SP|1,0
O43829|EUKARYA|NO_SP|0,0
Q84JE8|EUKARYA|NO_SP|2,0
O60315|EUKARYA|NO_SP|1,0
B0M1H3|EUKARYA|NO_SP|1,0
Q10296|EUKARYA|NO_SP|2,0
P39999|EUKARYA|NO_SP|1,0
P39994|EUKARYA|NO_SP|0,0
O14088|EUKARYA|NO_SP|0,0
F1LM93|EUKARYA|NO_SP|1,0
O95619|EUKARYA|NO_SP|2,0
O13897|EUKARYA|NO_SP|1,0
O94455|EUKARYA|NO_SP|0,0
O42845|EUKARYA|NO_SP|1,0
Q9UTE1|EUKARYA|NO_SP|1,0
O94612|EUKARYA|NO_SP|2,0
P53287|EUKARYA|NO_SP|2,0
O42953|EUKARYA|NO_SP|2,0
O60117|EUKARYA|NO_SP|0,0
O60130|EUKARYA|NO_SP|1,0
Q9P6I9|EUKARYA|NO_SP|1,0
Q9URZ2|EUKARYA|NO_SP|1,0
O74414|EUKARYA|NO_SP|0,0
Q9P7J5|EUKARYA|NO_SP|1,0
Q9UUA1|EUKARYA|NO_SP|2,0
Q9HDY7|EUKARYA|NO_SP|2,0
Q9US28|EUKARYA|NO_SP|1,0
Q9UT59|EUKARYA|NO_SP|2,0
Q9P6L9|EUKARYA|NO_SP|2,0
Q9UTK6|EUKARYA|NO_SP|1,0
Q9P799|EUKARYA|NO_SP|2,0
Q9P789|EUKARYA|NO_SP|2,0
Q9HDV3|EUKARYA|NO_SP|2,0
Q9P7D1|EUKARYA|NO_SP|1,0
O94264|EUKARYA|NO_SP|2,0
O74789|EUKARYA|NO_SP|0,0
Q9Y7Y6|EUKARYA|NO_SP|1,0
Q9Y7Z6|EUKARYA|NO_SP|1,0
Q02749|EUKARYA|NO_SP|2,0
Q02981|EUKARYA|NO_SP|1,0
O74886|EUKARYA|NO_SP|2,0
Q8VZ59|EUKARYA|NO_SP|0,0
Q03780|EUKARYA|NO_SP|2,0
Q04170|EUKARYA|NO_SP|2,0
Q04925|EUKARYA|NO_SP|2,0
O13996|EUKARYA|NO_SP|1,0
O14141|EUKARYA|NO_SP|2,0
O94437|EUKARYA|NO_SP|1,0
Q9UT17|EUKARYA|NO_SP|2,0
Q9US38|EUKARYA|NO_SP|2,0
O94730|EUKARYA|NO_SP|2,0
Q9Y7X7|EUKARYA|NO_SP|2,0
Q9P6J8|EUKARYA|NO_SP|0,0
Q9P6J4|EUKARYA|NO_SP|1,0
Q9UTM1|EUKARYA|NO_SP|2,0
Q9USK7|EUKARYA|NO_SP|2,0
Q9USL6|EUKARYA|NO_SP|2,0
Q9P7K2|EUKARYA|NO_SP|1,0
Q9HDX7|EUKARYA|NO_SP|2,0
Q9US14|EUKARYA|NO_SP|1,0
Q9HGP4|EUKARYA|NO_SP|1,0
Q9UTG3|EUKARYA|NO_SP|1,0
Q9P7G0|EUKARYA|NO_SP|1,0
Q07799|EUKARYA|NO_SP|2,0
Q06146|EUKARYA|NO_SP|1,0
Q06698|EUKARYA|NO_SP|2,0
Q06188|EUKARYA|NO_SP|2,0
Q9C1X2|EUKARYA|NO_SP|2,0
Q9P791|EUKARYA|NO_SP|2,0
Q9Y807|EUKARYA|NO_SP|1,0
O74363|EUKARYA|NO_SP|1,0
P53921|EUKARYA|NO_SP|1,0
P40168|EUKARYA|NO_SP|2,0
Q9HFE6|EUKARYA|NO_SP|0,0
Q99247|EUKARYA|NO_SP|2,0
A6X982|EUKARYA|NO_SP|2,0
Q9Y7Q1|EUKARYA|NO_SP|1,0
O94583|EUKARYA|NO_SP|2,0
O74867|EUKARYA|NO_SP|2,0
O94400|EUKARYA|NO_SP|0,0
O74978|EUKARYA|NO_SP|2,0
O74758|EUKARYA|NO_SP|1,0
O59716|EUKARYA|NO_SP|2,0
O59719|EUKARYA|NO_SP|1,0
Q10201|EUKARYA|NO_SP|1,0
O94720|EUKARYA|NO_SP|2,0
Q9P7Z9|EUKARYA|NO_SP|1,0
Q04408|EUKARYA|NO_SP|1,0
Q10369|EUKARYA|NO_SP|1,0
O13799|EUKARYA|NO_SP|1,0
O13871|EUKARYA|NO_SP|2,0
Q9Y825|EUKARYA|NO_SP|1,0
O13944|EUKARYA|NO_SP|2,0
O14114|EUKARYA|NO_SP|1,0
O13781|EUKARYA|NO_SP|2,0
P40057|EUKARYA|NO_SP|1,0
O14291|EUKARYA|NO_SP|2,0
O13908|EUKARYA|NO_SP|0,0
O14130|EUKARYA|NO_SP|1,0
Q9US34|EUKARYA|NO_SP|1,0
Q9US15|EUKARYA|NO_SP|2,0
Q7LKV1|EUKARYA|NO_SP|1,0
Q9UUH6|EUKARYA|NO_SP|2,0
Q9C1X5|EUKARYA|NO_SP|0,0
Q12288|EUKARYA|NO_SP|1,0
Q05948|EUKARYA|NO_SP|2,0
Q9UTB3|EUKARYA|NO_SP|0,0
Q9UTA8|EUKARYA|NO_SP|2,0
Q9P3W6|EUKARYA|NO_SP|2,0
Q9P374|EUKARYA|NO_SP|1,0
Q9UT04|EUKARYA|NO_SP|2,0
Q9Y7X2|EUKARYA|NO_SP|0,0
Q9P7K9|EUKARYA|NO_SP|2,0
Q9P7Z8|EUKARYA|NO_SP|1,0
Q9USY1|EUKARYA|NO_SP|2,0
Q12139|EUKARYA|NO_SP|2,0
O94441|EUKARYA|NO_SP|1,0
O94733|EUKARYA|NO_SP|1,0
Q9UTN0|EUKARYA|NO_SP|1,0
Q9UTF0|EUKARYA|NO_SP|2,0
P0CU08|EUKARYA|NO_SP|2,0
O74875|EUKARYA|NO_SP|2,0
Q9P3U8|EUKARYA|NO_SP|2,0
O59760|EUKARYA|NO_SP|1,0
Q9UUH5|EUKARYA|NO_SP|2,0
Q9UT63|EUKARYA|NO_SP|2,0
Q12259|EUKARYA|NO_SP|2,0
Q06152|EUKARYA|NO_SP|1,0
Q05863|EUKARYA|NO_SP|2,0
Q06409|EUKARYA|NO_SP|1,0
G2TRL1|EUKARYA|NO_SP|1,0
P53981|EUKARYA|NO_SP|1,0
Q9P7D5|EUKARYA|NO_SP|0,0
Q9Y7J2|EUKARYA|NO_SP|2,0
Q08954|EUKARYA|NO_SP|1,0
P12688|EUKARYA|NO_SP|2,0
O74469|EUKARYA|NO_SP|2,0
O60081|EUKARYA|NO_SP|2,0
P36036|EUKARYA|NO_SP|0,0
Q9Y5A9|EUKARYA|NO_SP|0,0
O00488|EUKARYA|NO_SP|0,0
Q8WXB4|EUKARYA|NO_SP|2,0
Q9UID6|EUKARYA|NO_SP|1,0
Q32MQ0|EUKARYA|NO_SP|2,0
P21506|EUKARYA|NO_SP|0,0
P17020|EUKARYA|NO_SP|0,0
Q9C1X0|EUKARYA|NO_SP|2,0
P40166|EUKARYA|NO_SP|1,0
P40159|EUKARYA|NO_SP|2,0
Q9P785|EUKARYA|NO_SP|2,0
O94252|EUKARYA|NO_SP|2,0
O60099|EUKARYA|NO_SP|1,0
Q02873|EUKARYA|NO_SP|2,0
Q9P7U7|EUKARYA|NO_SP|0,0
Q08971|EUKARYA|NO_SP|2,0
Q12523|EUKARYA|NO_SP|0,0
Q96MU7|EUKARYA|NO_SP|1,0
Q80WQ9|EUKARYA|NO_SP|2,0
Q811H0|EUKARYA|NO_SP|0,0
Q6ZSB9|EUKARYA|NO_SP|0,0
Q64318|EUKARYA|NO_SP|1,0
Q7FAD5|EUKARYA|NO_SP|2,0
Q02526|EUKARYA|NO_SP|2,0
P70121|EUKARYA|NO_SP|0,0
Q8C0C0|EUKARYA|NO_SP|0,0
Q9H4I2|EUKARYA|NO_SP|0,0
Q62521|EUKARYA|NO_SP|0,0
Q7TQ40|EUKARYA|NO_SP|0,0
P42844|EUKARYA|NO_SP|1,0
Q10424|EUKARYA|NO_SP|2,0
Q62806|EUKARYA|NO_SP|1,0
Q9NZL3|EUKARYA|NO_SP|0,0
E9Q6W4|EUKARYA|NO_SP|2,0
P32793|EUKARYA|NO_SP|2,0
P15822|EUKARYA|NO_SP|2,0
P22227|EUKARYA|NO_SP|2,0
P16373|EUKARYA|NO_SP|2,0
O08781|EUKARYA|NO_SP|0,0
Q6AXZ5|EUKARYA|NO_SP|2,0
Q8N895|EUKARYA|NO_SP|0,0
Q6IV72|EUKARYA|NO_SP|0,0
Q969S3|EUKARYA|NO_SP|1,0
Q61464|EUKARYA|NO_SP|0,0
Q9BS31|EUKARYA|NO_SP|0,0
Q7XA66|EUKARYA|NO_SP|2,0
P09090|EUKARYA|NO_SP|2,0
A2A884|EUKARYA|NO_SP|1,0
B5DF11|EUKARYA|NO_SP|1,0
Q7TS63|EUKARYA|NO_SP|1,0
Q9SLB8|EUKARYA|NO_SP|1,0
Q8R515|EUKARYA|NO_SP|0,0
Q9Y6X8|EUKARYA|NO_SP|0,0
O73689|EUKARYA|NO_SP|0,0
Q61467|EUKARYA|NO_SP|0,0
Q96GC6|EUKARYA|NO_SP|0,0
A0JPL0|EUKARYA|NO_SP|0,0
Q9UK33|EUKARYA|NO_SP|0,0
A7Y7X5|EUKARYA|NO_SP|1,0
Q6NUN9|EUKARYA|NO_SP|2,0
Q8BGV5|EUKARYA|NO_SP|0,0
Q8W031|EUKARYA|NO_SP|1,0
Q9U3F4|EUKARYA|NO_SP|0,0
Q9HDX2|EUKARYA|NO_SP|2,0
Q9HDZ5|EUKARYA|NO_SP|1,0
Q9P7C0|EUKARYA|NO_SP|1,0
Q06139|EUKARYA|NO_SP|1,0
Q3E747|EUKARYA|NO_SP|2,0
Q9URW9|EUKARYA|NO_SP|2,0
Q08465|EUKARYA|NO_SP|1,0
O74386|EUKARYA|NO_SP|1,0
O14468|EUKARYA|NO_SP|2,0
O74348|EUKARYA|NO_SP|2,0
Q9P7L1|EUKARYA|NO_SP|2,0
Q96NS1|EUKARYA|NO_SP|2,0
Q5T200|EUKARYA|NO_SP|1,0
Q8BJ05|EUKARYA|NO_SP|2,0
Q6NZY4|EUKARYA|NO_SP|2,0
Q9VA00|EUKARYA|NO_SP|1,0
P37275|EUKARYA|NO_SP|1,0
B8XA40|EUKARYA|NO_SP|2,0
Q5FWU8|EUKARYA|NO_SP|2,0
Q8C0R7|EUKARYA|NO_SP|2,0
P52739|EUKARYA|NO_SP|0,0
Q9Y2P7|EUKARYA|NO_SP|0,0
Q6U7Q0|EUKARYA|NO_SP|2,0
Q5SXI5|EUKARYA|NO_SP|0,0
Q6UFS5|EUKARYA|NO_SP|0,0
E9PYI1|EUKARYA|NO_SP|0,0
Q8CJ78|EUKARYA|NO_SP|0,0
Q14966|EUKARYA|NO_SP|0,0
P17014|EUKARYA|NO_SP|0,0
P17028|EUKARYA|NO_SP|0,0
O95218|EUKARYA|NO_SP|1,0
Q9FX68|EUKARYA|NO_SP|2,0
G5EEM5|EUKARYA|NO_SP|2,0
Q9Y2K1|EUKARYA|NO_SP|0,0
P09089|EUKARYA|NO_SP|1,0
Q1WG82|EUKARYA|NO_SP|0,0
Q9FRL5|EUKARYA|NO_SP|2,0
Q969J2|EUKARYA|NO_SP|0,0
Q9UDW3|EUKARYA|NO_SP|1,0
Q8NF64|EUKARYA|NO_SP|0,0
Q96E35|EUKARYA|NO_SP|1,0
Q8AVN9|EUKARYA|NO_SP|2,0
Q70YC5|EUKARYA|NO_SP|2,0
P17032|EUKARYA|NO_SP|0,0
Q9Y4E5|EUKARYA|NO_SP|2,0
Q6ECI4|EUKARYA|NO_SP|0,0
Q7TSH3|EUKARYA|NO_SP|0,0
Q96N77|EUKARYA|NO_SP|0,0
Q8R1N0|EUKARYA|NO_SP|2,0
Q9LXI8|EUKARYA|NO_SP|2,0
Q16670|EUKARYA|NO_SP|0,0
Q9Y7I8|EUKARYA|NO_SP|2,0
Q9SGD1|EUKARYA|NO_SP|2,0
Q802Y8|EUKARYA|NO_SP|0,0
Q9D0L1|EUKARYA|NO_SP|2,0
Q9P1Z0|EUKARYA|NO_SP|0,0
Q9VSK8|EUKARYA|NO_SP|2,0
Q9NQZ6|EUKARYA|NO_SP|2,0
Q8N567|EUKARYA|NO_SP|2,0
Q15911|EUKARYA|NO_SP|2,0
Q96JP5|EUKARYA|NO_SP|0,0
Q91689|EUKARYA|NO_SP|0,0
Q14587|EUKARYA|NO_SP|1,0
Q9Y3S2|EUKARYA|NO_SP|2,0
Q9UL40|EUKARYA|NO_SP|0,0
Q9H7S9|EUKARYA|NO_SP|0,0
P40483|EUKARYA|NO_SP|1,0
Q9HDY5|EUKARYA|NO_SP|1,0
Q9P6Q1|EUKARYA|NO_SP|2,0
Q9P6P7|EUKARYA|NO_SP|0,0
Q9UUK4|EUKARYA|NO_SP|2,0
Q9UUF1|EUKARYA|NO_SP|2,0
O74482|EUKARYA|NO_SP|2,0
Q9QY02|EUKARYA|NO_SP|1,0
Q2M1K9|EUKARYA|NO_SP|1,0
P0CL69|EUKARYA|NO_SP|0,0
Q91VN1|EUKARYA|NO_SP|0,0
P39447|EUKARYA|NO_SP|1,0
Q9SVY1|EUKARYA|NO_SP|1,0
Q9GT24|EUKARYA|NO_SP|0,0
Q9UT10|EUKARYA|NO_SP|2,0
P32795|EUKARYA|NO_SP|2,0
Q9HFE7|EUKARYA|NO_SP|2,0
Q9UUE3|EUKARYA|NO_SP|2,0
Q08634|EUKARYA|NO_SP|1,0
Q08816|EUKARYA|NO_SP|2,0
Q96QA6|EUKARYA|NO_SP|2,0
P61236|EUKARYA|NO_SP|2,0
Q9UU77|EUKARYA|NO_SP|1,0
Q9Y7S2|EUKARYA|NO_SP|1,0
Q12024|EUKARYA|NO_SP|0,0
Q9FGC7|EUKARYA|NO_SP|2,0
Q8C6P8|EUKARYA|NO_SP|0,0
Q61967|EUKARYA|NO_SP|0,0
Q9ULJ6|EUKARYA|NO_SP|1,0
Q8NA42|EUKARYA|NO_SP|0,0
Q9EQJ4|EUKARYA|NO_SP|2,0
E9QAG8|EUKARYA|NO_SP|0,0
Q9C0F3|EUKARYA|NO_SP|0,0
Q7Z4V0|EUKARYA|NO_SP|2,0
Q8NDQ6|EUKARYA|NO_SP|0,0
Q9D115|EUKARYA|NO_SP|2,0
Q80VJ6|EUKARYA|NO_SP|2,0
Q02872|EUKARYA|NO_SP|2,0
P53107|EUKARYA|NO_SP|2,0
Q06224|EUKARYA|NO_SP|2,0
Q8TBF4|EUKARYA|NO_SP|0,0
Q9HA38|EUKARYA|NO_SP|0,0
Q9VU41|EUKARYA|NO_SP|0,0
O88291|EUKARYA|NO_SP|2,0
Q09FC8|EUKARYA|NO_SP|1,0
Q6KAS7|EUKARYA|NO_SP|0,0
Q05481|EUKARYA|NO_SP|0,0
P32527|EUKARYA|NO_SP|2,0
O60765|EUKARYA|NO_SP|0,0
Q7Z3T8|EUKARYA|NO_SP|1,0
Q68DK2|EUKARYA|NO_SP|2,0
Q9UKY1|EUKARYA|NO_SP|0,0
Q80Z36|EUKARYA|NO_SP|0,0
Q5N829|EUKARYA|NO_SP|0,0
O88466|EUKARYA|NO_SP|1,0
O43670|EUKARYA|NO_SP|1,0
Q3ZCT1|EUKARYA|NO_SP|0,0
Q9Y2X9|EUKARYA|NO_SP|0,0
Q12040|EUKARYA|NO_SP|2,0
Q3E769|EUKARYA|NO_SP|1,0
Q08930|EUKARYA|NO_SP|2,0
Q99395|EUKARYA|NO_SP|0,0
P0CS85|EUKARYA|NO_SP|1,0
Q12172|EUKARYA|NO_SP|1,0
O13794|EUKARYA|NO_SP|2,0
Q06102|EUKARYA|NO_SP|2,0
Q9UTS5|EUKARYA|NO_SP|0,0
Q96289|EUKARYA|NO_SP|2,0
Q9SIJ0|EUKARYA|NO_SP|1,0
Q8NCN2|EUKARYA|NO_SP|0,0
Q8CHP0|EUKARYA|NO_SP|1,0
Q8N3Z6|EUKARYA|NO_SP|1,0
Q95XP9|EUKARYA|NO_SP|1,0
Q8W030|EUKARYA|NO_SP|2,0
Q9UTC0|EUKARYA|NO_SP|1,0
O13819|EUKARYA|NO_SP|2,0
Q9USS4|EUKARYA|NO_SP|0,0
O74308|EUKARYA|NO_SP|0,0
Q9Y820|EUKARYA|NO_SP|2,0
Q02864|EUKARYA|NO_SP|2,0
Q76PC4|EUKARYA|NO_SP|1,0
O94585|EUKARYA|NO_SP|1,0
Q5EXX3|EUKARYA|NO_SP|0,0
Q8WU90|EUKARYA|NO_SP|0,0
B0JFB8|EUKARYA|SP|0,1
P34116|EUKARYA|SP|1,1
P0CS93|EUKARYA|SP|2,1
P22146|EUKARYA|SP|2,1
P10669|EUKARYA|SP|1,1
Q91XV6|EUKARYA|SP|2,1
P34115|EUKARYA|SP|1,1
Q08879|EUKARYA|SP|0,1
P12763|EUKARYA|SP|2,1
P06399|EUKARYA|SP|1,1
P42578|EUKARYA|SP|1,1
P01227|EUKARYA|SP|2,1
P19883|EUKARYA|SP|1,1
Q9DGI0|EUKARYA|SP|2,1
Q99MG7|EUKARYA|SP|2,1
P36980|EUKARYA|SP|1,1
P21828|EUKARYA|SP|2,1
A1X158|EUKARYA|SP|0,1
P54803|EUKARYA|SP|2,1
P01350|EUKARYA|SP|2,1
P31515|EUKARYA|SP|1,1
A1X159|EUKARYA|SP|0,1
P17164|EUKARYA|SP|2,1
P41822|EUKARYA|SP|1,1
P01225|EUKARYA|SP|2,1
O60609|EUKARYA|SP|0,1
Q9NPG1|EUKARYA|SP|1,1
Q76IQ4|EUKARYA|SP|2,1
Q8BHN3|EUKARYA|SP|1,1
P01226|EUKARYA|SP|2,1
P01228|EUKARYA|SP|2,1
P12550|EUKARYA|SP|2,1
P02226|EUKARYA|SP|2,1
P28316|EUKARYA|SP|1,1
Q02596|EUKARYA|SP|0,1
P12549|EUKARYA|SP|2,1
Q7M419|EUKARYA|SP|2,1
O08795|EUKARYA|SP|0,1
P07359|EUKARYA|SP|0,1
P25291|EUKARYA|SP|1,1
Q8JFY4|EUKARYA|SP|2,1
P01215|EUKARYA|SP|2,1
P02727|EUKARYA|SP|2,1
P02222|EUKARYA|SP|2,1
P02229|EUKARYA|SP|2,1
P01217|EUKARYA|SP|2,1
P02221|EUKARYA|SP|2,1
P02223|EUKARYA|SP|2,1
P06028|EUKARYA|SP|1,1
P01274|EUKARYA|SP|1,1
P82358|EUKARYA|SP|2,1
P37042|EUKARYA|SP|2,1
P49921|EUKARYA|SP|2,1
Q7M413|EUKARYA|SP|2,1
P01221|EUKARYA|SP|2,1
P01218|EUKARYA|SP|2,1
P14314|EUKARYA|SP|0,1
P29794|EUKARYA|SP|1,1
P12548|EUKARYA|SP|2,1
P07474|EUKARYA|SP|2,1
Q62867|EUKARYA|SP|1,1
P02724|EUKARYA|SP|1,1
P35053|EUKARYA|SP|2,1
O14412|EUKARYA|SP|1,1
P51919|EUKARYA|SP|2,1
P10144|EUKARYA|SP|2,1
P42264|EUKARYA|SP|1,1
Q92643|EUKARYA|SP|1,1
P55320|EUKARYA|SP|1,1
P04405|EUKARYA|SP|2,1
P43306|EUKARYA|SP|2,1
P04706|EUKARYA|SP|0,1
Q9EQX0|EUKARYA|SP|2,1
P07727|EUKARYA|SP|1,1
P07730|EUKARYA|SP|1,1
C9K4X8|EUKARYA|SP|1,1
P35052|EUKARYA|SP|2,1
Q95VP2|EUKARYA|SP|1,1
Q95P08|EUKARYA|SP|2,1
P53543|EUKARYA|SP|2,1
P07987|EUKARYA|SP|1,1
Q8IFJ8|EUKARYA|SP|2,1
O60565|EUKARYA|SP|2,1
P10257|EUKARYA|SP|2,1
P14770|EUKARYA|SP|0,1
Q95VP3|EUKARYA|SP|1,1
P51925|EUKARYA|SP|2,1
O18994|EUKARYA|SP|1,1
P01235|EUKARYA|SP|2,1
P01902|EUKARYA|SP|0,1
P09341|EUKARYA|SP|0,1
P11021|EUKARYA|SP|2,1
Q01528|EUKARYA|SP|1,1
Q14520|EUKARYA|SP|1,1
Q8J0I9|EUKARYA|SP|2,1
Q5NAT0|EUKARYA|SP|1,1
P23044|EUKARYA|SP|1,1
P21978|EUKARYA|SP|2,1
P28798|EUKARYA|SP|1,1
P15515|EUKARYA|SP|1,1
Q86M34|EUKARYA|SP|1,1
P14210|EUKARYA|SP|1,1
P50828|EUKARYA|SP|2,1
P20058|EUKARYA|SP|2,1
P49182|EUKARYA|SP|1,1
P06865|EUKARYA|SP|2,1
Q8K0D2|EUKARYA|SP|1,1
P02790|EUKARYA|SP|2,1
P05546|EUKARYA|SP|1,1
Q95460|EUKARYA|SP|0,1
P23083|EUKARYA|SP|0,1
P01772|EUKARYA|SP|0,1
P26461|EUKARYA|SP|0,1
Q8MLZ7|EUKARYA|SP|2,1
P01591|EUKARYA|SP|1,1
P19007|EUKARYA|SP|1,1
Q13651|EUKARYA|SP|0,1
P13691|EUKARYA|SP|1,1
Q9GQV7|EUKARYA|SP|1,1
P00739|EUKARYA|SP|1,1
Q63617|EUKARYA|SP|1,1
P34951|EUKARYA|SP|0,1
P22692|EUKARYA|SP|0,1
Q969J5|EUKARYA|SP|1,1
P07596|EUKARYA|SP|0,1
P01742|EUKARYA|SP|0,1
P01763|EUKARYA|SP|0,1
P01824|EUKARYA|SP|0,1
P86100|EUKARYA|SP|1,1
P08833|EUKARYA|SP|0,1
Q9GV28|EUKARYA|SP|2,1
P01571|EUKARYA|SP|2,1
P05014|EUKARYA|SP|2,1
P01762|EUKARYA|SP|0,1
P01764|EUKARYA|SP|0,1
P79073|EUKARYA|SP|1,1
P16850|EUKARYA|SP|0,1
P82977|EUKARYA|SP|2,1
P10822|EUKARYA|SP|0,1
P01567|EUKARYA|SP|2,1
Q9P0W0|EUKARYA|SP|1,1
Q9VG55|EUKARYA|SP|1,1
P01795|EUKARYA|SP|0,1
C4NZN9|EUKARYA|SP|0,1
Q13478|EUKARYA|SP|1,1
Q9NYY1|EUKARYA|SP|2,1
Q9GZX6|EUKARYA|SP|2,1
P16382|EUKARYA|SP|2,1
Q08334|EUKARYA|SP|1,1
Q6UXL0|EUKARYA|SP|1,1
P17936|EUKARYA|SP|0,1
P01782|EUKARYA|SP|0,1
P15473|EUKARYA|SP|0,1
P13598|EUKARYA|SP|1,1
O95998|EUKARYA|SP|1,1
Q4WZ11|EUKARYA|SP|0,1
P08069|EUKARYA|SP|0,1
Q6UXB1|EUKARYA|SP|2,1
P18510|EUKARYA|SP|1,1
Q13007|EUKARYA|SP|1,1
Q6UW32|EUKARYA|SP|2,1
P22301|EUKARYA|SP|2,1
P05113|EUKARYA|SP|2,1
P83869|EUKARYA|SP|1,1
P12706|EUKARYA|SP|0,1
P01335|EUKARYA|SP|0,1
P06306|EUKARYA|SP|0,1
P00724|EUKARYA|SP|1,1
P13384|EUKARYA|SP|0,1
P24854|EUKARYA|SP|0,1
Q9R1T7|EUKARYA|SP|1,1
O77801|EUKARYA|SP|0,1
P01318|EUKARYA|SP|0,1
P01321|EUKARYA|SP|0,1
Q8MM24|EUKARYA|SP|2,1
P01570|EUKARYA|SP|2,1
P01569|EUKARYA|SP|2,1
P32881|EUKARYA|SP|2,1
P01566|EUKARYA|SP|2,1
P01568|EUKARYA|SP|2,1
P08505|EUKARYA|SP|2,1
P19874|EUKARYA|SP|0,1
P28041|EUKARYA|SP|0,1
P01086|EUKARYA|SP|0,1
P05013|EUKARYA|SP|2,1
P01579|EUKARYA|SP|1,1
P10764|EUKARYA|SP|0,1
Q01638|EUKARYA|SP|1,1
P12707|EUKARYA|SP|0,1
Q9Y5Q6|EUKARYA|SP|0,1
P01317|EUKARYA|SP|0,1
P81025|EUKARYA|SP|0,1
P02756|EUKARYA|SP|2,1
P23631|EUKARYA|SP|1,1
A2AJB7|EUKARYA|SP|2,1
Q41162|EUKARYA|SP|2,1
P43626|EUKARYA|SP|2,1
C0HL65|EUKARYA|SP|2,1
P83519|EUKARYA|SP|2,1
P01597|EUKARYA|SP|0,1
P01624|EUKARYA|SP|0,1
P01661|EUKARYA|SP|0,1
P01639|EUKARYA|SP|0,1
P01131|EUKARYA|SP|2,1
Q39529|EUKARYA|SP|2,1
Q8WPD0|EUKARYA|SP|2,1
P06312|EUKARYA|SP|0,1
P02758|EUKARYA|SP|2,1
P67976|EUKARYA|SP|2,1
Q61001|EUKARYA|SP|0,1
P14562|EUKARYA|SP|0,1
P04430|EUKARYA|SP|0,1
P01594|EUKARYA|SP|0,1
P01633|EUKARYA|SP|0,1
P01615|EUKARYA|SP|0,1
P18137|EUKARYA|SP|2,1
P80060|EUKARYA|SP|2,1
Q41161|EUKARYA|SP|2,1
P01634|EUKARYA|SP|0,1
P01611|EUKARYA|SP|0,1
P13473|EUKARYA|SP|1,1
P07380|EUKARYA|SP|2,1
A3RJ36|EUKARYA|SP|0,1
Q39528|EUKARYA|SP|2,1
Q9YGP1|EUKARYA|SP|2,1
P01619|EUKARYA|SP|0,1
Q55P57|EUKARYA|SP|1,1
P00712|EUKARYA|SP|2,1
P91627|EUKARYA|SP|2,1
P02872|EUKARYA|SP|2,1
Q6QX33|EUKARYA|SP|2,1
B2KNH9|EUKARYA|SP|0,1
P02754|EUKARYA|SP|2,1
P16404|EUKARYA|SP|2,1
P02870|EUKARYA|SP|2,1
P29459|EUKARYA|SP|2,1
P29460|EUKARYA|SP|1,1
Q16552|EUKARYA|SP|2,1
Q9HBE5|EUKARYA|SP|2,1
P15247|EUKARYA|SP|1,1
P15261|EUKARYA|SP|1,1
P01323|EUKARYA|SP|0,1
P13612|EUKARYA|SP|0,1
P08648|EUKARYA|SP|0,1
P24063|EUKARYA|SP|2,1
P06756|EUKARYA|SP|0,1
P01563|EUKARYA|SP|2,1
P05000|EUKARYA|SP|2,1
P01344|EUKARYA|SP|0,1
P13504|EUKARYA|SP|1,1
Q9H293|EUKARYA|SP|1,1
P60568|EUKARYA|SP|1,1
Q8NI17|EUKARYA|SP|1,1
P51460|EUKARYA|SP|0,1
Q96TU3|EUKARYA|SP|1,1
P16144|EUKARYA|SP|1,1
P26010|EUKARYA|SP|2,1
P01326|EUKARYA|SP|0,1
Q61738|EUKARYA|SP|0,1
P26011|EUKARYA|SP|2,1
Q8WWA0|EUKARYA|SP|1,1
Q9BX67|EUKARYA|SP|1,1
Q5G8A6|EUKARYA|SP|2,1
P01325|EUKARYA|SP|0,1
Q9BJX2|EUKARYA|SP|0,1
P0C908|EUKARYA|SP|0,1
P01313|EUKARYA|SP|0,1
P07479|EUKARYA|SP|1,1
Q9N2I2|EUKARYA|SP|0,1
P05154|EUKARYA|SP|0,1
O00105|EUKARYA|SP|1,1
Q9Y624|EUKARYA|SP|1,1
Q95NK7|EUKARYA|SP|0,1
P84777|EUKARYA|SP|0,1
Q5DT21|EUKARYA|SP|0,1
P38570|EUKARYA|SP|1,1
P11215|EUKARYA|SP|2,1
Q14624|EUKARYA|SP|1,1
P79263|EUKARYA|SP|1,1
P01088|EUKARYA|SP|0,1
P00996|EUKARYA|SP|0,1
Q6UWN8|EUKARYA|SP|0,1
P17301|EUKARYA|SP|0,1
P05555|EUKARYA|SP|2,1
D3JXM1|EUKARYA|SP|0,1
P45696|EUKARYA|SP|0,1
P0C194|EUKARYA|SP|0,1
P0DL37|EUKARYA|SP|0,1
Q9NJP7|EUKARYA|SP|2,1
Q9PTT2|EUKARYA|SP|1,1
Q9U8D1|EUKARYA|SP|2,1
A9XE60|EUKARYA|SP|2,1
B3EWY1|EUKARYA|SP|0,1
Q86QT3|EUKARYA|SP|0,1
Q9JI59|EUKARYA|SP|1,1
P45628|EUKARYA|SP|0,1
Q9NII7|EUKARYA|SP|0,1
P56972|EUKARYA|SP|2,1
Q5K0E0|EUKARYA|SP|0,1
Q9NII6|EUKARYA|SP|0,1
P05560|EUKARYA|SP|0,1
Q9BKB4|EUKARYA|SP|0,1
C0HJQ4|EUKARYA|SP|0,1
P07288|EUKARYA|SP|2,1
Q9TVX3|EUKARYA|SP|2,1
Q00870|EUKARYA|SP|2,1
P00713|EUKARYA|SP|2,1
P00716|EUKARYA|SP|2,1
P09462|EUKARYA|SP|2,1
P19137|EUKARYA|SP|2,1
P17046|EUKARYA|SP|1,1
P37109|EUKARYA|SP|0,1
C7G3K3|EUKARYA|SP|1,1
Q0GY40|EUKARYA|SP|2,1
P33577|EUKARYA|SP|0,1
Q41159|EUKARYA|SP|2,1
P54318|EUKARYA|SP|1,1
P49257|EUKARYA|SP|1,1
P82384|EUKARYA|SP|2,1
P07439|EUKARYA|SP|2,1
P04634|EUKARYA|SP|1,1
P86929|EUKARYA|SP|1,1
Q99538|EUKARYA|SP|1,1
C0HK27|EUKARYA|SP|2,1
Q02988|EUKARYA|SP|1,1
P11151|EUKARYA|SP|2,1
Q01584|EUKARYA|SP|2,1
P27657|EUKARYA|SP|1,1
P20462|EUKARYA|SP|2,1
P91629|EUKARYA|SP|2,1
P09056|EUKARYA|SP|1,1
P15018|EUKARYA|SP|1,1
P80035|EUKARYA|SP|1,1
P10758|EUKARYA|SP|2,1
Q6ZSA7|EUKARYA|SP|1,1
Q9TSN6|EUKARYA|SP|2,1
P00709|EUKARYA|SP|2,1
P00714|EUKARYA|SP|2,1
P04180|EUKARYA|SP|0,1
P06911|EUKARYA|SP|2,1
Q01774|EUKARYA|SP|2,1
P05099|EUKARYA|SP|1,1
O02839|EUKARYA|SP|1,1
P0DKL3|EUKARYA|SP|2,1
Q4WBS1|EUKARYA|SP|1,1
P01499|EUKARYA|SP|1,1
P01705|EUKARYA|SP|0,1
P00702|EUKARYA|SP|2,1
P01714|EUKARYA|SP|0,1
Q8WPJ2|EUKARYA|SP|1,1
Q27908|EUKARYA|SP|1,1
A0SPI0|EUKARYA|SP|1,1
Q17058|EUKARYA|SP|1,1
Q8L5J1|EUKARYA|SP|1,1
P15529|EUKARYA|SP|1,1
P52706|EUKARYA|SP|1,1
Q6UWN5|EUKARYA|SP|1,1
P81511|EUKARYA|SP|1,1
Q16674|EUKARYA|SP|1,1
P81446|EUKARYA|SP|2,1
P55847|EUKARYA|SP|1,1
Q9NL39|EUKARYA|SP|1,1
P48740|EUKARYA|SP|1,1
P30659|EUKARYA|SP|1,1
P19999|EUKARYA|SP|0,1
P20774|EUKARYA|SP|1,1
P61870|EUKARYA|SP|1,1
Q800Y2|EUKARYA|SP|2,1
Q5U9S1|EUKARYA|SP|0,1
Q9XSW3|EUKARYA|SP|0,1
P83636|EUKARYA|SP|1,1
B0FHH8|EUKARYA|SP|1,1
P43174|EUKARYA|SP|1,1
P07507|EUKARYA|SP|2,1
P22894|EUKARYA|SP|1,1
P14780|EUKARYA|SP|0,1
P21741|EUKARYA|SP|0,1
P82683|EUKARYA|SP|2,1
Q8X150|EUKARYA|SP|2,1
Q9ES58|EUKARYA|SP|1,1
Q90611|EUKARYA|SP|0,1
Q8UUG0|EUKARYA|SP|1,1
P45452|EUKARYA|SP|1,1
O18330|EUKARYA|SP|2,1
P01307|EUKARYA|SP|1,1
O77061|EUKARYA|SP|2,1
A1BQQ5|EUKARYA|SP|1,1
Q17060|EUKARYA|SP|2,1
A7VN13|EUKARYA|SP|1,1
P08118|EUKARYA|SP|1,1
Q9QXU1|EUKARYA|SP|2,1
Q59XX2|EUKARYA|SP|2,1
P86872|EUKARYA|SP|1,1
A7VN14|EUKARYA|SP|1,1
Q8UUG2|EUKARYA|SP|1,1
P25289|EUKARYA|SP|1,1
Q86LE5|EUKARYA|SP|2,1
Q6UWV2|EUKARYA|SP|2,1
Q8WML4|EUKARYA|SP|2,1
P28665|EUKARYA|SP|2,1
P02761|EUKARYA|SP|2,1
P82103|EUKARYA|SP|2,1
P17050|EUKARYA|SP|1,1
P41271|EUKARYA|SP|1,1
Q8MMJ7|EUKARYA|SP|2,1
Q94EG3|EUKARYA|SP|0,1
P29241|EUKARYA|SP|1,1
P31836|EUKARYA|SP|2,1
P01180|EUKARYA|SP|0,1
Q9UK23|EUKARYA|SP|1,1
P13595|EUKARYA|SP|2,1
P01178|EUKARYA|SP|0,1
P01179|EUKARYA|SP|0,1
P10975|EUKARYA|SP|0,1
P10493|EUKARYA|SP|0,1
P33183|EUKARYA|SP|0,1
P83313|EUKARYA|SP|1,1
G8YYA6|EUKARYA|SP|1,1
C5J887|EUKARYA|SP|2,1
F1AWB0|EUKARYA|SP|1,1
P86407|EUKARYA|SP|1,1
P13389|EUKARYA|SP|0,1
P01185|EUKARYA|SP|0,1
Q99519|EUKARYA|SP|1,1
A0AT29|EUKARYA|SP|0,1
Q9Z0J8|EUKARYA|SP|1,1
E6Y8S8|EUKARYA|SP|0,1
P12670|EUKARYA|SP|2,1
O42414|EUKARYA|SP|1,1
P61916|EUKARYA|SP|0,1
P01183|EUKARYA|SP|0,1
P80188|EUKARYA|SP|2,1
A0A0A1I6N9|EUKARYA|SP|1,1
A0AT32|EUKARYA|SP|0,1
P10673|EUKARYA|SP|1,1
P07597|EUKARYA|SP|0,1
A8CG86|EUKARYA|SP|0,1
P23028|EUKARYA|SP|0,1
Q7ZTA8|EUKARYA|SP|0,1
Q6H3C8|EUKARYA|SP|0,1
P00623|EUKARYA|SP|0,1
Q8JIY9|EUKARYA|SP|0,1
Q2YHJ3|EUKARYA|SP|0,1
A8CG90|EUKARYA|SP|0,1
G9I930|EUKARYA|SP|0,1
Q6H3D6|EUKARYA|SP|0,1
Q6H3D5|EUKARYA|SP|0,1
Q2PWA3|EUKARYA|SP|0,1
B5U6Y4|EUKARYA|SP|0,1
P09466|EUKARYA|SP|2,1
P01302|EUKARYA|SP|0,1
A8CL69|EUKARYA|SP|1,1
Q01172|EUKARYA|SP|2,1
P03954|EUKARYA|SP|2,1
Q3L1D1|EUKARYA|SP|2,1
P79208|EUKARYA|SP|1,1
Q9VYX7|EUKARYA|SP|2,1
Q765P4|EUKARYA|SP|2,1
Q3YJT5|EUKARYA|SP|1,1
Q9UKZ9|EUKARYA|SP|0,1
P30101|EUKARYA|SP|0,1
P78733|EUKARYA|SP|2,1
P81498|EUKARYA|SP|2,1
P00433|EUKARYA|SP|1,1
Q4W1I8|EUKARYA|SP|1,1
P07897|EUKARYA|SP|1,1
Q8WP90|EUKARYA|SP|2,1
P09102|EUKARYA|SP|0,1
P38660|EUKARYA|SP|0,1
Q9N2D3|EUKARYA|SP|2,1
P20142|EUKARYA|SP|2,1
P15478|EUKARYA|SP|1,1
V5NC32|EUKARYA|SP|2,1
P07237|EUKARYA|SP|0,1
P08878|EUKARYA|SP|0,1
P0CAR9|EUKARYA|SP|0,1
P00625|EUKARYA|SP|0,1
P0CAS0|EUKARYA|SP|0,1
F8QN53|EUKARYA|SP|0,1
Q2YHJ6|EUKARYA|SP|0,1
Q7ZTA7|EUKARYA|SP|0,1
Q8QG87|EUKARYA|SP|0,1
Q8AXY1|EUKARYA|SP|0,1
P00624|EUKARYA|SP|0,1
Q98996|EUKARYA|SP|0,1
A8CG89|EUKARYA|SP|0,1
P0DJJ9|EUKARYA|SP|0,1
Q90Y77|EUKARYA|SP|0,1
Q6EER4|EUKARYA|SP|0,1
P31854|EUKARYA|SP|0,1
Q3HLQ4|EUKARYA|SP|0,1
Q2YHJ8|EUKARYA|SP|0,1
Q6H3D2|EUKARYA|SP|0,1
Q95VE9|EUKARYA|SP|1,1
Q3L245|EUKARYA|SP|2,1
P19136|EUKARYA|SP|2,1
P08721|EUKARYA|SP|2,1
G8XQX1|EUKARYA|SP|2,1
J7H670|EUKARYA|SP|2,1
P83632|EUKARYA|SP|1,1
Q7ZTA6|EUKARYA|SP|0,1
D0UGJ0|EUKARYA|SP|0,1
P62023|EUKARYA|SP|0,1
P0DJJ8|EUKARYA|SP|0,1
P14555|EUKARYA|SP|0,1
P01299|EUKARYA|SP|0,1
P34174|EUKARYA|SP|1,1
Q15084|EUKARYA|SP|0,1
P0DJD8|EUKARYA|SP|2,1
P0DJD9|EUKARYA|SP|2,1
P35355|EUKARYA|SP|1,1
P80284|EUKARYA|SP|0,1
P84516|EUKARYA|SP|2,1
Q8W257|EUKARYA|SP|2,1
Q8NBL1|EUKARYA|SP|2,1
Q8VCS0|EUKARYA|SP|1,1
O76537|EUKARYA|SP|2,1
Q01129|EUKARYA|SP|2,1
P80109|EUKARYA|SP|1,1
P10720|EUKARYA|SP|0,1
Q9BX93|EUKARYA|SP|1,1
P34752|EUKARYA|SP|0,1
Q03178|EUKARYA|SP|0,1
Q96S96|EUKARYA|SP|2,1
Q4W1I9|EUKARYA|SP|1,1
Q9XIV8|EUKARYA|SP|1,1
P34095|EUKARYA|SP|0,1
Q07831|EUKARYA|SP|0,1
P05117|EUKARYA|SP|1,1
P47853|EUKARYA|SP|2,1
Q56S59|EUKARYA|SP|2,1
P16112|EUKARYA|SP|1,1
Q765P3|EUKARYA|SP|2,1
Q9XTN0|EUKARYA|SP|2,1
Q8GT41|EUKARYA|SP|2,1
P97535|EUKARYA|SP|2,1
Q9GL30|EUKARYA|SP|0,1
A1XRN2|EUKARYA|SP|0,1
Q08481|EUKARYA|SP|1,1
P22864|EUKARYA|SP|2,1
O00092|EUKARYA|SP|0,1
Q25255|EUKARYA|SP|2,1
O00100|EUKARYA|SP|0,1
P12273|EUKARYA|SP|1,1
P81941|EUKARYA|SP|2,1
P02776|EUKARYA|SP|0,1
Q9LLT1|EUKARYA|SP|1,1
P80463|EUKARYA|SP|2,1
Q96PD5|EUKARYA|SP|1,1
Q90ZY0|EUKARYA|SP|2,1
P56513|EUKARYA|SP|2,1
P83326|EUKARYA|SP|1,1
Q9PWI4|EUKARYA|SP|1,1
P82143|EUKARYA|SP|1,1
P29288|EUKARYA|SP|1,1
O57690|EUKARYA|SP|1,1
Q6UXB8|EUKARYA|SP|0,1
P81294|EUKARYA|SP|1,1
P49259|EUKARYA|SP|2,1
Q9PWI3|EUKARYA|SP|1,1
P06867|EUKARYA|SP|1,1
Q868Z9|EUKARYA|SP|2,1
P45478|EUKARYA|SP|1,1
Q09131|EUKARYA|SP|1,1
P33579|EUKARYA|SP|2,1
Q949Y3|EUKARYA|SP|1,1
Q01682|EUKARYA|SP|1,1
P19111|EUKARYA|SP|2,1
Q29486|EUKARYA|SP|2,1
P34207|EUKARYA|SP|2,1
Q9HC23|EUKARYA|SP|0,1
P09487|EUKARYA|SP|2,1
P09586|EUKARYA|SP|2,1
P13727|EUKARYA|SP|2,1
P02810|EUKARYA|SP|0,1
Q6UWY2|EUKARYA|SP|2,1
P29523|EUKARYA|SP|1,1
P04925|EUKARYA|SP|0,1
P82144|EUKARYA|SP|1,1
P06868|EUKARYA|SP|1,1
P54660|EUKARYA|SP|0,1
P51740|EUKARYA|SP|2,1
P10163|EUKARYA|SP|0,1
Q13162|EUKARYA|SP|0,1
P09319|EUKARYA|SP|2,1
P09584|EUKARYA|SP|2,1
P09585|EUKARYA|SP|2,1
P17572|EUKARYA|SP|2,1
P01237|EUKARYA|SP|2,1
P15693|EUKARYA|SP|2,1
P05186|EUKARYA|SP|2,1
P01270|EUKARYA|SP|1,1
P09318|EUKARYA|SP|2,1
P02782|EUKARYA|SP|2,1
Q7YSJ4|EUKARYA|SP|2,1
Q968Z6|EUKARYA|SP|2,1
P41222|EUKARYA|SP|2,1
P01269|EUKARYA|SP|1,1
P01239|EUKARYA|SP|2,1
P12729|EUKARYA|SP|1,1
P09923|EUKARYA|SP|2,1
P10279|EUKARYA|SP|0,1
P48096|EUKARYA|SP|2,1
P35495|EUKARYA|SP|0,1
Q3YJT3|EUKARYA|SP|1,1
P0C8G6|EUKARYA|SP|1,1
Q42502|EUKARYA|SP|1,1
Q99969|EUKARYA|SP|1,1
Q28173|EUKARYA|SP|1,1
P25031|EUKARYA|SP|2,1
Q7SZI7|EUKARYA|SP|1,1
Q9TRM8|EUKARYA|SP|0,1
P10745|EUKARYA|SP|1,1
O09049|EUKARYA|SP|2,1
Q8WXF3|EUKARYA|SP|0,1
P02752|EUKARYA|SP|1,1
P86009|EUKARYA|SP|1,1
P04916|EUKARYA|SP|0,1
P00797|EUKARYA|SP|1,1
P21326|EUKARYA|SP|1,1
P33185|EUKARYA|SP|0,1
Q5F0I3|EUKARYA|SP|0,1
P98184|EUKARYA|SP|0,1
P06281|EUKARYA|SP|1,1
P10153|EUKARYA|SP|2,1
P00683|EUKARYA|SP|2,1
P00652|EUKARYA|SP|1,1
P39873|EUKARYA|SP|2,1
P00669|EUKARYA|SP|2,1
P61823|EUKARYA|SP|2,1
P60153|EUKARYA|SP|1,1
P11916|EUKARYA|SP|2,1
P10282|EUKARYA|SP|1,1
P80022|EUKARYA|SP|1,1
P67875|EUKARYA|SP|1,1
P83618|EUKARYA|SP|1,1
P00651|EUKARYA|SP|1,1
P07998|EUKARYA|SP|2,1
P34096|EUKARYA|SP|2,1
Q7M438|EUKARYA|SP|1,1
A5HAK0|EUKARYA|SP|2,1
P42813|EUKARYA|SP|1,1
O80323|EUKARYA|SP|1,1
P04844|EUKARYA|SP|1,1
P10281|EUKARYA|SP|0,1
Q9UAC9|EUKARYA|SP|0,1
Q9NBW2|EUKARYA|SP|0,1
Q5MJP5|EUKARYA|SP|0,1
Q86SE0|EUKARYA|SP|0,1
P45662|EUKARYA|SP|0,1
Q8WRY4|EUKARYA|SP|0,1
Q9NPR2|EUKARYA|SP|0,1
Q9H3T3|EUKARYA|SP|0,1
Q6UW10|EUKARYA|SP|2,1
P35248|EUKARYA|SP|0,1
O75556|EUKARYA|SP|1,1
O61668|EUKARYA|SP|0,1
P56637|EUKARYA|SP|0,1
P04148|EUKARYA|SP|1,1
E2DQZ6|EUKARYA|SP|2,1
Q4PRD1|EUKARYA|SP|2,1
I7ICN3|EUKARYA|SP|2,1
Q5FZI5|EUKARYA|SP|2,1
O76192|EUKARYA|SP|0,1
P04557|EUKARYA|SP|1,1
Q28862|EUKARYA|SP|1,1
W5XCJ6|EUKARYA|SP|2,1
P02784|EUKARYA|SP|1,1
O95968|EUKARYA|SP|2,1
P02780|EUKARYA|SP|1,1
P42579|EUKARYA|SP|1,1
Q26292|EUKARYA|SP|0,1
Q8JIW1|EUKARYA|SP|2,1
P01492|EUKARYA|SP|0,1
P60212|EUKARYA|SP|0,1
P01494|EUKARYA|SP|0,1
P60213|EUKARYA|SP|0,1
P45663|EUKARYA|SP|0,1
P01491|EUKARYA|SP|0,1
O62605|EUKARYA|SP|1,1
Q96HF1|EUKARYA|SP|1,1
G4V4F9|EUKARYA|SP|2,1
Q9SU40|EUKARYA|SP|1,1
Q56EB0|EUKARYA|SP|2,1
P97430|EUKARYA|SP|0,1
P10813|EUKARYA|SP|0,1
P23807|EUKARYA|SP|2,1
Q96DU3|EUKARYA|SP|1,1
Q7T2Q0|EUKARYA|SP|2,1
Q9DEA2|EUKARYA|SP|2,1
P13432|EUKARYA|SP|0,1
Q6UWI4|EUKARYA|SP|0,1
P19855|EUKARYA|SP|0,1
Q7TMF5|EUKARYA|SP|1,1
Q92765|EUKARYA|SP|0,1
Q6X5T3|EUKARYA|SP|2,1
P23806|EUKARYA|SP|2,1
Q8AV97|EUKARYA|SP|2,1
Q9UIB8|EUKARYA|SP|1,1
O93426|EUKARYA|SP|2,1
Q7T2Q1|EUKARYA|SP|2,1
Q9IAM1|EUKARYA|SP|2,1
Q8AV98|EUKARYA|SP|2,1
Q9YI92|EUKARYA|SP|2,1
D1MGU1|EUKARYA|SP|2,1
Q7T045|EUKARYA|SP|2,1
Q696W1|EUKARYA|SP|2,1
O43278|EUKARYA|SP|0,1
Q8IUH8|EUKARYA|SP|1,1
P08375|EUKARYA|SP|2,1
P34746|EUKARYA|SP|0,1
P51688|EUKARYA|SP|2,1
O77091|EUKARYA|SP|0,1
Q38L02|EUKARYA|SP|2,1
O93427|EUKARYA|SP|2,1
Q9YGN4|EUKARYA|SP|2,1
E2DQZ5|EUKARYA|SP|2,1
Q6TPH0|EUKARYA|SP|2,1
Q9BQB4|EUKARYA|SP|1,1
Q56EB1|EUKARYA|SP|2,1
W5XDM0|EUKARYA|SP|2,1
Q4PRD2|EUKARYA|SP|2,1
I7JUQ0|EUKARYA|SP|2,1
Q5FZI6|EUKARYA|SP|2,1
P10298|EUKARYA|SP|0,1
Q27022|EUKARYA|SP|1,1
P15270|EUKARYA|SP|1,1
P01497|EUKARYA|SP|0,1
Q95WX6|EUKARYA|SP|0,1
Q9YGN5|EUKARYA|SP|2,1
Q92154|EUKARYA|SP|1,1
P02814|EUKARYA|SP|0,1
P01170|EUKARYA|SP|2,1
P08899|EUKARYA|SP|0,1
P01245|EUKARYA|SP|0,1
P01241|EUKARYA|SP|0,1
P21919|EUKARYA|SP|1,1
P01242|EUKARYA|SP|0,1
P33093|EUKARYA|SP|0,1
P01248|EUKARYA|SP|0,1
P20362|EUKARYA|SP|1,1
P23502|EUKARYA|SP|1,1
Q9NQ25|EUKARYA|SP|0,1
D1MGU0|EUKARYA|SP|2,1
Q9DEA1|EUKARYA|SP|2,1
Q41358|EUKARYA|SP|0,1
P10607|EUKARYA|SP|0,1
Q6X4U4|EUKARYA|SP|1,1
P07759|EUKARYA|SP|0,1
P16225|EUKARYA|SP|2,1
Q27967|EUKARYA|SP|1,1
P15589|EUKARYA|SP|2,1
Q8TCT8|EUKARYA|SP|1,1
P10124|EUKARYA|SP|2,1
P52823|EUKARYA|SP|1,1
P08842|EUKARYA|SP|2,1
P16975|EUKARYA|SP|0,1
B3STN5|EUKARYA|SP|1,1
P29392|EUKARYA|SP|0,1
P08376|EUKARYA|SP|2,1
P60042|EUKARYA|SP|2,1
P02808|EUKARYA|SP|1,1
Q8T9R8|EUKARYA|SP|2,1
P18417|EUKARYA|SP|1,1
Q6T6C1|EUKARYA|SP|1,1
P81370|EUKARYA|SP|2,1
Q15399|EUKARYA|SP|1,1
O15455|EUKARYA|SP|0,1
O00206|EUKARYA|SP|1,1
P35625|EUKARYA|SP|0,1
O80327|EUKARYA|SP|2,1
Q9BX74|EUKARYA|SP|1,1
P54837|EUKARYA|SP|1,1
Q96BF3|EUKARYA|SP|1,1
P07204|EUKARYA|SP|2,1
P02789|EUKARYA|SP|2,1
P30120|EUKARYA|SP|0,1
P25942|EUKARYA|SP|1,1
P27654|EUKARYA|SP|2,1
O60602|EUKARYA|SP|0,1
O95407|EUKARYA|SP|2,1
P16368|EUKARYA|SP|0,1
P26652|EUKARYA|SP|0,1
Q5I0E7|EUKARYA|SP|1,1
Q9U8W7|EUKARYA|SP|1,1
Q9U8W8|EUKARYA|SP|1,1
P00750|EUKARYA|SP|1,1
O14798|EUKARYA|SP|1,1
P22297|EUKARYA|SP|1,1
O14773|EUKARYA|SP|2,1
Q9BX59|EUKARYA|SP|2,1
O14763|EUKARYA|SP|1,1
P98066|EUKARYA|SP|1,1
Q9NQ34|EUKARYA|SP|1,1
P32802|EUKARYA|SP|1,1
P32358|EUKARYA|SP|1,1
P12346|EUKARYA|SP|2,1
P24627|EUKARYA|SP|2,1
P14632|EUKARYA|SP|2,1
Q02942|EUKARYA|SP|1,1
P42705|EUKARYA|SP|2,1
Q9UBN6|EUKARYA|SP|1,1
Q92956|EUKARYA|SP|1,1
Q9NS68|EUKARYA|SP|1,1
P20334|EUKARYA|SP|1,1
O00300|EUKARYA|SP|1,1
P19134|EUKARYA|SP|2,1
P08582|EUKARYA|SP|2,1
Q4V645|EUKARYA|SP|1,1
P50694|EUKARYA|SP|2,1
E7BLC7|EUKARYA|SP|0,1
Q4LCS9|EUKARYA|SP|0,1
O46168|EUKARYA|SP|1,1
P01223|EUKARYA|SP|2,1
P37240|EUKARYA|SP|2,1
Q4LCS8|EUKARYA|SP|0,1
C0K3N1|EUKARYA|SP|0,1
P01222|EUKARYA|SP|2,1
P55955|EUKARYA|SP|2,1
O46166|EUKARYA|SP|1,1
I6S7G5|EUKARYA|SP|1,1
P01224|EUKARYA|SP|2,1
P31779|EUKARYA|SP|0,1
P07477|EUKARYA|SP|2,1
G5ED35|EUKARYA|SP|1,1
Q924B5|EUKARYA|SP|2,1
Q29616|EUKARYA|SP|0,1
Q9P2K2|EUKARYA|SP|1,1
P67861|EUKARYA|SP|0,1
P00760|EUKARYA|SP|2,1
P35441|EUKARYA|SP|1,1
P19425|EUKARYA|SP|0,1
P0DMD3|EUKARYA|SP|1,1
P08541|EUKARYA|SP|1,1
Q9JLA3|EUKARYA|SP|1,1
P81828|EUKARYA|SP|2,1
Q03405|EUKARYA|SP|2,1
Q28388|EUKARYA|SP|2,1
Q4LCT0|EUKARYA|SP|0,1
O46167|EUKARYA|SP|1,1
I6RU32|EUKARYA|SP|1,1
I6RA76|EUKARYA|SP|1,1
P0C293|EUKARYA|SP|0,1
Q9JMI7|EUKARYA|SP|2,1
Q09332|EUKARYA|SP|1,1
P36511|EUKARYA|SP|1,1
P21814|EUKARYA|SP|1,1
P35777|EUKARYA|SP|1,1
P35759|EUKARYA|SP|0,1
P00749|EUKARYA|SP|2,1
P15691|EUKARYA|SP|0,1
P16612|EUKARYA|SP|0,1
Q99ML8|EUKARYA|SP|1,1
Q09140|EUKARYA|SP|1,1
P81827|EUKARYA|SP|2,1
Q16927|EUKARYA|SP|1,1
Q589G4|EUKARYA|SP|0,1
I2C090|EUKARYA|SP|2,1
P15692|EUKARYA|SP|0,1
P0DL40|EUKARYA|SP|1,1
P00992|EUKARYA|SP|0,1
Q6T6T5|EUKARYA|SP|0,1
Q7T2Q6|EUKARYA|SP|0,1
P35778|EUKARYA|SP|0,1
Q27309|EUKARYA|SP|1,1
B2G331|EUKARYA|SP|0,1
C1IC53|EUKARYA|SP|0,1
Q6UX27|EUKARYA|SP|2,1
P48819|EUKARYA|SP|2,1
P86870|EUKARYA|SP|0,1
P19320|EUKARYA|SP|1,1
Q7TQN3|EUKARYA|SP|1,1
O76076|EUKARYA|SP|0,1
P00987|EUKARYA|SP|0,1
P04276|EUKARYA|SP|2,1
P22458|EUKARYA|SP|2,1
P29788|EUKARYA|SP|2,1
O64393|EUKARYA|SP|0,1
P84843|EUKARYA|SP|2,1
P42660|EUKARYA|SP|1,1
P02896|EUKARYA|SP|1,1
P02774|EUKARYA|SP|2,1
Q8WQK0|EUKARYA|SP|1,1
Q9Z0K8|EUKARYA|SP|2,1
P83234|EUKARYA|SP|1,1
P18709|EUKARYA|SP|1,1
Q8T0W4|EUKARYA|SP|0,1
P00989|EUKARYA|SP|0,1
P0C1X2|EUKARYA|SP|0,1
P0DMJ5|EUKARYA|SP|0,1
P21614|EUKARYA|SP|2,1
Q6YDN9|EUKARYA|SP|1,1
O64392|EUKARYA|SP|0,1
Q2PGY1|EUKARYA|SP|2,1
Q9Y279|EUKARYA|SP|2,1
P93484|EUKARYA|SP|1,1
Q8J0K5|EUKARYA|SP|2,1
Q53NL5|EUKARYA|SP|2,1
P33559|EUKARYA|SP|2,1
P01889|EUKARYA|SP|0,1
P03989|EUKARYA|SP|0,1
P60615|EUKARYA|SP|0,1
P58370|EUKARYA|SP|0,1
Q45Z11|EUKARYA|SP|0,1
G5EC68|EUKARYA|SP|2,1
Q63180|EUKARYA|SP|1,1
Q7M3V1|EUKARYA|SP|1,1
P01379|EUKARYA|SP|0,1
C1IC49|EUKARYA|SP|0,1
A2CKF7|EUKARYA|SP|0,1
P28335|EUKARYA|SP|1,1
P02763|EUKARYA|SP|1,1
Q03044|EUKARYA|SP|0,1
P33487|EUKARYA|SP|1,1
P12820|EUKARYA|SP|0,1
P10457|EUKARYA|SP|0,1
C1IC48|EUKARYA|SP|0,1
P01443|EUKARYA|SP|0,1
Q9PUB7|EUKARYA|SP|0,1
C6JUP3|EUKARYA|SP|0,1
F5CPE3|EUKARYA|SP|0,1
P22325|EUKARYA|SP|0,1
P12725|EUKARYA|SP|0,1
P08697|EUKARYA|SP|0,1
P09479|EUKARYA|SP|2,1
P82662|EUKARYA|SP|0,1
P01398|EUKARYA|SP|0,1
A2CKF6|EUKARYA|SP|0,1
Q9PW19|EUKARYA|SP|0,1
P25497|EUKARYA|SP|0,1
P19959|EUKARYA|SP|0,1
C1IC47|EUKARYA|SP|0,1
F5CPD5|EUKARYA|SP|0,1
P0C554|EUKARYA|SP|0,1
F5CPE0|EUKARYA|SP|0,1
Q8RVH5|EUKARYA|SP|2,1
Q63041|EUKARYA|SP|2,1
P58154|EUKARYA|SP|1,1
P60616|EUKARYA|SP|0,1
P01384|EUKARYA|SP|0,1
Q53B58|EUKARYA|SP|0,1
Q8JFX7|EUKARYA|SP|0,1
P21589|EUKARYA|SP|2,1
P05408|EUKARYA|SP|1,1
E3W9M2|EUKARYA|SP|2,1
P15450|EUKARYA|SP|1,1
P04058|EUKARYA|SP|0,1
Q8I948|EUKARYA|SP|0,1
Q39649|EUKARYA|SP|1,1
F5CPD8|EUKARYA|SP|0,1
Q8QGR0|EUKARYA|SP|0,1
P22922|EUKARYA|SP|1,1
P01009|EUKARYA|SP|0,1
P42256|EUKARYA|SP|1,1
P01891|EUKARYA|SP|0,1
B2BRQ5|EUKARYA|SP|0,1
O42257|EUKARYA|SP|0,1
Q9W7J5|EUKARYA|SP|0,1
Q9YGI4|EUKARYA|SP|0,1
P01412|EUKARYA|SP|0,1
F5CPD6|EUKARYA|SP|0,1
P01404|EUKARYA|SP|0,1
P0C552|EUKARYA|SP|0,1
Q76FP5|EUKARYA|SP|0,1
Q8NK90|EUKARYA|SP|2,1
Q04826|EUKARYA|SP|0,1
Q53B59|EUKARYA|SP|0,1
P81783|EUKARYA|SP|0,1
F5CPE4|EUKARYA|SP|0,1
P60770|EUKARYA|SP|0,1
P80958|EUKARYA|SP|0,1
O73856|EUKARYA|SP|0,1
P18329|EUKARYA|SP|0,1
P0C553|EUKARYA|SP|0,1
P0DKR6|EUKARYA|SP|0,1
P05067|EUKARYA|SP|2,1
Q9YGJ0|EUKARYA|SP|0,1
P68416|EUKARYA|SP|0,1
P10459|EUKARYA|SP|0,1
Q7T2I5|EUKARYA|SP|0,1
P60304|EUKARYA|SP|0,1
O73857|EUKARYA|SP|0,1
Q69CK0|EUKARYA|SP|0,1
P18328|EUKARYA|SP|0,1
P01165|EUKARYA|SP|1,1
P02750|EUKARYA|SP|1,1
P42254|EUKARYA|SP|2,1
U6A629|EUKARYA|SP|2,1
P04229|EUKARYA|SP|1,1
P01911|EUKARYA|SP|1,1
P19594|EUKARYA|SP|1,1
P60775|EUKARYA|SP|0,1
P60302|EUKARYA|SP|0,1
P80245|EUKARYA|SP|0,1
F5CPE2|EUKARYA|SP|0,1
F5CPD3|EUKARYA|SP|0,1
Q53B47|EUKARYA|SP|0,1
P07692|EUKARYA|SP|0,1
P12822|EUKARYA|SP|0,1
P02710|EUKARYA|SP|2,1
Q15848|EUKARYA|SP|0,1
P15228|EUKARYA|SP|0,1
P43652|EUKARYA|SP|2,1
Q03383|EUKARYA|SP|1,1
P22770|EUKARYA|SP|2,1
P08001|EUKARYA|SP|1,1
U6BLZ9|EUKARYA|SP|1,1
Q9C0Y4|EUKARYA|SP|1,1
Q9LYF6|EUKARYA|SP|0,1
Q84V39|EUKARYA|SP|1,1
Q42656|EUKARYA|SP|1,1
P11218|EUKARYA|SP|0,1
Q9ZT16|EUKARYA|SP|0,1
Q3C258|EUKARYA|SP|1,1
P22327|EUKARYA|SP|2,1
P56526|EUKARYA|SP|1,1
Q9LVC0|EUKARYA|SP|0,1
Q9C5S0|EUKARYA|SP|0,1
Q90WJ8|EUKARYA|SP|2,1
Q99217|EUKARYA|SP|2,1
Q01117|EUKARYA|SP|1,1
P00688|EUKARYA|SP|1,1
Q60994|EUKARYA|SP|0,1
P29064|EUKARYA|SP|1,1
P02817|EUKARYA|SP|2,1
P83880|EUKARYA|SP|1,1
P01015|EUKARYA|SP|0,1
Q8I7X1|EUKARYA|SP|1,1
P02876|EUKARYA|SP|0,1
Q9STQ3|EUKARYA|SP|0,1
O88917|EUKARYA|SP|2,1
P55319|EUKARYA|SP|2,1
P61855|EUKARYA|SP|2,1
Q00855|EUKARYA|SP|2,1
Q965E2|EUKARYA|SP|2,1
P80915|EUKARYA|SP|1,1
P10152|EUKARYA|SP|2,1
Q9Z1K9|EUKARYA|SP|1,1
P13205|EUKARYA|SP|0,1
P01008|EUKARYA|SP|1,1
P08379|EUKARYA|SP|2,1
P18659|EUKARYA|SP|2,1
O82337|EUKARYA|SP|0,1
Q8TD06|EUKARYA|SP|1,1
P02769|EUKARYA|SP|2,1
P19121|EUKARYA|SP|2,1
P25404|EUKARYA|SP|1,1
Q9Y5C1|EUKARYA|SP|1,1
P01019|EUKARYA|SP|0,1
P18829|EUKARYA|SP|2,1
P67788|EUKARYA|SP|2,1
P35859|EUKARYA|SP|0,1
P41361|EUKARYA|SP|1,1
P02654|EUKARYA|SP|2,1
P19035|EUKARYA|SP|2,1
P02770|EUKARYA|SP|2,1
Q28989|EUKARYA|SP|1,1
P22952|EUKARYA|SP|0,1
P45561|EUKARYA|SP|2,1
P00690|EUKARYA|SP|1,1
P10762|EUKARYA|SP|2,1
P04639|EUKARYA|SP|2,1
Q3Y5Z3|EUKARYA|SP|0,1
P61312|EUKARYA|SP|0,1
Q63191|EUKARYA|SP|1,1
P28351|EUKARYA|SP|1,1
Q9SJY7|EUKARYA|SP|0,1
Q9Y653|EUKARYA|SP|1,1
P49278|EUKARYA|SP|2,1
P80391|EUKARYA|SP|0,1
P80392|EUKARYA|SP|0,1
P0C1B3|EUKARYA|SP|1,1
P01161|EUKARYA|SP|2,1
P20757|EUKARYA|SP|0,1
P09465|EUKARYA|SP|2,1
P19400|EUKARYA|SP|1,1
P56595|EUKARYA|SP|2,1
P02656|EUKARYA|SP|2,1
P02649|EUKARYA|SP|2,1
Q5XM24|EUKARYA|SP|1,1
E0D877|EUKARYA|SP|1,1
Q8MMH3|EUKARYA|SP|1,1
P04002|EUKARYA|SP|0,1
P06727|EUKARYA|SP|2,1
P02655|EUKARYA|SP|2,1
Q03472|EUKARYA|SP|2,1
B1P0S1|EUKARYA|SP|0,1
Q03352|EUKARYA|SP|1,1
P18657|EUKARYA|SP|2,1
P02648|EUKARYA|SP|2,1
P02749|EUKARYA|SP|2,1
O96559|EUKARYA|SP|1,1
Q99013|EUKARYA|SP|0,1
P14630|EUKARYA|SP|1,1
P19329|EUKARYA|SP|2,1
P00687|EUKARYA|SP|1,1
P01500|EUKARYA|SP|1,1
P24259|EUKARYA|SP|2,1
P03950|EUKARYA|SP|2,1
O43827|EUKARYA|SP|1,1
Q9U943|EUKARYA|SP|1,1
P15497|EUKARYA|SP|2,1
P17690|EUKARYA|SP|2,1
O14791|EUKARYA|SP|1,1
P02659|EUKARYA|SP|1,1
Q5GQ85|EUKARYA|SP|1,1
Q64HC7|EUKARYA|SP|0,1
Q17043|EUKARYA|SP|1,1
P15289|EUKARYA|SP|2,1
P14217|EUKARYA|SP|1,1
P83886|EUKARYA|SP|0,1
P24792|EUKARYA|SP|1,1
P14133|EUKARYA|SP|1,1
P20933|EUKARYA|SP|1,1
P80356|EUKARYA|SP|1,1
P21611|EUKARYA|SP|1,1
P01887|EUKARYA|SP|1,1
P0CX78|EUKARYA|SP|2,1
Q2A783|EUKARYA|SP|1,1
P07151|EUKARYA|SP|1,1
P09464|EUKARYA|SP|0,1
Q8JFQ0|EUKARYA|SP|0,1
Q10NX8|EUKARYA|SP|1,1
Q9NJ98|EUKARYA|SP|2,1
Q9NL89|EUKARYA|SP|2,1
P15703|EUKARYA|SP|1,1
Q5AMT2|EUKARYA|SP|1,1
P27919|EUKARYA|SP|2,1
Q5W280|EUKARYA|SP|0,1
Q86WA6|EUKARYA|SP|2,1
Q05928|EUKARYA|SP|2,1
Q23997|EUKARYA|SP|2,1
P15253|EUKARYA|SP|0,1
P17213|EUKARYA|SP|2,1
P31722|EUKARYA|SP|0,1
P24258|EUKARYA|SP|0,1
Q16790|EUKARYA|SP|0,1
Q9LXD6|EUKARYA|SP|1,1
Q9NR16|EUKARYA|SP|1,1
Q9BXJ0|EUKARYA|SP|0,1
P09871|EUKARYA|SP|1,1
Q6UX41|EUKARYA|SP|0,1
P30988|EUKARYA|SP|1,1
P14211|EUKARYA|SP|0,1
Q8JFE6|EUKARYA|SP|0,1
Q09117|EUKARYA|SP|1,1
Q9SR37|EUKARYA|SP|2,1
Q9LRC8|EUKARYA|SP|1,1
P13806|EUKARYA|SP|1,1
A3RF67|EUKARYA|SP|2,1
Q13145|EUKARYA|SP|1,1
P18892|EUKARYA|SP|0,1
P02746|EUKARYA|SP|0,1
Q9R100|EUKARYA|SP|2,1
P52193|EUKARYA|SP|0,1
P11839|EUKARYA|SP|2,1
P02668|EUKARYA|SP|1,1
P07221|EUKARYA|SP|2,1
P19204|EUKARYA|SP|2,1
P51868|EUKARYA|SP|2,1
P00736|EUKARYA|SP|1,1
P27797|EUKARYA|SP|0,1
P10562|EUKARYA|SP|2,1
P02663|EUKARYA|SP|2,1
P82187|EUKARYA|SP|1,1
P06797|EUKARYA|SP|2,1
B8JLQ9|EUKARYA|SP|1,1
Q6UWJ8|EUKARYA|SP|1,1
P04003|EUKARYA|SP|1,1
P18761|EUKARYA|SP|2,1
Q16602|EUKARYA|SP|1,1
P28491|EUKARYA|SP|0,1
P18626|EUKARYA|SP|2,1
P04653|EUKARYA|SP|2,1
P39037|EUKARYA|SP|2,1
P31235|EUKARYA|SP|2,1
P53634|EUKARYA|SP|2,1
P25796|EUKARYA|SP|2,1
Q800A0|EUKARYA|SP|2,1
P07154|EUKARYA|SP|2,1
P08185|EUKARYA|SP|0,1
Q64277|EUKARYA|SP|1,1
P20507|EUKARYA|SP|0,1
Q9MYV1|EUKARYA|SP|2,1
P07267|EUKARYA|SP|2,1
P02666|EUKARYA|SP|2,1
P02670|EUKARYA|SP|1,1
P02669|EUKARYA|SP|1,1
O42720|EUKARYA|SP|2,1
P09954|EUKARYA|SP|1,1
P18915|EUKARYA|SP|2,1
Q9GKK3|EUKARYA|SP|2,1
O09165|EUKARYA|SP|2,1
Q26636|EUKARYA|SP|2,1
P56202|EUKARYA|SP|2,1
Q39962|EUKARYA|SP|1,1
P31231|EUKARYA|SP|2,1
Q9NTU7|EUKARYA|SP|0,1
Q9PW66|EUKARYA|SP|0,1
P26729|EUKARYA|SP|1,1
Q76FB0|EUKARYA|SP|1,1
Q94K85|EUKARYA|SP|2,1
P31211|EUKARYA|SP|0,1
P15169|EUKARYA|SP|0,1
P08125|EUKARYA|SP|0,1
P17697|EUKARYA|SP|2,1
P02681|EUKARYA|SP|1,1
P42889|EUKARYA|SP|2,1
Q6PSU2|EUKARYA|SP|1,1
Q5DW47|EUKARYA|SP|1,1
P02703|EUKARYA|SP|2,1
P05371|EUKARYA|SP|2,1
P13671|EUKARYA|SP|1,1
Q00945|EUKARYA|SP|0,1
Q9GSA4|EUKARYA|SP|1,1
P23805|EUKARYA|SP|0,1
P02866|EUKARYA|SP|2,1
Q26377|EUKARYA|SP|1,1
Q07092|EUKARYA|SP|1,1
W1I921|EUKARYA|SP|1,1
P54107|EUKARYA|SP|0,1
Q7ZT99|EUKARYA|SP|0,1
Q8JI40|EUKARYA|SP|0,1
Q8JI39|EUKARYA|SP|0,1
P06207|EUKARYA|SP|2,1
Q9ZWA9|EUKARYA|SP|2,1
Q8T0Y7|EUKARYA|SP|1,1
Q9NZV1|EUKARYA|SP|0,1
Q8SXL2|EUKARYA|SP|0,1
P80098|EUKARYA|SP|0,1
Q29422|EUKARYA|SP|1,1
Q5ZPR3|EUKARYA|SP|2,1
P18181|EUKARYA|SP|1,1
Q14002|EUKARYA|SP|2,1
Q9Y0X9|EUKARYA|SP|2,1
P14661|EUKARYA|SP|1,1
P02662|EUKARYA|SP|2,1
P15156|EUKARYA|SP|1,1
P19633|EUKARYA|SP|2,1
P22362|EUKARYA|SP|0,1
P10147|EUKARYA|SP|0,1
O13547|EUKARYA|SP|2,1
P42292|EUKARYA|SP|0,1
O77541|EUKARYA|SP|2,1
P80067|EUKARYA|SP|2,1
Q8J0D2|EUKARYA|SP|2,1
P09955|EUKARYA|SP|1,1
P28906|EUKARYA|SP|1,1
P33681|EUKARYA|SP|1,1
P47710|EUKARYA|SP|2,1
P05814|EUKARYA|SP|2,1
Q805F3|EUKARYA|SP|2,1
P13500|EUKARYA|SP|0,1
P10855|EUKARYA|SP|0,1
A6P6V9|EUKARYA|SP|1,1
Q9BZW8|EUKARYA|SP|1,1
P15085|EUKARYA|SP|1,1
P15086|EUKARYA|SP|1,1
P13987|EUKARYA|SP|2,1
P31809|EUKARYA|SP|2,1
A0A0F7YZQ7|EUKARYA|SP|2,1
O89093|EUKARYA|SP|1,1
O00626|EUKARYA|SP|0,1
Q8WUJ3|EUKARYA|SP|1,1
Q6QD51|EUKARYA|SP|1,1
Q4V4I9|EUKARYA|SP|1,1
Q16663|EUKARYA|SP|1,1
Q9H5V8|EUKARYA|SP|1,1
Q28085|EUKARYA|SP|1,1
P08603|EUKARYA|SP|1,1
Q8SPQ0|EUKARYA|SP|2,1
P36222|EUKARYA|SP|2,1
Q16627|EUKARYA|SP|0,1
P13501|EUKARYA|SP|0,1
P06332|EUKARYA|SP|1,1
Q8N6Q3|EUKARYA|SP|2,1
P31358|EUKARYA|SP|1,1
O43866|EUKARYA|SP|0,1
P00450|EUKARYA|SP|1,1
Q556R7|EUKARYA|SP|1,1
Q27081|EUKARYA|SP|1,1
Q13231|EUKARYA|SP|2,1
Q99616|EUKARYA|SP|0,1
P97884|EUKARYA|SP|1,1
Q9Y4X3|EUKARYA|SP|2,1
Q12127|EUKARYA|SP|1,1
Q99467|EUKARYA|SP|1,1
P26842|EUKARYA|SP|1,1
P16303|EUKARYA|SP|0,1
Q62192|EUKARYA|SP|1,1
O62680|EUKARYA|SP|2,1
Q963A9|EUKARYA|SP|2,1
Q95M17|EUKARYA|SP|2,1
Q9SLP4|EUKARYA|SP|1,1
P06215|EUKARYA|SP|0,1
P29029|EUKARYA|SP|2,1
P11912|EUKARYA|SP|0,1
Q9Y0Y0|EUKARYA|SP|2,1
P14944|EUKARYA|SP|1,1
Q8VCT4|EUKARYA|SP|0,1
P29060|EUKARYA|SP|2,1
Q9FRV0|EUKARYA|SP|2,1
Q61400|EUKARYA|SP|2,1
P83403|EUKARYA|SP|2,1
Q25589|EUKARYA|SP|2,1
Q9Y240|EUKARYA|SP|2,1
P82290|EUKARYA|SP|2,1
P30922|EUKARYA|SP|2,1
Q29411|EUKARYA|SP|2,1
P29026|EUKARYA|SP|2,1
P24091|EUKARYA|SP|0,1
Q91XA9|EUKARYA|SP|2,1
O35744|EUKARYA|SP|2,1
O75596|EUKARYA|SP|2,1
P02466|EUKARYA|SP|0,1
P16619|EUKARYA|SP|0,1
Q86T13|EUKARYA|SP|2,1
Q8TDQ1|EUKARYA|SP|0,1
P10645|EUKARYA|SP|2,1
Q25154|EUKARYA|SP|2,1
P10909|EUKARYA|SP|2,1
P01024|EUKARYA|SP|2,1
P02462|EUKARYA|SP|0,1
P48747|EUKARYA|SP|1,1
P0DN86|EUKARYA|SP|2,1
P05059|EUKARYA|SP|2,1
P10354|EUKARYA|SP|2,1
P00794|EUKARYA|SP|2,1
Q6UWK7|EUKARYA|SP|0,1
P12024|EUKARYA|SP|1,1
Q9U572|EUKARYA|SP|1,1
P40199|EUKARYA|SP|2,1
Q7ZZN8|EUKARYA|SP|0,1
P08796|EUKARYA|SP|1,1
Q86IV5|EUKARYA|SP|1,1
P47796|EUKARYA|SP|2,1
Q8T4J9|EUKARYA|SP|1,1
Q8MUC5|EUKARYA|SP|0,1
Q8T0W1|EUKARYA|SP|1,1
P13611|EUKARYA|SP|1,1
Q9DF69|EUKARYA|SP|1,1
P86798|EUKARYA|SP|0,1
P28319|EUKARYA|SP|2,1
P02778|EUKARYA|SP|0,1
O95715|EUKARYA|SP|0,1
Q6WN34|EUKARYA|SP|2,1
F8S0Y4|EUKARYA|SP|0,1
Q91055|EUKARYA|SP|0,1
Q7ZT98|EUKARYA|SP|0,1
P21837|EUKARYA|SP|1,1
A0A0F7YYX3|EUKARYA|SP|1,1
P02742|EUKARYA|SP|1,1
Q8JGT9|EUKARYA|SP|0,1
P86797|EUKARYA|SP|0,1
P02775|EUKARYA|SP|1,1
P34998|EUKARYA|SP|0,1
Q96318|EUKARYA|SP|2,1
P06205|EUKARYA|SP|2,1
P52753|EUKARYA|SP|0,1
P09603|EUKARYA|SP|2,1
P85197|EUKARYA|SP|2,1
O14625|EUKARYA|SP|0,1
Q6UXB2|EUKARYA|SP|1,1
Q08738|EUKARYA|SP|1,1
P45590|EUKARYA|SP|1,1
P36438|EUKARYA|SP|2,1
Q9NRR1|EUKARYA|SP|0,1
P01036|EUKARYA|SP|0,1
Q6UX52|EUKARYA|SP|1,1
Q8T0W5|EUKARYA|SP|2,1
Q8MMH0|EUKARYA|SP|1,1
P07141|EUKARYA|SP|2,1
A7L036|EUKARYA|SP|1,1
P50228|EUKARYA|SP|0,1
O55038|EUKARYA|SP|0,1
Q7T1K6|EUKARYA|SP|0,1
Q7ZTA0|EUKARYA|SP|0,1
O94985|EUKARYA|SP|0,1
P85196|EUKARYA|SP|2,1
P42830|EUKARYA|SP|0,1
Q02862|EUKARYA|SP|2,1
P69770|EUKARYA|SP|1,1
P83400|EUKARYA|SP|0,1
P19876|EUKARYA|SP|0,1
P19313|EUKARYA|SP|0,1
P81534|EUKARYA|SP|0,1
Q60477|EUKARYA|SP|0,1
P06206|EUKARYA|SP|2,1
P02741|EUKARYA|SP|1,1
Q07203|EUKARYA|SP|1,1
P84805|EUKARYA|SP|0,1
B8AL97|EUKARYA|SP|1,1
Q8T0W2|EUKARYA|SP|0,1
Q9H1M4|EUKARYA|SP|1,1
P28325|EUKARYA|SP|0,1
P01037|EUKARYA|SP|0,1
P09228|EUKARYA|SP|0,1
P35481|EUKARYA|SP|0,1
P19427|EUKARYA|SP|1,1
P59665|EUKARYA|SP|0,1
P52013|EUKARYA|SP|0,1
P01038|EUKARYA|SP|0,1
P69241|EUKARYA|SP|2,1
P30230|EUKARYA|SP|2,1
Q8H6Q1|EUKARYA|SP|2,1
P46163|EUKARYA|SP|0,1
P46162|EUKARYA|SP|0,1
P30224|EUKARYA|SP|2,1
P26780|EUKARYA|SP|1,1
B5LZ79|EUKARYA|SP|2,1
Q43413|EUKARYA|SP|2,1
Q9SUQ8|EUKARYA|SP|1,1
O18998|EUKARYA|SP|0,1
Q8T0W8|EUKARYA|SP|1,1
Q55GS3|EUKARYA|SP|1,1
Q9NR61|EUKARYA|SP|1,1
Q01460|EUKARYA|SP|1,1
Q75WF2|EUKARYA|SP|1,1
P01909|EUKARYA|SP|2,1
P31429|EUKARYA|SP|1,1
P18684|EUKARYA|SP|2,1
O42446|EUKARYA|SP|0,1
P00533|EUKARYA|SP|2,1
P16444|EUKARYA|SP|1,1
Q62598|EUKARYA|SP|1,1
Q9M069|EUKARYA|SP|2,1
G9M8X1|EUKARYA|SP|1,1
F7J1C8|EUKARYA|SP|1,1
Q8NBI3|EUKARYA|SP|0,1
Q9UNE0|EUKARYA|SP|1,1
P01903|EUKARYA|SP|2,1
B0XRV0|EUKARYA|SP|1,1
Q61508|EUKARYA|SP|2,1
P01920|EUKARYA|SP|1,1
Q30154|EUKARYA|SP|1,1
P05305|EUKARYA|SP|2,1
O15197|EUKARYA|SP|2,1
P11919|EUKARYA|SP|1,1
Q5JNJ5|EUKARYA|SP|1,1
P15737|EUKARYA|SP|2,1
P22388|EUKARYA|SP|2,1
P20827|EUKARYA|SP|2,1
P98172|EUKARYA|SP|2,1
P32803|EUKARYA|SP|1,1
P21128|EUKARYA|SP|2,1
Q64610|EUKARYA|SP|1,1
P84039|EUKARYA|SP|1,1
Q6UW88|EUKARYA|SP|1,1
O97939|EUKARYA|SP|1,1
P25331|EUKARYA|SP|1,1
P12724|EUKARYA|SP|2,1
P19957|EUKARYA|SP|2,1
P04552|EUKARYA|SP|1,1
Q12396|EUKARYA|SP|1,1
P14625|EUKARYA|SP|1,1
Q8I817|EUKARYA|SP|1,1
P29320|EUKARYA|SP|2,1
Q63010|EUKARYA|SP|0,1
Q39688|EUKARYA|SP|1,1
P0C8E8|EUKARYA|SP|2,1
Q1ZYQ8|EUKARYA|SP|0,1
P58738|EUKARYA|SP|0,1
P28770|EUKARYA|SP|1,1
P15570|EUKARYA|SP|1,1
P81623|EUKARYA|SP|0,1
P12992|EUKARYA|SP|0,1
P43555|EUKARYA|SP|1,1
P10959|EUKARYA|SP|0,1
P23141|EUKARYA|SP|0,1
Q07154|EUKARYA|SP|0,1
P0C1Y5|EUKARYA|SP|0,1
P21760|EUKARYA|SP|2,1
P12337|EUKARYA|SP|0,1
Q8I034|EUKARYA|SP|0,1
P35501|EUKARYA|SP|0,1
P0C8E7|EUKARYA|SP|1,1
P35578|EUKARYA|SP|1,1
Q7SZN0|EUKARYA|SP|1,1
Q26427|EUKARYA|SP|2,1
P12318|EUKARYA|SP|0,1
P13599|EUKARYA|SP|0,1
O00602|EUKARYA|SP|0,1
O75636|EUKARYA|SP|0,1
P24090|EUKARYA|SP|2,1
P12314|EUKARYA|SP|2,1
O70165|EUKARYA|SP|0,1
Q96LA5|EUKARYA|SP|1,1
Q7L513|EUKARYA|SP|1,1
Q5KQS4|EUKARYA|SP|2,1
P02765|EUKARYA|SP|2,1
P02675|EUKARYA|SP|1,1
P05160|EUKARYA|SP|1,1
P23142|EUKARYA|SP|0,1
P98140|EUKARYA|SP|2,1
P55899|EUKARYA|SP|0,1
P02671|EUKARYA|SP|1,1
P00748|EUKARYA|SP|2,1
Q20224|EUKARYA|SP|1,1
Q05359|EUKARYA|SP|1,1
Q9HE18|EUKARYA|SP|0,1
P21781|EUKARYA|SP|1,1
Q8TAL6|EUKARYA|SP|1,1
Q9NSA1|EUKARYA|SP|1,1
Q41649|EUKARYA|SP|1,1
O43155|EUKARYA|SP|1,1
P37889|EUKARYA|SP|0,1
Q9GZV9|EUKARYA|SP|1,1
P12799|EUKARYA|SP|1,1
P02679|EUKARYA|SP|1,1
P04937|EUKARYA|SP|1,1
Q9NWM8|EUKARYA|SP|1,1
B8M9H9|EUKARYA|SP|0,1
P29695|EUKARYA|SP|2,1
P02771|EUKARYA|SP|2,1
Q5KQS1|EUKARYA|SP|2,1
P02702|EUKARYA|SP|2,1
P02672|EUKARYA|SP|1,1
P14448|EUKARYA|SP|1,1
P05790|EUKARYA|SP|1,1
P12319|EUKARYA|SP|2,1
P30440|EUKARYA|SP|2,1
P15516|EUKARYA|SP|1,1
P43077|EUKARYA|SP|1,1
P81492|EUKARYA|SP|2,1
P00738|EUKARYA|SP|1,1
P86875|EUKARYA|SP|1,1
P01743|EUKARYA|SP|0,1
P01817|EUKARYA|SP|0,1
P01780|EUKARYA|SP|0,1
Q25055|EUKARYA|SP|0,1
Q06576|EUKARYA|SP|0,1
Q17128|EUKARYA|SP|2,1
P04196|EUKARYA|SP|1,1
P01766|EUKARYA|SP|0,1
P01767|EUKARYA|SP|0,1
Q06575|EUKARYA|SP|0,1
Q06577|EUKARYA|SP|0,1
P01715|EUKARYA|SP|0,1
P05533|EUKARYA|SP|1,1
P12069|EUKARYA|SP|2,1
P61626|EUKARYA|SP|2,1
P67977|EUKARYA|SP|2,1
P84810|EUKARYA|SP|0,1
Q95P90|EUKARYA|SP|1,1
P01704|EUKARYA|SP|0,1
P80748|EUKARYA|SP|0,1
Q7YT16|EUKARYA|SP|2,1
P00697|EUKARYA|SP|2,1
P12068|EUKARYA|SP|2,1
P61629|EUKARYA|SP|2,1
P01231|EUKARYA|SP|2,1
P01699|EUKARYA|SP|0,1
O95711|EUKARYA|SP|1,1
Q9TW98|EUKARYA|SP|1,1
P01232|EUKARYA|SP|2,1
P83673|EUKARYA|SP|1,1
P00698|EUKARYA|SP|2,1
P48816|EUKARYA|SP|2,1
P16636|EUKARYA|SP|1,1
Q9JJS8|EUKARYA|SP|1,1
P11226|EUKARYA|SP|0,1
P22394|EUKARYA|SP|0,1
Q6UXK5|EUKARYA|SP|1,1
P08751|EUKARYA|SP|2,1
Q6IY74|EUKARYA|SP|2,1
Q05443|EUKARYA|SP|1,1
Q62813|EUKARYA|SP|1,1
P01701|EUKARYA|SP|0,1
P01706|EUKARYA|SP|0,1
P01717|EUKARYA|SP|0,1
P11941|EUKARYA|SP|2,1
P04421|EUKARYA|SP|2,1
P01229|EUKARYA|SP|2,1
O35806|EUKARYA|SP|1,1
P01700|EUKARYA|SP|0,1
P01709|EUKARYA|SP|0,1
P01718|EUKARYA|SP|0,1
O60449|EUKARYA|SP|1,1
O88188|EUKARYA|SP|1,1
Q01965|EUKARYA|SP|1,1
P31723|EUKARYA|SP|2,1
O48540|EUKARYA|SP|1,1
P55145|EUKARYA|SP|1,1
P04651|EUKARYA|SP|2,1
P01703|EUKARYA|SP|0,1
B3A003|EUKARYA|SP|1,1
Q9UAH3|EUKARYA|SP|1,1
P43121|EUKARYA|SP|1,1
P48765|EUKARYA|SP|1,1
Q8MI01|EUKARYA|SP|1,1
P15941|EUKARYA|SP|2,1
Q9BZM5|EUKARYA|SP|0,1
Q99972|EUKARYA|SP|1,1
P24330|EUKARYA|SP|0,1
P01477|EUKARYA|SP|0,1
A0A0A1I6E7|EUKARYA|SP|1,1
P11590|EUKARYA|SP|2,1
P10522|EUKARYA|SP|2,1
Q9D3H2|EUKARYA|SP|2,1
Q9PW68|EUKARYA|SP|0,1
O95157|EUKARYA|SP|1,1
Q8N0W4|EUKARYA|SP|1,1
Q9N4D8|EUKARYA|SP|1,1
P48745|EUKARYA|SP|0,1
Q9P121|EUKARYA|SP|1,1
O97763|EUKARYA|SP|0,1
P07808|EUKARYA|SP|0,1
P35331|EUKARYA|SP|1,1
Q63376|EUKARYA|SP|0,1
O14786|EUKARYA|SP|0,1
Q07310|EUKARYA|SP|2,1
Q63372|EUKARYA|SP|2,1
Q63373|EUKARYA|SP|0,1
P82007|EUKARYA|SP|0,1
Q27441|EUKARYA|SP|0,1
P14765|EUKARYA|SP|0,1
P34170|EUKARYA|SP|1,1
Q9Z0L3|EUKARYA|SP|2,1
P34171|EUKARYA|SP|1,1
Q9XYT4|EUKARYA|SP|1,1
P83371|EUKARYA|SP|2,1
F1NSM7|EUKARYA|SP|2,1
Q6UWY5|EUKARYA|SP|2,1
P25871|EUKARYA|SP|2,1
Q9Y2I2|EUKARYA|SP|1,1
P24021|EUKARYA|SP|1,1
A8QL58|EUKARYA|SP|2,1
P00592|EUKARYA|SP|0,1
P20474|EUKARYA|SP|0,1
P00626|EUKARYA|SP|0,1
Q805A2|EUKARYA|SP|0,1
Q9QXX3|EUKARYA|SP|0,1
P80963|EUKARYA|SP|0,1
A4VBF0|EUKARYA|SP|0,1
P0DKU2|EUKARYA|SP|1,1
P31418|EUKARYA|SP|1,1
Q3V1G4|EUKARYA|SP|2,1
P31420|EUKARYA|SP|1,1
P23515|EUKARYA|SP|0,1
Q6IWZ0|EUKARYA|SP|1,1
P45881|EUKARYA|SP|0,1
Q1RP78|EUKARYA|SP|0,1
Q02471|EUKARYA|SP|0,1
A6MEY4|EUKARYA|SP|0,1
P49121|EUKARYA|SP|0,1
Q6H3D4|EUKARYA|SP|0,1
Q8UVZ7|EUKARYA|SP|0,1
P34180|EUKARYA|SP|0,1
Q90W39|EUKARYA|SP|0,1
Q1ZY03|EUKARYA|SP|0,1
P14423|EUKARYA|SP|0,1
P00616|EUKARYA|SP|0,1
Q07081|EUKARYA|SP|1,1
P14170|EUKARYA|SP|2,1
P20740|EUKARYA|SP|1,1
P06859|EUKARYA|SP|0,1
P20476|EUKARYA|SP|0,1
Q2PG81|EUKARYA|SP|0,1
P24027|EUKARYA|SP|0,1
Q6EER2|EUKARYA|SP|0,1
Q71QE8|EUKARYA|SP|0,1
Q2YHJ7|EUKARYA|SP|0,1
Q6JK69|EUKARYA|SP|0,1
P81418|EUKARYA|SP|1,1
Q8NCC3|EUKARYA|SP|0,1
A8CG78|EUKARYA|SP|0,1
Q6H3D0|EUKARYA|SP|0,1
Q6H3C7|EUKARYA|SP|0,1
A8CG82|EUKARYA|SP|0,1
P24605|EUKARYA|SP|0,1
Q8UVU7|EUKARYA|SP|0,1
Q2YHJ4|EUKARYA|SP|0,1
O57385|EUKARYA|SP|0,1
P48439|EUKARYA|SP|1,1
P26202|EUKARYA|SP|1,1
A2VBC4|EUKARYA|SP|1,1
A2AEP0|EUKARYA|SP|2,1
P31419|EUKARYA|SP|1,1
P08937|EUKARYA|SP|2,1
Q9NRC9|EUKARYA|SP|1,1
Q60557|EUKARYA|SP|2,1
A8QL52|EUKARYA|SP|2,1
P81383|EUKARYA|SP|2,1
Q96FE7|EUKARYA|SP|1,1
Q02795|EUKARYA|SP|1,1
P31096|EUKARYA|SP|2,1
P81382|EUKARYA|SP|2,1
P56742|EUKARYA|SP|2,1
Q96RQ9|EUKARYA|SP|2,1
P26203|EUKARYA|SP|1,1
P18959|EUKARYA|SP|1,1
P41543|EUKARYA|SP|1,1
X2JCV5|EUKARYA|SP|2,1
Q90W54|EUKARYA|SP|2,1
Q8T113|EUKARYA|SP|1,1
P31100|EUKARYA|SP|0,1
Q7T2R1|EUKARYA|SP|0,1
Q2HZ28|EUKARYA|SP|0,1
P18998|EUKARYA|SP|0,1
A8E2V8|EUKARYA|SP|0,1
P13083|EUKARYA|SP|0,1
Q9Y5H9|EUKARYA|SP|2,1
Q91XZ4|EUKARYA|SP|2,1
Q91XZ2|EUKARYA|SP|2,1
P63090|EUKARYA|SP|0,1
P0C8G7|EUKARYA|SP|1,1
P10082|EUKARYA|SP|0,1
P01268|EUKARYA|SP|1,1
P21782|EUKARYA|SP|0,1
Q3YJS9|EUKARYA|SP|1,1
P21246|EUKARYA|SP|0,1
P35496|EUKARYA|SP|0,1
O76942|EUKARYA|SP|1,1
P56722|EUKARYA|SP|0,1
P24476|EUKARYA|SP|2,1
P05451|EUKARYA|SP|2,1
P51456|EUKARYA|SP|0,1
Q40772|EUKARYA|SP|2,1
P24817|EUKARYA|SP|0,1
P02879|EUKARYA|SP|1,1
P56626|EUKARYA|SP|0,1
Q6EH50|EUKARYA|SP|2,1
P20656|EUKARYA|SP|2,1
Q9HB40|EUKARYA|SP|0,1
P93543|EUKARYA|SP|0,1
P0DJI8|EUKARYA|SP|0,1
P05366|EUKARYA|SP|0,1
P02739|EUKARYA|SP|0,1
P21581|EUKARYA|SP|1,1
C9X4J8|EUKARYA|SP|0,1
Q96BY9|EUKARYA|SP|0,1
Q13433|EUKARYA|SP|1,1
P19707|EUKARYA|SP|0,1
P35541|EUKARYA|SP|0,1
P07602|EUKARYA|SP|2,1
Q8RUW5|EUKARYA|SP|1,1
P01484|EUKARYA|SP|0,1
B7FDP2|EUKARYA|SP|0,1
O35314|EUKARYA|SP|2,1
O75711|EUKARYA|SP|1,1
P56611|EUKARYA|SP|0,1
P56612|EUKARYA|SP|0,1
Q2NME3|EUKARYA|SP|0,1
P01493|EUKARYA|SP|0,1
P45658|EUKARYA|SP|0,1
O77463|EUKARYA|SP|0,1
P84693|EUKARYA|SP|0,1
Q8N474|EUKARYA|SP|2,1
Q6XE38|EUKARYA|SP|2,1
Q9UAC8|EUKARYA|SP|0,1
Q7Z0H4|EUKARYA|SP|0,1
C9X4J9|EUKARYA|SP|0,1
C9X4K1|EUKARYA|SP|0,1
C9X4K7|EUKARYA|SP|0,1
P81608|EUKARYA|SP|2,1
P02743|EUKARYA|SP|1,1
Q04672|EUKARYA|SP|1,1
P05060|EUKARYA|SP|2,1
C9X4K4|EUKARYA|SP|0,1
Q86SD9|EUKARYA|SP|0,1
P84685|EUKARYA|SP|0,1
B7SNV8|EUKARYA|SP|0,1
Q96QR1|EUKARYA|SP|2,1
P59899|EUKARYA|SP|0,1
P16933|EUKARYA|SP|1,1
P20826|EUKARYA|SP|1,1
P15226|EUKARYA|SP|0,1
P23389|EUKARYA|SP|2,1
P54900|EUKARYA|SP|2,1
P0C1X7|EUKARYA|SP|0,1
P15223|EUKARYA|SP|0,1
P45697|EUKARYA|SP|0,1
P01480|EUKARYA|SP|0,1
O61705|EUKARYA|SP|0,1
P01479|EUKARYA|SP|0,1
P60214|EUKARYA|SP|0,1
P0DMM8|EUKARYA|SP|0,1
Q5D710|EUKARYA|SP|1,1
P02740|EUKARYA|SP|0,1
P31226|EUKARYA|SP|2,1
P31532|EUKARYA|SP|0,1
P19708|EUKARYA|SP|0,1
P02783|EUKARYA|SP|2,1
E7CLP2|EUKARYA|SP|0,1
P53616|EUKARYA|SP|1,1
P23438|EUKARYA|SP|2,1
Q90WJ9|EUKARYA|SP|2,1
B3STN7|EUKARYA|SP|1,1
Q90WJ7|EUKARYA|SP|2,1
Q8CEK3|EUKARYA|SP|0,1
P09350|EUKARYA|SP|0,1
Q9P246|EUKARYA|SP|1,1
P78581|EUKARYA|SP|1,1
Q5EPH2|EUKARYA|SP|1,1
P14213|EUKARYA|SP|1,1
Q9U8X3|EUKARYA|SP|1,1
P14214|EUKARYA|SP|1,1
Q9XSC9|EUKARYA|SP|2,1
Q27270|EUKARYA|SP|0,1
P01137|EUKARYA|SP|0,1
P01831|EUKARYA|SP|1,1
P01830|EUKARYA|SP|1,1
Q3YBN2|EUKARYA|SP|1,1
O08523|EUKARYA|SP|1,1
P15242|EUKARYA|SP|2,1
Q8GTB6|EUKARYA|SP|1,1
P24821|EUKARYA|SP|1,1
Q5D231|EUKARYA|SP|1,1
P13385|EUKARYA|SP|1,1
P04155|EUKARYA|SP|2,1
P10646|EUKARYA|SP|1,1
Q7Z0T3|EUKARYA|SP|2,1
P05452|EUKARYA|SP|2,1
P37173|EUKARYA|SP|1,1
Q2PGV8|EUKARYA|SP|1,1
C1IC50|EUKARYA|SP|0,1
A8Y7P1|EUKARYA|SP|0,1
Q9UBD3|EUKARYA|SP|2,1
P23360|EUKARYA|SP|2,1
P04004|EUKARYA|SP|2,1
P01174|EUKARYA|SP|2,1
Q99MA2|EUKARYA|SP|1,1
Q41638|EUKARYA|SP|1,1
P33557|EUKARYA|SP|2,1
Q59Y31|EUKARYA|SP|1,1
Q00193|EUKARYA|SP|1,1
O54766|EUKARYA|SP|1,1
Q60736|EUKARYA|SP|1,1
P33679|EUKARYA|SP|2,1
O60844|EUKARYA|SP|1,1
P42098|EUKARYA|SP|2,1
Q62005|EUKARYA|SP|1,1
P20239|EUKARYA|SP|1,1
O54767|EUKARYA|SP|1,1
P79762|EUKARYA|SP|1,1
P21754|EUKARYA|SP|2,1
P10761|EUKARYA|SP|2,1
Q9UK55|EUKARYA|SP|1,1
O04714|EUKARYA|NO_SP|2,0
P14142|EUKARYA|NO_SP|0,0
Q5BJK8|EUKARYA|NO_SP|2,0
Q6Y1H2|EUKARYA|NO_SP|0,0
O43292|EUKARYA|NO_SP|1,0
Q8IVP5|EUKARYA|NO_SP|2,0
Q14435|EUKARYA|NO_SP|1,0
Q9NQR9|EUKARYA|NO_SP|2,0
Q9LN68|EUKARYA|NO_SP|1,0
Q07651|EUKARYA|NO_SP|1,0
Q12333|EUKARYA|NO_SP|2,0
Q6P4F1|EUKARYA|NO_SP|2,0
Q9US48|EUKARYA|NO_SP|2,0
Q9Y117|EUKARYA|NO_SP|2,0
P92949|EUKARYA|NO_SP|1,0
Q02742|EUKARYA|NO_SP|2,0
Q9BUM1|EUKARYA|NO_SP|2,0
Q10471|EUKARYA|NO_SP|2,0
Q9FH36|EUKARYA|NO_SP|1,0
P32621|EUKARYA|NO_SP|1,0
Q8S8A0|EUKARYA|NO_SP|2,0
Q9UT35|EUKARYA|NO_SP|1,0
D5JBW8|EUKARYA|NO_SP|2,0
Q3EAV6|EUKARYA|NO_SP|2,0
Q9SWH5|EUKARYA|NO_SP|2,0
Q8TGH6|EUKARYA|NO_SP|1,0
Q9ESM6|EUKARYA|NO_SP|2,0
Q9SW07|EUKARYA|NO_SP|2,0
Q9HGM2|EUKARYA|NO_SP|1,0
Q9LFR0|EUKARYA|NO_SP|2,0
Q3E8L0|EUKARYA|NO_SP|1,0
P36173|EUKARYA|NO_SP|2,0
Q9EPS3|EUKARYA|NO_SP|2,0
Q9FHH5|EUKARYA|NO_SP|2,0
Q3L7M0|EUKARYA|NO_SP|2,0
Q3E965|EUKARYA|NO_SP|2,0
Q9HC97|EUKARYA|NO_SP|2,0
Q9Y2T6|EUKARYA|NO_SP|2,0
Q5J316|EUKARYA|NO_SP|0,0
Q03554|EUKARYA|NO_SP|2,0
B3G515|EUKARYA|NO_SP|2,0
Q06636|EUKARYA|NO_SP|2,0
P47088|EUKARYA|NO_SP|2,0
P38211|EUKARYA|NO_SP|1,0
Q9Y3E0|EUKARYA|NO_SP|2,0
Q9NZD1|EUKARYA|NO_SP|2,0
Q9HDW9|EUKARYA|NO_SP|1,0
D3Z7H4|EUKARYA|NO_SP|0,0
Q9HEM6|EUKARYA|NO_SP|2,0
Q12361|EUKARYA|NO_SP|1,0
Q5A477|EUKARYA|NO_SP|2,0
Q2AAF6|EUKARYA|NO_SP|1,0
Q8NBJ4|EUKARYA|NO_SP|2,0
Q09174|EUKARYA|NO_SP|2,0
Q5VWC8|EUKARYA|NO_SP|1,0
P14672|EUKARYA|NO_SP|0,0
Q9WV38|EUKARYA|NO_SP|0,0
Q99678|EUKARYA|NO_SP|0,0
Q9BYW1|EUKARYA|NO_SP|0,0
P43427|EUKARYA|NO_SP|0,0
P05981|EUKARYA|NO_SP|2,0
Q8R3H7|EUKARYA|NO_SP|1,0
Q12520|EUKARYA|NO_SP|2,0
O88728|EUKARYA|NO_SP|2,0
P40499|EUKARYA|NO_SP|2,0
P31389|EUKARYA|NO_SP|0,0
Q9VRX6|EUKARYA|NO_SP|1,0
Q61595|EUKARYA|NO_SP|2,0
O95461|EUKARYA|NO_SP|1,0
Q8IWV1|EUKARYA|NO_SP|2,0
Q8N6L1|EUKARYA|NO_SP|0,0
Q5H943|EUKARYA|NO_SP|2,0
P25587|EUKARYA|NO_SP|2,0
Q95XZ6|EUKARYA|NO_SP|1,0
Q6ZP29|EUKARYA|NO_SP|2,0
F4JTN2|EUKARYA|NO_SP|1,0
B0BMY1|EUKARYA|NO_SP|2,0
Q9Y287|EUKARYA|NO_SP|0,0
Q7K1V5|EUKARYA|NO_SP|1,0
Q8BI36|EUKARYA|NO_SP|2,0
P55073|EUKARYA|NO_SP|0,0
Q99393|EUKARYA|NO_SP|2,0
Q08416|EUKARYA|NO_SP|1,0
Q96E93|EUKARYA|NO_SP|2,0
P43614|EUKARYA|NO_SP|2,0
O61715|EUKARYA|NO_SP|1,0
D3W0D1|EUKARYA|NO_SP|2,0
O88713|EUKARYA|NO_SP|2,0
Q9H400|EUKARYA|NO_SP|0,0
P38878|EUKARYA|NO_SP|1,0
P43657|EUKARYA|NO_SP|2,0
Q6UX01|EUKARYA|NO_SP|1,0
O94414|EUKARYA|NO_SP|1,0
Q9FKS8|EUKARYA|NO_SP|2,0
O15165|EUKARYA|NO_SP|2,0
Q3U3R4|EUKARYA|NO_SP|0,0
Q03579|EUKARYA|NO_SP|1,0
Q17667|EUKARYA|NO_SP|2,0
Q04396|EUKARYA|NO_SP|2,0
Q4VCM1|EUKARYA|NO_SP|1,0
P04201|EUKARYA|NO_SP|0,0
Q5SRI9|EUKARYA|NO_SP|0,0
Q24451|EUKARYA|NO_SP|1,0
Q5GF25|EUKARYA|NO_SP|0,0
Q8WZK2|EUKARYA|NO_SP|0,0
O22752|EUKARYA|NO_SP|2,0
Q9JLI3|EUKARYA|NO_SP|2,0
O88676|EUKARYA|NO_SP|0,0
Q9C512|EUKARYA|NO_SP|1,0
Q8K480|EUKARYA|NO_SP|2,0
Q765H6|EUKARYA|NO_SP|2,0
O74368|EUKARYA|NO_SP|2,0
Q9XGM8|EUKARYA|NO_SP|1,0
Q8NHS3|EUKARYA|NO_SP|1,0
Q21815|EUKARYA|NO_SP|1,0
O01811|EUKARYA|NO_SP|2,0
Q93Y37|EUKARYA|NO_SP|2,0
P53988|EUKARYA|NO_SP|0,0
P93766|EUKARYA|NO_SP|1,0
Q8H116|EUKARYA|NO_SP|1,0
P53987|EUKARYA|NO_SP|0,0
Q8CG09|EUKARYA|NO_SP|0,0
O36022|EUKARYA|NO_SP|2,0
Q12205|EUKARYA|NO_SP|0,0
P38069|EUKARYA|NO_SP|1,0
P46985|EUKARYA|NO_SP|1,0
O60669|EUKARYA|NO_SP|0,0
Q92887|EUKARYA|NO_SP|0,0
Q9HDV1|EUKARYA|NO_SP|2,0
P39552|EUKARYA|NO_SP|1,0
O74444|EUKARYA|NO_SP|2,0
Q9Y7V0|EUKARYA|NO_SP|2,0
P53986|EUKARYA|NO_SP|0,0
Q03064|EUKARYA|NO_SP|0,0
P53985|EUKARYA|NO_SP|0,0
Q63344|EUKARYA|NO_SP|0,0
Q864R9|EUKARYA|NO_SP|0,0
Q9R1S7|EUKARYA|NO_SP|0,0
Q03455|EUKARYA|NO_SP|2,0
P87155|EUKARYA|NO_SP|1,0
Q9W534|EUKARYA|NO_SP|1,0
Q91WW5|EUKARYA|NO_SP|2,0
Q9UTN7|EUKARYA|NO_SP|1,0
P33527|EUKARYA|NO_SP|0,0
P52848|EUKARYA|NO_SP|0,0
P26718|EUKARYA|NO_SP|2,0
Q99JS0|EUKARYA|NO_SP|1,0
Q9LKW9|EUKARYA|NO_SP|2,0
O54709|EUKARYA|NO_SP|2,0
Q8K5A9|EUKARYA|NO_SP|2,0
P49281|EUKARYA|NO_SP|1,0
Q04958|EUKARYA|NO_SP|1,0
Q02353|EUKARYA|NO_SP|0,0
Q9Y5S8|EUKARYA|NO_SP|2,0
Q05B81|EUKARYA|NO_SP|0,0
Q7L5N7|EUKARYA|NO_SP|0,0
Q9LT02|EUKARYA|NO_SP|1,0
Q8BYI6|EUKARYA|NO_SP|0,0
Q9P7Y3|EUKARYA|NO_SP|2,0
Q9JM80|EUKARYA|NO_SP|1,0
Q9NWQ8|EUKARYA|NO_SP|1,0
Q12252|EUKARYA|NO_SP|2,0
Q9H3S5|EUKARYA|NO_SP|2,0
Q06611|EUKARYA|NO_SP|2,0
P43287|EUKARYA|NO_SP|2,0
Q8IV08|EUKARYA|NO_SP|2,0
Q9U357|EUKARYA|NO_SP|2,0
Q91WW7|EUKARYA|NO_SP|0,0
D4ACN8|EUKARYA|NO_SP|2,0
Q8NAT1|EUKARYA|NO_SP|0,0
Q93YV7|EUKARYA|NO_SP|2,0
Q12006|EUKARYA|NO_SP|1,0
Q3U1F9|EUKARYA|NO_SP|1,0
P30302|EUKARYA|NO_SP|2,0
P93004|EUKARYA|NO_SP|2,0
Q03880|EUKARYA|NO_SP|2,0
Q9NST1|EUKARYA|NO_SP|0,0
Q8VYM2|EUKARYA|NO_SP|2,0
Q9NUD9|EUKARYA|NO_SP|1,0
P61837|EUKARYA|NO_SP|2,0
P43286|EUKARYA|NO_SP|2,0
Q86BJ3|EUKARYA|NO_SP|2,0
Q3TRM4|EUKARYA|NO_SP|0,0
Q9ZPH9|EUKARYA|NO_SP|2,0
Q9SIZ3|EUKARYA|NO_SP|1,0
Q9LN50|EUKARYA|NO_SP|2,0
Q8L7V3|EUKARYA|NO_SP|1,0
Q3MUY2|EUKARYA|NO_SP|2,0
Q9HBL7|EUKARYA|NO_SP|2,0
A1XGB4|EUKARYA|NO_SP|2,0
P47987|EUKARYA|NO_SP|0,0
Q08733|EUKARYA|NO_SP|2,0
Q9D3P8|EUKARYA|NO_SP|2,0
Q8H118|EUKARYA|NO_SP|2,0
B9DFI7|EUKARYA|NO_SP|2,0
Q0WT31|EUKARYA|NO_SP|1,0
Q9JJJ7|EUKARYA|NO_SP|1,0
Q940J9|EUKARYA|NO_SP|2,0
Q8VZV7|EUKARYA|NO_SP|2,0
Q94EJ6|EUKARYA|NO_SP|2,0
Q6NPR7|EUKARYA|NO_SP|1,0
Q01453|EUKARYA|NO_SP|2,0
Q9C6S7|EUKARYA|NO_SP|1,0
P53835|EUKARYA|NO_SP|1,0
Q5RJM1|EUKARYA|NO_SP|0,0
P25105|EUKARYA|NO_SP|2,0
Q9Z1X2|EUKARYA|NO_SP|1,0
Q5A6P6|EUKARYA|NO_SP|0,0
P40474|EUKARYA|NO_SP|2,0
Q03530|EUKARYA|NO_SP|1,0
Q18PF6|EUKARYA|NO_SP|1,0
Q8BHC7|EUKARYA|NO_SP|2,0
Q9UBD6|EUKARYA|NO_SP|1,0
O00559|EUKARYA|NO_SP|2,0
Q59YT1|EUKARYA|NO_SP|0,0
O74926|EUKARYA|NO_SP|2,0
Q8TC12|EUKARYA|NO_SP|0,0
P38212|EUKARYA|NO_SP|2,0
P38206|EUKARYA|NO_SP|2,0
Q9QXP0|EUKARYA|NO_SP|1,0
Q12270|EUKARYA|NO_SP|0,0
Q18PF5|EUKARYA|NO_SP|1,0
Q7TNN9|EUKARYA|NO_SP|1,0
Q8CBG9|EUKARYA|NO_SP|2,0
Q96K19|EUKARYA|NO_SP|2,0
Q28298|EUKARYA|NO_SP|2,0
Q28728|EUKARYA|NO_SP|2,0
Q9JKD3|EUKARYA|NO_SP|1,0
D6PVB4|EUKARYA|NO_SP|1,0
Q6ZXA0|EUKARYA|NO_SP|0,0
Q9Y876|EUKARYA|NO_SP|2,0
Q19443|EUKARYA|NO_SP|1,0
Q96QK8|EUKARYA|NO_SP|2,0
P82347|EUKARYA|NO_SP|1,0
P82348|EUKARYA|NO_SP|1,0
D6PVB5|EUKARYA|NO_SP|1,0
Q93Z32|EUKARYA|NO_SP|2,0
B3A0M2|EUKARYA|NO_SP|2,0
Q6ZGL9|EUKARYA|NO_SP|2,0
Q28362|EUKARYA|NO_SP|2,0
P26432|EUKARYA|NO_SP|2,0
Q5E930|EUKARYA|NO_SP|2,0
O02351|EUKARYA|NO_SP|1,0
Q9R2C1|EUKARYA|NO_SP|2,0
B9FJ61|EUKARYA|NO_SP|2,0
B2RUZ4|EUKARYA|NO_SP|2,0
P35735|EUKARYA|NO_SP|1,0
O81062|EUKARYA|NO_SP|2,0
Q9UTQ9|EUKARYA|NO_SP|1,0
Q9ERB5|EUKARYA|NO_SP|1,0
Q04969|EUKARYA|NO_SP|1,0
O35704|EUKARYA|NO_SP|2,0
Q10259|EUKARYA|NO_SP|2,0
Q12133|EUKARYA|NO_SP|1,0
P46720|EUKARYA|NO_SP|2,0
Q9Y6L6|EUKARYA|NO_SP|1,0
Q9NYB5|EUKARYA|NO_SP|1,0
Q9FG00|EUKARYA|NO_SP|0,0
O70491|EUKARYA|NO_SP|1,0
P32343|EUKARYA|NO_SP|2,0
Q0V8E7|EUKARYA|NO_SP|1,0
O54695|EUKARYA|NO_SP|2,0
P41930|EUKARYA|NO_SP|2,0
Q9BSN7|EUKARYA|NO_SP|1,0
P49788|EUKARYA|NO_SP|0,0
Q8IY95|EUKARYA|NO_SP|1,0
Q28820|EUKARYA|NO_SP|1,0
Q9DBI0|EUKARYA|NO_SP|2,0
Q9FEG2|EUKARYA|NO_SP|2,0
Q5S248|EUKARYA|NO_SP|2,0
Q5QSK2|EUKARYA|NO_SP|2,0
P57727|EUKARYA|NO_SP|2,0
Q8IU80|EUKARYA|NO_SP|2,0
Q4KL25|EUKARYA|NO_SP|1,0
Q7TS55|EUKARYA|NO_SP|2,0
A0AVI4|EUKARYA|NO_SP|2,0
Q7Z410|EUKARYA|NO_SP|0,0
P36029|EUKARYA|NO_SP|1,0
Q9VYB7|EUKARYA|NO_SP|2,0
Q402F4|EUKARYA|NO_SP|2,0
Q13061|EUKARYA|NO_SP|1,0
C4QM85|EUKARYA|NO_SP|2,0
P82179|EUKARYA|NO_SP|1,0
A9ZSY2|EUKARYA|NO_SP|2,0
A5LGM7|EUKARYA|NO_SP|2,0
Q8K1T0|EUKARYA|NO_SP|2,0
Q8BIK6|EUKARYA|NO_SP|0,0
O60635|EUKARYA|NO_SP|0,0
P0C5X8|EUKARYA|NO_SP|2,0
Q6PIZ9|EUKARYA|NO_SP|2,0
Q8MKK4|EUKARYA|NO_SP|2,0
A9ZSY3|EUKARYA|NO_SP|2,0
O00124|EUKARYA|NO_SP|1,0
Q03860|EUKARYA|NO_SP|2,0
O14223|EUKARYA|NO_SP|2,0
Q9C0H2|EUKARYA|NO_SP|2,0
O59768|EUKARYA|NO_SP|2,0
P34711|EUKARYA|NO_SP|1,0
P54219|EUKARYA|NO_SP|1,0
Q9SZY7|EUKARYA|NO_SP|1,0
Q9SLA2|EUKARYA|NO_SP|1,0
Q6TEK4|EUKARYA|NO_SP|0,0
Q9UUH1|EUKARYA|NO_SP|2,0
Q9UPY5|EUKARYA|NO_SP|2,0
Q8NBI6|EUKARYA|NO_SP|0,0
P56485|EUKARYA|NO_SP|2,0
P08908|EUKARYA|NO_SP|0,0
Q98998|EUKARYA|NO_SP|0,0
P28334|EUKARYA|NO_SP|0,0
O89039|EUKARYA|NO_SP|2,0
P13516|EUKARYA|NO_SP|1,0
Q8L856|EUKARYA|NO_SP|1,0
A0A4Z3|EUKARYA|NO_SP|0,0
P30372|EUKARYA|NO_SP|0,0
O94523|EUKARYA|NO_SP|1,0
P35404|EUKARYA|NO_SP|0,0
P28222|EUKARYA|NO_SP|0,0
P28565|EUKARYA|NO_SP|0,0
O08890|EUKARYA|NO_SP|0,0
Q02284|EUKARYA|NO_SP|0,0
P30940|EUKARYA|NO_SP|0,0
P30994|EUKARYA|NO_SP|2,0
P49145|EUKARYA|NO_SP|0,0
P28566|EUKARYA|NO_SP|0,0
P41595|EUKARYA|NO_SP|2,0
Q9P5N0|EUKARYA|NO_SP|2,0
P19327|EUKARYA|NO_SP|0,0
Q60484|EUKARYA|NO_SP|0,0
P28221|EUKARYA|NO_SP|0,0
P30939|EUKARYA|NO_SP|0,0
Q99PG0|EUKARYA|NO_SP|1,0
Q9NPB9|EUKARYA|NO_SP|0,0
Q64264|EUKARYA|NO_SP|0,0
P28564|EUKARYA|NO_SP|0,0
Q6VB83|EUKARYA|NO_SP|0,0
P30543|EUKARYA|NO_SP|0,0
P97718|EUKARYA|NO_SP|0,0
Q5QJU3|EUKARYA|NO_SP|2,0
Q5VTY9|EUKARYA|NO_SP|1,0
Q67VS5|EUKARYA|NO_SP|2,0
P97717|EUKARYA|NO_SP|2,0
B0F9W3|EUKARYA|NO_SP|2,0
P53954|EUKARYA|NO_SP|1,0
A2ASQ1|EUKARYA|NO_SP|1,0
Q9C5U2|EUKARYA|NO_SP|0,0
P98205|EUKARYA|NO_SP|2,0
P25304|EUKARYA|NO_SP|1,0
P35374|EUKARYA|NO_SP|1,0
P53730|EUKARYA|NO_SP|2,0
Q9BLG3|EUKARYA|NO_SP|1,0
Q9P7F3|EUKARYA|NO_SP|2,0
Q10479|EUKARYA|NO_SP|1,0
Q9BLG4|EUKARYA|NO_SP|2,0
Q9US00|EUKARYA|NO_SP|2,0
Q8MXY0|EUKARYA|NO_SP|1,0
O60061|EUKARYA|NO_SP|1,0
Q9SQG2|EUKARYA|NO_SP|1,0
Q96BI3|EUKARYA|NO_SP|2,0
Q2TAD5|EUKARYA|NO_SP|0,0
P34080|EUKARYA|NO_SP|0,0
Q9C0V1|EUKARYA|NO_SP|2,0
Q54WT8|EUKARYA|NO_SP|2,0
Q86XL3|EUKARYA|NO_SP|0,0
P46993|EUKARYA|NO_SP|2,0
Q9SA77|EUKARYA|NO_SP|0,0
O14072|EUKARYA|NO_SP|1,0
P39986|EUKARYA|NO_SP|2,0
P0CD92|EUKARYA|NO_SP|2,0
P0CD90|EUKARYA|NO_SP|2,0
Q15041|EUKARYA|NO_SP|1,0
Q6X1Y6|EUKARYA|NO_SP|2,0
Q12797|EUKARYA|NO_SP|0,0
Q9JHE3|EUKARYA|NO_SP|2,0
Q12691|EUKARYA|NO_SP|2,0
P36107|EUKARYA|NO_SP|1,0
P18434|EUKARYA|NO_SP|0,0
Q6RW13|EUKARYA|NO_SP|2,0
P15535|EUKARYA|NO_SP|0,0
Q93084|EUKARYA|NO_SP|0,0
Q708S7|EUKARYA|NO_SP|2,0
P55926|EUKARYA|NO_SP|2,0
Q9R0W5|EUKARYA|NO_SP|2,0
P78348|EUKARYA|NO_SP|2,0
Q925H0|EUKARYA|NO_SP|2,0
P13587|EUKARYA|NO_SP|2,0
O94766|EUKARYA|NO_SP|0,0
O43505|EUKARYA|NO_SP|2,0
Q5W7F1|EUKARYA|NO_SP|2,0
Q9NR71|EUKARYA|NO_SP|2,0
Q708S6|EUKARYA|NO_SP|2,0
P54709|EUKARYA|NO_SP|0,0
P22700|EUKARYA|NO_SP|0,0
Q91XT9|EUKARYA|NO_SP|2,0
Q9NY37|EUKARYA|NO_SP|2,0
Q1XA76|EUKARYA|NO_SP|2,0
P98196|EUKARYA|NO_SP|1,0
Q8NB49|EUKARYA|NO_SP|1,0
Q6Y288|EUKARYA|NO_SP|2,0
Q9UIR0|EUKARYA|NO_SP|1,0
Q96247|EUKARYA|NO_SP|2,0
Q05659|EUKARYA|NO_SP|1,0
Q6ZMB0|EUKARYA|NO_SP|0,0
P82251|EUKARYA|NO_SP|2,0
Q9XI23|EUKARYA|NO_SP|1,0
O14523|EUKARYA|NO_SP|0,0
Q8K4Y7|EUKARYA|NO_SP|1,0
Q96G97|EUKARYA|NO_SP|2,0
Q5KQH7|EUKARYA|NO_SP|0,0
Q9P296|EUKARYA|NO_SP|1,0
O64759|EUKARYA|NO_SP|1,0
Q8VWZ7|EUKARYA|NO_SP|2,0
Q9Z2E9|EUKARYA|NO_SP|2,0
Q8VIM4|EUKARYA|NO_SP|2,0
P53223|EUKARYA|NO_SP|1,0
P27614|EUKARYA|NO_SP|2,0
P13773|EUKARYA|NO_SP|1,0
Q5KU26|EUKARYA|NO_SP|2,0
Q810Y4|EUKARYA|NO_SP|0,0
D0Q0Y7|EUKARYA|NO_SP|1,0
Q9JK41|EUKARYA|NO_SP|1,0
Q8WNR0|EUKARYA|NO_SP|1,0
Q9QZN9|EUKARYA|NO_SP|2,0
Q9N623|EUKARYA|NO_SP|2,0
Q9R1N9|EUKARYA|NO_SP|0,0
Q9ZQI2|EUKARYA|NO_SP|2,0
P11836|EUKARYA|NO_SP|0,0
Q9JJV4|EUKARYA|NO_SP|2,0
Q8WVQ1|EUKARYA|NO_SP|1,0
P25656|EUKARYA|NO_SP|0,0
Q9R0E0|EUKARYA|NO_SP|1,0
Q6UWU4|EUKARYA|NO_SP|2,0
P51681|EUKARYA|NO_SP|0,0
Q8AY29|EUKARYA|NO_SP|1,0
Q8C172|EUKARYA|NO_SP|2,0
O00421|EUKARYA|NO_SP|0,0
Q9D6K9|EUKARYA|NO_SP|2,0
Q9Z0G9|EUKARYA|NO_SP|0,0
Q9Z260|EUKARYA|NO_SP|0,0
Q6UVW9|EUKARYA|NO_SP|2,0
Q91V08|EUKARYA|NO_SP|1,0
Q9NY25|EUKARYA|NO_SP|1,0
Q924Z4|EUKARYA|NO_SP|2,0
Q9Y4C5|EUKARYA|NO_SP|0,0
Q8NCG5|EUKARYA|NO_SP|0,0
Q8IZS7|EUKARYA|NO_SP|2,0
D3ZQJ0|EUKARYA|NO_SP|0,0
P56745|EUKARYA|NO_SP|0,0
Q5QGZ9|EUKARYA|NO_SP|0,0
O75503|EUKARYA|NO_SP|2,0
Q6UXB4|EUKARYA|NO_SP|0,0
Q6UXN8|EUKARYA|NO_SP|2,0
P78369|EUKARYA|NO_SP|0,0
O35054|EUKARYA|NO_SP|0,0
O54942|EUKARYA|NO_SP|0,0
Q13286|EUKARYA|NO_SP|1,0
Q5BJU5|EUKARYA|NO_SP|1,0
Q9Z262|EUKARYA|NO_SP|0,0
Q99788|EUKARYA|NO_SP|0,0
Q9R1I1|EUKARYA|NO_SP|0,0
O22267|EUKARYA|NO_SP|2,0
Q9BXN2|EUKARYA|NO_SP|2,0
O88552|EUKARYA|NO_SP|0,0
O95406|EUKARYA|NO_SP|1,0
Q9R007|EUKARYA|NO_SP|1,0
Q6QLQ4|EUKARYA|NO_SP|2,0
Q8BRU4|EUKARYA|NO_SP|2,0
Q93ZB2|EUKARYA|NO_SP|1,0
Q9XFR0|EUKARYA|NO_SP|0,0
Q9C0E8|EUKARYA|NO_SP|2,0
Q8LIN5|EUKARYA|NO_SP|0,0
Q6UVM4|EUKARYA|NO_SP|1,0
O54982|EUKARYA|NO_SP|2,0
Q850M0|EUKARYA|NO_SP|0,0
Q9FWX6|EUKARYA|NO_SP|1,0
P97468|EUKARYA|NO_SP|0,0
O77475|EUKARYA|NO_SP|2,0
O23413|EUKARYA|NO_SP|1,0
Q9SUP0|EUKARYA|NO_SP|2,0
Q86W10|EUKARYA|NO_SP|2,0
Q9FFT2|EUKARYA|NO_SP|2,0
Q9I9B9|EUKARYA|NO_SP|1,0
P52569|EUKARYA|NO_SP|2,0
P38428|EUKARYA|NO_SP|2,0
Q9XI72|EUKARYA|NO_SP|2,0
Q8L9B5|EUKARYA|NO_SP|2,0
Q9FE29|EUKARYA|NO_SP|2,0
Q8L8Z1|EUKARYA|NO_SP|1,0
Q810F1|EUKARYA|NO_SP|1,0
Q9USV7|EUKARYA|NO_SP|1,0
Q8BQU6|EUKARYA|NO_SP|0,0
P49682|EUKARYA|NO_SP|2,0
Q9WUS4|EUKARYA|NO_SP|0,0
Q8GWD5|EUKARYA|NO_SP|2,0
Q9P7F9|EUKARYA|NO_SP|2,0
Q8N144|EUKARYA|NO_SP|0,0
P53008|EUKARYA|NO_SP|2,0
Q4G2J4|EUKARYA|NO_SP|2,0
Q5AFI4|EUKARYA|NO_SP|2,0
Q7K4Y6|EUKARYA|NO_SP|0,0
Q4G2J5|EUKARYA|NO_SP|2,0
Q9GZP9|EUKARYA|NO_SP|2,0
Q96Q80|EUKARYA|NO_SP|2,0
Q4G2J6|EUKARYA|NO_SP|2,0
Q96PD7|EUKARYA|NO_SP|0,0
P38307|EUKARYA|NO_SP|2,0
Q39085|EUKARYA|NO_SP|1,0
Q12743|EUKARYA|NO_SP|2,0
Q04216|EUKARYA|NO_SP|1,0
P21917|EUKARYA|NO_SP|0,0
P14416|EUKARYA|NO_SP|0,0
Q9UUA6|EUKARYA|NO_SP|2,0
Q8NCG7|EUKARYA|NO_SP|2,0
Q5RJY4|EUKARYA|NO_SP|1,0
P35462|EUKARYA|NO_SP|0,0
O54693|EUKARYA|NO_SP|0,0
Q6P179|EUKARYA|NO_SP|0,0
P40540|EUKARYA|NO_SP|2,0
Q969X5|EUKARYA|NO_SP|2,0
Q9XZ08|EUKARYA|NO_SP|2,0
O43909|EUKARYA|NO_SP|1,0
Q9ER31|EUKARYA|NO_SP|2,0
Q16394|EUKARYA|NO_SP|0,0
P70428|EUKARYA|NO_SP|1,0
Q9CQE7|EUKARYA|NO_SP|2,0
Q12284|EUKARYA|NO_SP|1,0
Q9Y169|EUKARYA|NO_SP|2,0
O93295|EUKARYA|NO_SP|0,0
O94283|EUKARYA|NO_SP|2,0
Q99ML4|EUKARYA|NO_SP|1,0
P25621|EUKARYA|NO_SP|2,0
Q08913|EUKARYA|NO_SP|1,0
P59266|EUKARYA|NO_SP|1,0
O94905|EUKARYA|NO_SP|2,0
P97464|EUKARYA|NO_SP|0,0
D4AEP3|EUKARYA|NO_SP|0,0
O14843|EUKARYA|NO_SP|2,0
Q93063|EUKARYA|NO_SP|1,0
Q9D6I7|EUKARYA|NO_SP|1,0
Q8BQT2|EUKARYA|NO_SP|0,0
O75477|EUKARYA|NO_SP|2,0
Q09752|EUKARYA|NO_SP|2,0
Q24342|EUKARYA|NO_SP|2,0
Q7TMA4|EUKARYA|NO_SP|2,0
O15552|EUKARYA|NO_SP|2,0
O44616|EUKARYA|NO_SP|1,0
A5D6W6|EUKARYA|NO_SP|0,0
P31390|EUKARYA|NO_SP|0,0
Q08109|EUKARYA|NO_SP|1,0
P30546|EUKARYA|NO_SP|0,0
P35367|EUKARYA|NO_SP|0,0
Q92633|EUKARYA|NO_SP|2,0
Q8IWU2|EUKARYA|NO_SP|1,0
O02773|EUKARYA|NO_SP|0,0
Q9EQR5|EUKARYA|NO_SP|0,0
Q9NUN5|EUKARYA|NO_SP|1,0
Q8IWT6|EUKARYA|NO_SP|2,0
Q95Q39|EUKARYA|NO_SP|1,0
P53176|EUKARYA|NO_SP|1,0
Q12207|EUKARYA|NO_SP|2,0
Q9H255|EUKARYA|NO_SP|0,0
Q8TCB6|EUKARYA|NO_SP|0,0
P20789|EUKARYA|NO_SP|0,0
Q9JHL0|EUKARYA|NO_SP|0,0
Q8VBV9|EUKARYA|NO_SP|0,0
P31755|EUKARYA|NO_SP|2,0
Q9LHQ6|EUKARYA|NO_SP|0,0
Q9SA36|EUKARYA|NO_SP|2,0
Q7M750|EUKARYA|NO_SP|2,0
P08100|EUKARYA|NO_SP|2,0
P41143|EUKARYA|NO_SP|0,0
P34982|EUKARYA|NO_SP|0,0
Q9CAT6|EUKARYA|NO_SP|1,0
P41144|EUKARYA|NO_SP|0,0
P33534|EUKARYA|NO_SP|0,0
Q9SA38|EUKARYA|NO_SP|2,0
O64515|EUKARYA|NO_SP|2,0
Q9SAK7|EUKARYA|NO_SP|2,0
Q8N138|EUKARYA|NO_SP|1,0
Q80WK2|EUKARYA|NO_SP|2,0
P79391|EUKARYA|NO_SP|0,0
Q18807|EUKARYA|NO_SP|1,0
P41145|EUKARYA|NO_SP|0,0
P81909|EUKARYA|NO_SP|2,0
Q9VNB5|EUKARYA|NO_SP|1,0
P34975|EUKARYA|NO_SP|0,0
Q9H244|EUKARYA|NO_SP|2,0
Q8IY49|EUKARYA|NO_SP|2,0
O42944|EUKARYA|NO_SP|1,0
O43613|EUKARYA|NO_SP|2,0
Q719N3|EUKARYA|NO_SP|2,0
Q9UBL9|EUKARYA|NO_SP|2,0
Q3TFD2|EUKARYA|NO_SP|0,0
O74546|EUKARYA|NO_SP|2,0
Q86UW2|EUKARYA|NO_SP|2,0
Q8K3P1|EUKARYA|NO_SP|2,0
Q9EPX4|EUKARYA|NO_SP|2,0
O43614|EUKARYA|NO_SP|2,0
Q99571|EUKARYA|NO_SP|2,0
O94680|EUKARYA|NO_SP|2,0
O13729|EUKARYA|NO_SP|1,0
O14684|EUKARYA|NO_SP|2,0
Q9USX0|EUKARYA|NO_SP|2,0
Q06991|EUKARYA|NO_SP|2,0
Q7T3R4|EUKARYA|NO_SP|1,0
Q08417|EUKARYA|NO_SP|2,0
P51574|EUKARYA|NO_SP|2,0
Q9NRA2|EUKARYA|NO_SP|1,0
O15245|EUKARYA|NO_SP|0,0
Q61420|EUKARYA|NO_SP|1,0
Q8BHK3|EUKARYA|NO_SP|2,0
A2VCW5|EUKARYA|NO_SP|1,0
Q7Z2H8|EUKARYA|NO_SP|2,0
Q9Z1F2|EUKARYA|NO_SP|2,0
Q49B93|EUKARYA|NO_SP|1,0
P79088|EUKARYA|NO_SP|2,0
Q09827|EUKARYA|NO_SP|2,0
Q9Z306|EUKARYA|NO_SP|0,0
Q9NSA0|EUKARYA|NO_SP|0,0
Q9BXP2|EUKARYA|NO_SP|0,0
P97524|EUKARYA|NO_SP|2,0
Q9UMX9|EUKARYA|NO_SP|2,0
Q9Z0E8|EUKARYA|NO_SP|0,0
Q8IVM8|EUKARYA|NO_SP|0,0
Q9WTN6|EUKARYA|NO_SP|0,0
Q6PCB7|EUKARYA|NO_SP|0,0
Q8VDB9|EUKARYA|NO_SP|2,0
Q04947|EUKARYA|NO_SP|2,0
Q12443|EUKARYA|NO_SP|2,0
Q86SK9|EUKARYA|NO_SP|2,0
Q9Y7T6|EUKARYA|NO_SP|2,0
Q9GZV3|EUKARYA|NO_SP|2,0
Q8BYF6|EUKARYA|NO_SP|1,0
A0PJK1|EUKARYA|NO_SP|2,0
P15367|EUKARYA|NO_SP|0,0
Q8N695|EUKARYA|NO_SP|1,0
Q1EHB4|EUKARYA|NO_SP|1,0
P35179|EUKARYA|NO_SP|2,0
Q6AZY7|EUKARYA|NO_SP|2,0
Q06058|EUKARYA|NO_SP|2,0
O88575|EUKARYA|NO_SP|0,0
Q7Z2C4|EUKARYA|NO_SP|2,0
P33754|EUKARYA|NO_SP|2,0
Q8K0H1|EUKARYA|NO_SP|0,0
Q9P8E3|EUKARYA|NO_SP|2,0
Q63089|EUKARYA|NO_SP|0,0
Q8VC69|EUKARYA|NO_SP|0,0
P97849|EUKARYA|NO_SP|0,0
P31662|EUKARYA|NO_SP|1,0
Q9FY94|EUKARYA|NO_SP|1,0
O08858|EUKARYA|NO_SP|0,0
Q8LFH5|EUKARYA|NO_SP|1,0
Q9FX21|EUKARYA|NO_SP|1,0
P54003|EUKARYA|NO_SP|1,0
Q9ZV02|EUKARYA|NO_SP|1,0
P38869|EUKARYA|NO_SP|2,0
Q9FMX3|EUKARYA|NO_SP|1,0
Q9U969|EUKARYA|NO_SP|2,0
Q2R3P9|EUKARYA|NO_SP|1,0
P46978|EUKARYA|NO_SP|1,0
Q8L9J7|EUKARYA|NO_SP|1,0
Q04629|EUKARYA|NO_SP|2,0
P47154|EUKARYA|NO_SP|2,0
Q8NB59|EUKARYA|NO_SP|2,0
Q86TG1|EUKARYA|NO_SP|2,0
B9EJG8|EUKARYA|NO_SP|1,0
Q53R12|EUKARYA|NO_SP|0,0
Q9NYW5|EUKARYA|NO_SP|0,0
P02786|EUKARYA|NO_SP|2,0
A6NC51|EUKARYA|NO_SP|1,0
O00258|EUKARYA|NO_SP|2,0
Q6TEK5|EUKARYA|NO_SP|0,0
O94464|EUKARYA|NO_SP|2,0
Q09852|EUKARYA|NO_SP|1,0
P32386|EUKARYA|NO_SP|2,0
Q07950|EUKARYA|NO_SP|2,0
P40544|EUKARYA|NO_SP|1,0
O94622|EUKARYA|NO_SP|2,0
O13726|EUKARYA|NO_SP|2,0
P25338|EUKARYA|NO_SP|1,0
P87056|EUKARYA|NO_SP|2,0
O94599|EUKARYA|NO_SP|1,0
Q03193|EUKARYA|NO_SP|2,0
Q92536|EUKARYA|NO_SP|2,0
O74750|EUKARYA|NO_SP|1,0
P53217|EUKARYA|NO_SP|2,0
Q9UTA3|EUKARYA|NO_SP|1,0
Q03697|EUKARYA|NO_SP|2,0
O13968|EUKARYA|NO_SP|1,0
Q07451|EUKARYA|NO_SP|2,0
Q12155|EUKARYA|NO_SP|1,0
P35723|EUKARYA|NO_SP|2,0
P38842|EUKARYA|NO_SP|1,0
Q04835|EUKARYA|NO_SP|2,0
Q9Y397|EUKARYA|NO_SP|2,0
P40169|EUKARYA|NO_SP|1,0
Q8TAD4|EUKARYA|NO_SP|2,0
Q6P7B7|EUKARYA|NO_SP|2,0
Q8BJM5|EUKARYA|NO_SP|1,0
Q5ZLF4|EUKARYA|NO_SP|2,0
Q06833|EUKARYA|NO_SP|2,0
Q9JKN1|EUKARYA|NO_SP|2,0
Q5ZIH3|EUKARYA|NO_SP|1,0
Q06107|EUKARYA|NO_SP|2,0
Q12346|EUKARYA|NO_SP|1,0
P38310|EUKARYA|NO_SP|2,0
Q70UQ0|EUKARYA|NO_SP|0,0
Q9HC24|EUKARYA|NO_SP|1,0
O00180|EUKARYA|NO_SP|0,0
Q6VV64|EUKARYA|NO_SP|0,0
Q07376|EUKARYA|NO_SP|2,0
Q12296|EUKARYA|NO_SP|1,0
Q96G30|EUKARYA|NO_SP|2,0
Q9NQG6|EUKARYA|NO_SP|0,0
P12234|EUKARYA|NO_SP|0,0
P16036|EUKARYA|NO_SP|0,0
P38292|EUKARYA|NO_SP|2,0
Q9NZ42|EUKARYA|NO_SP|2,0
P42836|EUKARYA|NO_SP|2,0
Q96HS1|EUKARYA|NO_SP|0,0
P56589|EUKARYA|NO_SP|1,0
P33775|EUKARYA|NO_SP|2,0
Q5SWZ9|EUKARYA|NO_SP|0,0
Q9ZS51|EUKARYA|NO_SP|2,0
Q9Y6A1|EUKARYA|NO_SP|2,0
Q04119|EUKARYA|NO_SP|1,0
O75324|EUKARYA|NO_SP|1,0
Q9D563|EUKARYA|NO_SP|2,0
Q9UNG2|EUKARYA|NO_SP|1,0
Q07914|EUKARYA|NO_SP|2,0
P38825|EUKARYA|NO_SP|2,0
Q8BWC0|EUKARYA|NO_SP|1,0
P07213|EUKARYA|NO_SP|2,0
P04633|EUKARYA|NO_SP|2,0
P08067|EUKARYA|NO_SP|2,0
P70406|EUKARYA|NO_SP|2,0
Q99385|EUKARYA|NO_SP|1,0
P39547|EUKARYA|NO_SP|1,0
Q04301|EUKARYA|NO_SP|2,0
Q9BQB6|EUKARYA|NO_SP|0,0
P53142|EUKARYA|NO_SP|0,0
O95477|EUKARYA|NO_SP|1,0
P78363|EUKARYA|NO_SP|1,0
O80452|EUKARYA|NO_SP|2,0
Q16853|EUKARYA|NO_SP|2,0
P29972|EUKARYA|NO_SP|0,0
Q9HDC9|EUKARYA|NO_SP|2,0
Q9HD20|EUKARYA|NO_SP|0,0
P21616|EUKARYA|NO_SP|2,0
P40074|EUKARYA|NO_SP|0,0
O76090|EUKARYA|NO_SP|2,0
P14772|EUKARYA|NO_SP|1,0
P55061|EUKARYA|NO_SP|2,0
P40501|EUKARYA|NO_SP|0,0
P32198|EUKARYA|NO_SP|2,0
Q9GZY4|EUKARYA|NO_SP|2,0
Q9Y2R0|EUKARYA|NO_SP|0,0
Q9NZ45|EUKARYA|NO_SP|2,0
P51795|EUKARYA|NO_SP|1,0
P00163|EUKARYA|NO_SP|2,0
Q8WWI5|EUKARYA|NO_SP|1,0
P00157|EUKARYA|NO_SP|2,0
P18946|EUKARYA|NO_SP|2,0
P28845|EUKARYA|NO_SP|0,0
Q05521|EUKARYA|NO_SP|2,0
Q9LRB7|EUKARYA|NO_SP|1,0
Q0WPQ2|EUKARYA|NO_SP|2,0
P97612|EUKARYA|NO_SP|0,0
O75844|EUKARYA|NO_SP|2,0
Q04991|EUKARYA|NO_SP|2,0
Q8VI64|EUKARYA|NO_SP|0,0
Q5VT66|EUKARYA|NO_SP|0,0
Q05085|EUKARYA|NO_SP|2,0
Q14542|EUKARYA|NO_SP|2,0
Q9UHI7|EUKARYA|NO_SP|1,0
P43007|EUKARYA|NO_SP|0,0
O76082|EUKARYA|NO_SP|0,0
O35114|EUKARYA|NO_SP|2,0
O09117|EUKARYA|NO_SP|2,0
Q04083|EUKARYA|NO_SP|1,0
P39109|EUKARYA|NO_SP|2,0
Q12301|EUKARYA|NO_SP|1,0
P53747|EUKARYA|NO_SP|0,0
Q08743|EUKARYA|NO_SP|2,0
P47114|EUKARYA|NO_SP|1,0
Q12042|EUKARYA|NO_SP|2,0
Q9VKD7|EUKARYA|NO_SP|1,0
Q12010|EUKARYA|NO_SP|2,0
Q3U9N9|EUKARYA|NO_SP|0,0
Q7RTY0|EUKARYA|NO_SP|0,0
Q06328|EUKARYA|NO_SP|2,0
Q8N2A8|EUKARYA|NO_SP|0,0
Q8S396|EUKARYA|NO_SP|1,0
Q8RWU6|EUKARYA|NO_SP|1,0
P60202|EUKARYA|NO_SP|1,0
Q68KI4|EUKARYA|NO_SP|2,0
Q9ZT63|EUKARYA|NO_SP|2,0
Q9BXA5|EUKARYA|NO_SP|2,0
Q01959|EUKARYA|NO_SP|1,0
P53324|EUKARYA|NO_SP|0,0
Q5J7P3|EUKARYA|NO_SP|2,0
Q7TNJ2|EUKARYA|NO_SP|1,0
O88788|EUKARYA|NO_SP|0,0
O08590|EUKARYA|NO_SP|2,0
P79171|EUKARYA|NO_SP|2,0
Q38998|EUKARYA|NO_SP|0,0
Q9N2J4|EUKARYA|NO_SP|0,0
O75110|EUKARYA|NO_SP|1,0
Q9JJ05|EUKARYA|NO_SP|2,0
Q9CAX3|EUKARYA|NO_SP|0,0
Q61451|EUKARYA|NO_SP|0,0
P40239|EUKARYA|NO_SP|0,0
P30409|EUKARYA|NO_SP|0,0
Q9SKN3|EUKARYA|NO_SP|1,0
Q80W99|EUKARYA|NO_SP|2,0
Q9BUN8|EUKARYA|NO_SP|2,0
Q7M3I4|EUKARYA|NO_SP|0,0
Q8BMT9|EUKARYA|NO_SP|1,0
G5EBK1|EUKARYA|NO_SP|1,0
Q99LH2|EUKARYA|NO_SP|2,0
O54698|EUKARYA|NO_SP|2,0
Q5IZC8|EUKARYA|NO_SP|2,0
Q9EQT6|EUKARYA|NO_SP|1,0
Q9R0N5|EUKARYA|NO_SP|2,0
Q9R0N8|EUKARYA|NO_SP|2,0
Q9BT88|EUKARYA|NO_SP|2,0
O62646|EUKARYA|NO_SP|2,0
P19407|EUKARYA|NO_SP|1,0
Q9SM57|EUKARYA|NO_SP|1,0
Q9SVC4|EUKARYA|NO_SP|1,0
Q6AX31|EUKARYA|NO_SP|2,0
Q9NSD5|EUKARYA|NO_SP|0,0
P31646|EUKARYA|NO_SP|0,0
P31649|EUKARYA|NO_SP|0,0
Q3ZBU2|EUKARYA|NO_SP|2,0
P51794|EUKARYA|NO_SP|1,0
Q9SQU2|EUKARYA|NO_SP|2,0
Q3EB59|EUKARYA|NO_SP|1,0
Q8BVN3|EUKARYA|NO_SP|1,0
Q6R0J2|EUKARYA|NO_SP|0,0
Q9LYT3|EUKARYA|NO_SP|2,0
Q9CQB5|EUKARYA|NO_SP|2,0
Q9FFZ7|EUKARYA|NO_SP|0,0
Q9SIH4|EUKARYA|NO_SP|0,0
Q8VEK0|EUKARYA|NO_SP|0,0
Q7TSN4|EUKARYA|NO_SP|1,0
P51802|EUKARYA|NO_SP|0,0
Q9WUB6|EUKARYA|NO_SP|0,0
P30355|EUKARYA|NO_SP|0,0
Q8TF62|EUKARYA|NO_SP|2,0
Q96GC9|EUKARYA|NO_SP|2,0
Q9LZI2|EUKARYA|NO_SP|1,0
Q9GMC9|EUKARYA|NO_SP|0,0
Q9HCF6|EUKARYA|NO_SP|2,0
P16257|EUKARYA|NO_SP|0,0
Q9ASS7|EUKARYA|NO_SP|2,0
Q9LXF3|EUKARYA|NO_SP|0,0
Q91WS0|EUKARYA|NO_SP|2,0
Q8W4K3|EUKARYA|NO_SP|2,0
Q3MIR4|EUKARYA|NO_SP|0,0
Q6WRU0|EUKARYA|NO_SP|2,0
P30535|EUKARYA|NO_SP|0,0
Q6UN27|EUKARYA|NO_SP|0,0
Q9SD80|EUKARYA|NO_SP|1,0
P20905|EUKARYA|NO_SP|2,0
P30536|EUKARYA|NO_SP|0,0
Q9W701|EUKARYA|NO_SP|0,0
Q9P0U1|EUKARYA|NO_SP|1,0
Q41951|EUKARYA|NO_SP|0,0
Q9ASY8|EUKARYA|NO_SP|2,0
Q9UM00|EUKARYA|NO_SP|1,0
Q9FGL2|EUKARYA|NO_SP|0,0
P26587|EUKARYA|NO_SP|0,0
Q41963|EUKARYA|NO_SP|0,0
Q41975|EUKARYA|NO_SP|0,0
P25818|EUKARYA|NO_SP|0,0
P27615|EUKARYA|NO_SP|2,0
Q93Y07|EUKARYA|NO_SP|0,0
P40548|EUKARYA|NO_SP|2,0
Q01608|EUKARYA|NO_SP|1,0
P0C152|EUKARYA|NO_SP|1,0
Q9WUB7|EUKARYA|NO_SP|0,0
Q57837|ARCHAEA|NO_SP|2,0
Q8TMG0|ARCHAEA|NO_SP|2,0
O28846|ARCHAEA|NO_SP|0,0
O54088|ARCHAEA|NO_SP|2,0
P94854|ARCHAEA|NO_SP|0,0
Q9YBM8|ARCHAEA|NO_SP|2,0
O30085|ARCHAEA|NO_SP|2,0
A9A677|ARCHAEA|NO_SP|1,0
Q6LZY8|ARCHAEA|NO_SP|1,0
Q8TZK2|ARCHAEA|NO_SP|2,0
Q8U019|ARCHAEA|NO_SP|2,0
Q9YDF8|ARCHAEA|NO_SP|2,0
A3CWV0|ARCHAEA|NO_SP|2,0
O27564|ARCHAEA|NO_SP|1,0
O29285|ARCHAEA|NO_SP|2,0
O29867|ARCHAEA|NO_SP|1,0
O30143|ARCHAEA|NO_SP|1,0
O59010|ARCHAEA|NO_SP|2,0
P02945|ARCHAEA|NO_SP|0,0
P0DMH7|ARCHAEA|NO_SP|0,0
Q8U2X0|ARCHAEA|NO_SP|2,0
Q8TTZ4|ARCHAEA|NO_SP|0,0
Q60175|ARCHAEA|NO_SP|2,0
Q5JID0|ARCHAEA|NO_SP|2,0
Q57817|ARCHAEA|NO_SP|2,0
P69051|ARCHAEA|NO_SP|0,0
P42259|ARCHAEA|NO_SP|1,0
P60460|ARCHAEA|NO_SP|2,0
P29563|ARCHAEA|NO_SP|0,0
P15647|ARCHAEA|NO_SP|0,0
P0DMH8|ARCHAEA|NO_SP|1,0
D4GYH0|ARCHAEA|NO_SP|2,0
Q8NKW5|ARCHAEA|NO_SP|1,0
Q6LZR9|ARCHAEA|NO_SP|1,0
D4GTK4|ARCHAEA|NO_SP|1,0
Q58191|ARCHAEA|NO_SP|2,0
P40881|ARCHAEA|SP|2,1
Q58232|ARCHAEA|SP|2,1
P27373|ARCHAEA|SP|1,1
Q9C4B4|ARCHAEA|SP|2,1
Q12VE2|ARCHAEA|SP|2,1
Q12UJ4|ARCHAEA|SP|1,1
Q12WA9|ARCHAEA|SP|1,1
Q12WZ0|ARCHAEA|SP|1,1
Q12UD6|ARCHAEA|SP|1,1
Q12X64|ARCHAEA|SP|1,1
Q980C6|ARCHAEA|SP|1,1
Q97UG7|ARCHAEA|SP|1,1
Q97VF7|ARCHAEA|SP|1,1
Q97UH5|ARCHAEA|SP|1,1
Q6M088|ARCHAEA|SP|2,1
P17118|ARCHAEA|SP|2,1
Q58368|ARCHAEA|SP|2,1
O58348|ARCHAEA|SP|2,1
Q9UWR7|ARCHAEA|SP|1,1
O58925|ARCHAEA|SP|1,1
Q97VC2|ARCHAEA|SP|1,1
Q9YBL5|ARCHAEA|SP|1,1
Q9HHB0|ARCHAEA|SP|1,1
Q48929|ARCHAEA|SP|1,1
Q97VS7|ARCHAEA|SP|1,1
Q8U0C9|ARCHAEA|SP|2,1
Q8U1U6|ARCHAEA|SP|1,1
Q6L252|ARCHAEA|SP|1,1
Q9Y8I8|ARCHAEA|SP|1,1
O08452|ARCHAEA|SP|2,1
O93635|ARCHAEA|SP|2,1
Q9UWN2|ARCHAEA|SP|2,1
Q9YFI3|ARCHAEA|SP|1,1
Q9V2T0|ARCHAEA|SP|1,1
Q8NKS8|ARCHAEA|SP|1,1
Q3HUR3|ARCHAEA|SP|1,1
Q2QC88|ARCHAEA|SP|2,1
Q5JIZ5|ARCHAEA|SP|2,1
A8ABZ0|ARCHAEA|SP|1,1
G8YXZ9|ARCHAEA|SP|1,1
B1GT61|ARCHAEA|SP|1,1
Q8X235|ARCHAEA|SP|2,1
A6URZ5|ARCHAEA|SP|2,1
Q48236|ARCHAEA|TAT|0,1
Q60224|ARCHAEA|TAT|0,1
P29143|ARCHAEA|TAT|1,1
Q2TME8|ARCHAEA|TAT|1,1
Q4A3E0|ARCHAEA|TAT|0,1
Q5RLZ1|ARCHAEA|TAT|1,1
I3R794|ARCHAEA|TAT|1,1
Q97UF5|ARCHAEA|TAT|2,1
Q9HSH6|ARCHAEA|TAT|2,1
D4GPN3|ARCHAEA|TAT|0,1
D4GPW9|ARCHAEA|TAT|0,1
Q9HHA8|ARCHAEA|TAT|0,1
D4GQ16|ARCHAEA|TATLIPO|0,1
Q9HPK2|ARCHAEA|TATLIPO|0,1
D4GSY9|ARCHAEA|TATLIPO|0,1
B0R6I5|ARCHAEA|TATLIPO|0,1
P39442|ARCHAEA|TATLIPO|1,1
P58300|ARCHAEA|LIPO|0,1
Q58586|ARCHAEA|LIPO|1,1
Q9UZJ3|ARCHAEA|LIPO|2,1
O29850|ARCHAEA|LIPO|2,1
A4G0R9|ARCHAEA|LIPO|1,1
Q8U0A4|ARCHAEA|LIPO|1,1
C7NWW8|ARCHAEA|LIPO|0,1
O57890|ARCHAEA|LIPO|1,1
O28918|ARCHAEA|LIPO|2,1
Q58282|ARCHAEA|LIPO|2,1
O30316|ARCHAEA|LIPO|0,1
A6VHR6|ARCHAEA|LIPO|1,1
E7FI45|ARCHAEA|NO_SP|0,0
E7FHP1|ARCHAEA|NO_SP|2,0
D4GYG5|ARCHAEA|NO_SP|2,0
Q5JIZ3|ARCHAEA|NO_SP|1,0
D4GQN4|ARCHAEA|NO_SP|2,0
D4GQN5|ARCHAEA|NO_SP|0,0
B0R9Z1|ARCHAEA|NO_SP|2,0
D4GQN6|ARCHAEA|NO_SP|1,0
Q4J923|ARCHAEA|NO_SP|2,0
F2Z6D2|ARCHAEA|NO_SP|2,0
Q4J924|ARCHAEA|NO_SP|2,0
Q8U3V3|ARCHAEA|NO_SP|1,0
Q8U1S5|ARCHAEA|NO_SP|1,0
Q8U1S9|ARCHAEA|NO_SP|2,0
Q97WX2|ARCHAEA|NO_SP|1,0
Q97WX5|ARCHAEA|NO_SP|2,0
Q97WX4|ARCHAEA|NO_SP|2,0
Q97WX3|ARCHAEA|NO_SP|1,0
Q97WX1|ARCHAEA|NO_SP|2,0
Q8U1S6|ARCHAEA|NO_SP|1,0
Q8U1T0|ARCHAEA|NO_SP|1,0
Q97WX0|ARCHAEA|NO_SP|2,0
Q8U1S7|ARCHAEA|NO_SP|1,0
Q8U1T1|ARCHAEA|NO_SP|1,0
O26325|ARCHAEA|NO_SP|2,0
Q4J6M5|ARCHAEA|NO_SP|2,0
Q4J6M3|ARCHAEA|NO_SP|1,0
Q6F4N1|ARCHAEA|NO_SP|2,0
B0R5M0|ARCHAEA|NO_SP|1,0
Q56304|ARCHAEA|NO_SP|1,0
D4GYW6|ARCHAEA|NO_SP|2,0
B0R6J9|ARCHAEA|NO_SP|0,0
E7FI44|ARCHAEA|NO_SP|0,0
Q8U2E4|ARCHAEA|NO_SP|1,0
E7FHF8|ARCHAEA|NO_SP|1,0
Q46AU8|ARCHAEA|NO_SP|2,0
Q48327|ARCHAEA|NO_SP|2,0
Q8PZ67|ARCHAEA|NO_SP|1,0
P0C882|ARCHAEA|NO_SP|1,0
B0R2Z3|ARCHAEA|NO_SP|2,0
P84626|ARCHAEA|NO_SP|2,0
P84621|ARCHAEA|NO_SP|2,0
P84623|ARCHAEA|NO_SP|1,0
Q8U2E5|ARCHAEA|NO_SP|1,0
E7FHN9|ARCHAEA|NO_SP|1,0
E7FHU4|ARCHAEA|NO_SP|1,0
E7FHC4|ARCHAEA|NO_SP|0,0
E7FHW8|ARCHAEA|NO_SP|1,0
Q07841|ARCHAEA|NO_SP|2,0
L8B068|ARCHAEA|NO_SP|2,0
Q50744|ARCHAEA|NO_SP|1,0
Q51732|ARCHAEA|NO_SP|2,0
Q9UX97|ARCHAEA|NO_SP|2,0
P62426|ARCHAEA|NO_SP|0,0
P60832|ARCHAEA|NO_SP|2,0
P60780|ARCHAEA|NO_SP|2,0
P55858|ARCHAEA|NO_SP|0,0
P60781|ARCHAEA|NO_SP|2,0
P62378|ARCHAEA|NO_SP|2,0
D4GW40|ARCHAEA|NO_SP|2,0
O29633|ARCHAEA|NO_SP|0,0
Q5JFG9|ARCHAEA|NO_SP|1,0
O07116|ARCHAEA|NO_SP|2,0
Q977V2|ARCHAEA|NO_SP|0,0
O29010|ARCHAEA|NO_SP|2,0
Q8U194|ARCHAEA|NO_SP|2,0
Q8U195|ARCHAEA|NO_SP|2,0
Q9Y9L0|ARCHAEA|NO_SP|2,0
Q55088|ARCHAEA|NO_SP|1,0
P84624|ARCHAEA|NO_SP|1,0
P84625|ARCHAEA|NO_SP|0,0
P84627|ARCHAEA|NO_SP|0,0
Q7PC63|POSITIVE|NO_SP|2,0
G3KIM8|POSITIVE|NO_SP|2,0
Q9ZN78|POSITIVE|NO_SP|2,0
P0A006|POSITIVE|NO_SP|1,0
Q9R9H8|POSITIVE|NO_SP|1,0
H6LGM6|POSITIVE|NO_SP|2,0
P26901|POSITIVE|NO_SP|2,0
H6LGM8|POSITIVE|NO_SP|2,0
Q8RJB2|POSITIVE|NO_SP|2,0
H6LGM7|POSITIVE|NO_SP|2,0
O32049|POSITIVE|NO_SP|2,0
Q9F8A8|POSITIVE|NO_SP|1,0
P59934|POSITIVE|NO_SP|1,0
P54475|POSITIVE|NO_SP|0,0
P32081|POSITIVE|NO_SP|2,0
P37584|POSITIVE|NO_SP|1,0
P18326|POSITIVE|NO_SP|2,0
P08821|POSITIVE|NO_SP|0,0
Q8NTE1|POSITIVE|NO_SP|0,0
A0QVQ8|POSITIVE|NO_SP|2,0
P37573|POSITIVE|NO_SP|2,0
P71021|POSITIVE|NO_SP|0,0
P09124|POSITIVE|NO_SP|2,0
P51835|POSITIVE|NO_SP|2,0
P94531|POSITIVE|NO_SP|0,0
Q7A338|POSITIVE|NO_SP|1,0
P9WKH1|POSITIVE|NO_SP|1,0
B2HSU9|POSITIVE|NO_SP|2,0
A0QNI5|POSITIVE|NO_SP|1,0
G3KIM6|POSITIVE|NO_SP|2,0
G3KIM7|POSITIVE|NO_SP|2,0
P37214|POSITIVE|NO_SP|1,0
P0C050|POSITIVE|NO_SP|1,0
P71590|POSITIVE|NO_SP|2,0
Q2FYR2|POSITIVE|NO_SP|1,0
B2HSU5|POSITIVE|NO_SP|2,0
P74838|POSITIVE|NO_SP|1,0
P37553|POSITIVE|NO_SP|1,0
Q797E6|POSITIVE|NO_SP|1,0
O06974|POSITIVE|NO_SP|2,0
P46919|POSITIVE|NO_SP|0,0
C5C7X8|POSITIVE|NO_SP|0,0
Q59556|POSITIVE|NO_SP|2,0
C5C7X9|POSITIVE|NO_SP|1,0
Q2FZE2|POSITIVE|NO_SP|2,0
Q9CGF7|POSITIVE|NO_SP|2,0
A1C3L9|POSITIVE|NO_SP|1,0
P94552|POSITIVE|NO_SP|0,0
Q9KWG2|POSITIVE|NO_SP|2,0
P11018|POSITIVE|NO_SP|1,0
P9WIP7|POSITIVE|NO_SP|2,0
O34484|POSITIVE|NO_SP|2,0
P19994|POSITIVE|NO_SP|2,0
P42450|POSITIVE|NO_SP|1,0
O34543|POSITIVE|NO_SP|1,0
O34689|POSITIVE|NO_SP|1,0
P96692|POSITIVE|NO_SP|2,0
O34842|POSITIVE|NO_SP|1,0
P96693|POSITIVE|NO_SP|1,0
G2K449|POSITIVE|NO_SP|2,0
P54462|POSITIVE|NO_SP|2,0
P37524|POSITIVE|NO_SP|2,0
Q9L9F1|POSITIVE|NO_SP|1,0
P20964|POSITIVE|NO_SP|2,0
Q5HJF4|POSITIVE|NO_SP|2,0
O34825|POSITIVE|NO_SP|2,0
O34877|POSITIVE|NO_SP|1,0
O34787|POSITIVE|NO_SP|2,0
O31782|POSITIVE|NO_SP|1,0
Q04J42|POSITIVE|NO_SP|2,0
P40805|POSITIVE|NO_SP|1,0
Q05470|POSITIVE|NO_SP|1,0
Q02VB0|POSITIVE|NO_SP|1,0
A0QZ12|POSITIVE|NO_SP|1,0
O34769|POSITIVE|NO_SP|2,0
P40830|POSITIVE|NO_SP|2,0
P40802|POSITIVE|NO_SP|1,0
P40806|POSITIVE|NO_SP|2,0
P40872|POSITIVE|NO_SP|1,0
O31784|POSITIVE|NO_SP|2,0
P83221|POSITIVE|NO_SP|0,0
Q9Z4P6|POSITIVE|NO_SP|2,0
Q9Z4Q7|POSITIVE|NO_SP|1,0
O31749|POSITIVE|NO_SP|0,0
P05651|POSITIVE|NO_SP|0,0
P45870|POSITIVE|NO_SP|2,0
P42095|POSITIVE|NO_SP|2,0
O34748|POSITIVE|NO_SP|1,0
P0CI78|POSITIVE|NO_SP|1,0
O31760|POSITIVE|NO_SP|1,0
P37547|POSITIVE|NO_SP|1,0
O34857|POSITIVE|NO_SP|2,0
P35154|POSITIVE|NO_SP|1,0
P35155|POSITIVE|NO_SP|1,0
A0QNH4|POSITIVE|NO_SP|0,0
A0QNH6|POSITIVE|NO_SP|0,0
O34889|POSITIVE|NO_SP|2,0
O32242|POSITIVE|NO_SP|2,0
C0SP86|POSITIVE|NO_SP|2,0
O31728|POSITIVE|NO_SP|1,0
P54375|POSITIVE|NO_SP|1,0
P37105|POSITIVE|NO_SP|0,0
Q9L524|POSITIVE|NO_SP|2,0
P51834|POSITIVE|NO_SP|0,0
C0SPB6|POSITIVE|NO_SP|2,0
Q9EYW6|POSITIVE|NO_SP|1,0
O31625|POSITIVE|NO_SP|2,0
O32266|POSITIVE|NO_SP|1,0
Q8Y678|POSITIVE|NO_SP|2,0
O05516|POSITIVE|NO_SP|2,0
O05515|POSITIVE|NO_SP|2,0
O53193|POSITIVE|NO_SP|1,0
P39795|POSITIVE|NO_SP|1,0
Q6MX39|POSITIVE|NO_SP|1,0
A5TZU0|POSITIVE|NO_SP|2,0
P37466|POSITIVE|NO_SP|2,0
Q9S426|POSITIVE|NO_SP|1,0
A0R006|POSITIVE|NO_SP|0,0
O69231|POSITIVE|NO_SP|1,0
P81102|POSITIVE|NO_SP|2,0
O31537|POSITIVE|NO_SP|2,0
O31601|POSITIVE|NO_SP|1,0
P9WFF5|POSITIVE|NO_SP|2,0
P13128|POSITIVE|SP|1,1
A0P8X0|POSITIVE|SP|1,1
P33379|POSITIVE|SP|1,1
P19584|POSITIVE|SP|2,1
P19571|POSITIVE|SP|2,1
P06279|POSITIVE|SP|2,1
Q05884|POSITIVE|SP|1,1
P9WIR7|POSITIVE|SP|0,1
P00692|POSITIVE|SP|2,1
P16950|POSITIVE|SP|2,1
P17953|POSITIVE|SP|1,1
Q44856|POSITIVE|SP|1,1
P10425|POSITIVE|SP|1,1
P04190|POSITIVE|SP|1,1
P10424|POSITIVE|SP|1,1
P15926|POSITIVE|SP|0,1
P31835|POSITIVE|SP|2,1
P0C2S1|POSITIVE|SP|1,1
P31746|POSITIVE|SP|2,1
P09121|POSITIVE|SP|2,1
P17692|POSITIVE|SP|2,1
P31797|POSITIVE|SP|2,1
P10477|POSITIVE|SP|2,1
P27050|POSITIVE|SP|2,1
O07921|POSITIVE|SP|1,1
P33665|POSITIVE|SP|1,1
Q02113|POSITIVE|SP|2,1
P40136|POSITIVE|SP|1,1
P35150|POSITIVE|SP|1,1
P39042|POSITIVE|SP|0,1
P39045|POSITIVE|SP|1,1
P39653|POSITIVE|SP|0,1
O82833|POSITIVE|SP|2,1
P04635|POSITIVE|SP|1,1
O88038|POSITIVE|SP|1,1
P24121|POSITIVE|SP|2,1
P23903|POSITIVE|SP|1,1
Q6RUF5|POSITIVE|SP|1,1
P22266|POSITIVE|SP|0,1
P0A0L2|POSITIVE|SP|2,1
P01552|POSITIVE|SP|1,1
P34071|POSITIVE|SP|1,1
P01553|POSITIVE|SP|1,1
Q79F14|POSITIVE|SP|1,1
P12993|POSITIVE|SP|2,1
E9K9Z1|POSITIVE|SP|1,1
P22541|POSITIVE|SP|1,1
Q02934|POSITIVE|SP|1,1
P16216|POSITIVE|SP|1,1
P26221|POSITIVE|SP|1,1
Q05156|POSITIVE|SP|2,1
P18336|POSITIVE|SP|1,1
P04957|POSITIVE|SP|1,1
A3DH67|POSITIVE|SP|2,1
P23659|POSITIVE|SP|1,1
P17901|POSITIVE|SP|2,1
P80172|POSITIVE|SP|1,1
Q0Z8B6|POSITIVE|SP|1,1
Q2FV52|POSITIVE|SP|0,1
Q9LAB5|POSITIVE|SP|1,1
P83674|POSITIVE|SP|1,1
O54081|POSITIVE|SP|2,1
P39848|POSITIVE|SP|2,1
P19401|POSITIVE|SP|2,1
P51529|POSITIVE|SP|1,1
P31716|POSITIVE|SP|2,1
P54421|POSITIVE|SP|0,1
Q53599|POSITIVE|SP|1,1
O54082|POSITIVE|SP|1,1
P31715|POSITIVE|SP|1,1
P16947|POSITIVE|SP|2,1
P02977|POSITIVE|SP|2,1
P9WIN9|POSITIVE|SP|1,1
P38577|POSITIVE|SP|1,1
P9WIP1|POSITIVE|SP|2,1
P9WG65|POSITIVE|SP|2,1
A0QR29|POSITIVE|SP|1,1
P39046|POSITIVE|SP|1,1
O34313|POSITIVE|SP|1,1
C7G1H4|POSITIVE|SP|1,1
P86242|POSITIVE|SP|2,1
P11889|POSITIVE|SP|2,1
P11657|POSITIVE|SP|1,1
P31956|POSITIVE|SP|1,1
P20626|POSITIVE|SP|1,1
Q0TV31|POSITIVE|SP|2,1
P96740|POSITIVE|SP|1,1
P19406|POSITIVE|SP|2,1
Q81HT3|POSITIVE|SP|1,1
P22629|POSITIVE|SP|2,1
O34344|POSITIVE|SP|1,1
P38538|POSITIVE|SP|1,1
Q8NKX2|POSITIVE|SP|1,1
P0A3V1|POSITIVE|SP|1,1
P06654|POSITIVE|SP|1,1
Q2FZL3|POSITIVE|SP|1,1
P50470|POSITIVE|SP|2,1
Q2FXC2|POSITIVE|SP|2,1
Q2FXC4|POSITIVE|SP|2,1
P07767|POSITIVE|SP|1,1
P01006|POSITIVE|SP|0,1
P00779|POSITIVE|SP|1,1
Q2FXC8|POSITIVE|SP|2,1
P61153|POSITIVE|SP|0,1
P43131|POSITIVE|SP|2,1
Q2FXC3|POSITIVE|SP|2,1
P04189|POSITIVE|SP|2,1
P23564|POSITIVE|SP|2,1
Q0TUS0|POSITIVE|SP|2,1
A9Q0M7|POSITIVE|SP|1,1
A4QFQ3|POSITIVE|SP|2,1
Q3MUH7|POSITIVE|SP|2,1
P26515|POSITIVE|SP|1,1
Q9AQS0|POSITIVE|SP|1,1
P54423|POSITIVE|SP|1,1
A4QD57|POSITIVE|SP|2,1
Q45071|POSITIVE|SP|1,1
P83513|POSITIVE|SP|1,1
O31803|POSITIVE|SP|1,1
P54484|POSITIVE|SP|1,1
P42111|POSITIVE|SP|2,1
P94356|POSITIVE|SP|1,1
A2RMJ9|POSITIVE|NO_SP|2,0
A5U127|POSITIVE|NO_SP|2,0
Q9KAX3|POSITIVE|NO_SP|2,0
Q99T13|POSITIVE|NO_SP|2,0
Q99T05|POSITIVE|NO_SP|1,0
Q8Y5K1|POSITIVE|NO_SP|2,0
Q8R6L9|POSITIVE|NO_SP|1,0
Q81HW2|POSITIVE|NO_SP|2,0
Q72XQ0|POSITIVE|NO_SP|2,0
O34840|POSITIVE|NO_SP|2,0
C2R3K4|POSITIVE|NO_SP|2,0
D6R8X8|POSITIVE|NO_SP|2,0
P22483|POSITIVE|NO_SP|0,0
E5QVT2|POSITIVE|NO_SP|0,0
F5L478|POSITIVE|NO_SP|1,0
O32081|POSITIVE|NO_SP|1,0
P0A333|POSITIVE|NO_SP|0,0
P43457|POSITIVE|NO_SP|2,0
P54582|POSITIVE|NO_SP|2,0
Q186B7|POSITIVE|NO_SP|1,0
Q5KYD1|POSITIVE|NO_SP|2,0
P39793|POSITIVE|NO_SP|2,0
O31774|POSITIVE|NO_SP|0,0
Q9X3P3|POSITIVE|NO_SP|2,0
Q9L523|POSITIVE|NO_SP|1,0
O34853|POSITIVE|NO_SP|2,0
P27611|POSITIVE|NO_SP|2,0
Q2G2M2|POSITIVE|NO_SP|2,0
Q5BU39|POSITIVE|NO_SP|2,0
O07003|POSITIVE|NO_SP|1,0
A0QZ13|POSITIVE|NO_SP|0,0
P16655|POSITIVE|NO_SP|2,0
P9WN97|POSITIVE|NO_SP|0,0
A5U7B6|POSITIVE|NO_SP|2,0
Q04LE4|POSITIVE|NO_SP|1,0
A6TP80|POSITIVE|NO_SP|2,0
P9WP57|POSITIVE|NO_SP|1,0
Q9XA10|POSITIVE|NO_SP|1,0
P50726|POSITIVE|NO_SP|0,0
P32011|POSITIVE|NO_SP|2,0
P71044|POSITIVE|NO_SP|2,0
P35160|POSITIVE|NO_SP|2,0
P0C1P7|POSITIVE|NO_SP|1,0
Q9ZEP5|POSITIVE|LIPO|0,1
Q8VQS9|POSITIVE|LIPO|1,1
O34385|POSITIVE|LIPO|1,1
O34966|POSITIVE|LIPO|1,1
O31567|POSITIVE|LIPO|1,1
P54535|POSITIVE|LIPO|1,1
O05410|POSITIVE|LIPO|2,1
P54941|POSITIVE|LIPO|1,1
P06548|POSITIVE|LIPO|2,1
Q08429|POSITIVE|LIPO|2,1
P24011|POSITIVE|LIPO|0,1
Q03490|POSITIVE|LIPO|0,1
P9WNF2|POSITIVE|LIPO|2,1
P0A609|POSITIVE|LIPO|0,1
Q9Z692|POSITIVE|LIPO|1,1
Q00749|POSITIVE|LIPO|1,1
P97008|POSITIVE|LIPO|1,1
Q8NNK2|POSITIVE|LIPO|2,1
P49941|POSITIVE|LIPO|0,1
P9WK80|POSITIVE|LIPO|2,1
P9WK79|POSITIVE|LIPO|2,1
P9WK76|POSITIVE|LIPO|0,1
P9WK70|POSITIVE|LIPO|0,1
Q82DB7|POSITIVE|LIPO|0,1
P46733|POSITIVE|LIPO|0,1
O33192|POSITIVE|LIPO|2,1
A0R1E8|POSITIVE|LIPO|2,1
Q9L1P4|POSITIVE|LIPO|0,1
O31810|POSITIVE|LIPO|2,1
P40406|POSITIVE|LIPO|2,1
P9WHR3|POSITIVE|LIPO|2,1
P07870|POSITIVE|LIPO|2,1
Q93N68|POSITIVE|LIPO|2,1
Q9ZFB3|POSITIVE|LIPO|0,1
Q8RQL6|POSITIVE|LIPO|1,1
Q5HGV1|POSITIVE|LIPO|2,1
I6Y9J2|POSITIVE|LIPO|2,1
Q6NIS1|POSITIVE|LIPO|0,1
Q4JTP9|POSITIVE|LIPO|0,1
Q9CCJ0|POSITIVE|LIPO|0,1
Q9ZBM7|POSITIVE|LIPO|2,1
P96264|POSITIVE|LIPO|2,1
Q9CC94|POSITIVE|LIPO|0,1
P65317|POSITIVE|LIPO|0,1
P9WK41|POSITIVE|LIPO|0,1
P9WK69|POSITIVE|LIPO|0,1
Q7TWW9|POSITIVE|LIPO|0,1
T2GP47|POSITIVE|LIPO|0,1
Q8G849|POSITIVE|LIPO|0,1
Q9KYX0|POSITIVE|LIPO|0,1
Q9CCP6|POSITIVE|LIPO|2,1
P59213|POSITIVE|LIPO|1,1
O32436|POSITIVE|LIPO|2,1
P59214|POSITIVE|LIPO|1,1
P0A5Y1|POSITIVE|LIPO|2,1
P42363|POSITIVE|LIPO|1,1
P0DF61|POSITIVE|LIPO|1,1
P60750|POSITIVE|LIPO|1,1
Q8Y557|POSITIVE|LIPO|1,1
Q5L289|POSITIVE|LIPO|1,1
Q81GY5|POSITIVE|LIPO|1,1
Q81U45|POSITIVE|LIPO|1,1
P60810|POSITIVE|LIPO|1,1
Q899I2|POSITIVE|LIPO|1,1
P9WGT8|POSITIVE|LIPO|1,1
P60812|POSITIVE|LIPO|1,1
Q81DT1|POSITIVE|LIPO|1,1
Q8E602|POSITIVE|LIPO|1,1
A8AYJ0|POSITIVE|LIPO|1,1
C1CK62|POSITIVE|LIPO|1,1
Q71ZM6|POSITIVE|LIPO|1,1
P0DD42|POSITIVE|LIPO|1,1
Q929F4|POSITIVE|LIPO|1,1
B1IGZ5|POSITIVE|LIPO|1,1
B1KTE0|POSITIVE|LIPO|1,1
B9DY54|POSITIVE|LIPO|1,1
C5D6L9|POSITIVE|LIPO|1,1
Q8CNR4|POSITIVE|LIPO|1,1
C1C6V8|POSITIVE|LIPO|1,1
Q92BR2|POSITIVE|LIPO|1,1
Q81GN0|POSITIVE|LIPO|1,1
Q2FFQ5|POSITIVE|LIPO|1,1
Q4L565|POSITIVE|LIPO|0,1
Q2FI17|POSITIVE|LIPO|0,1
P9WG28|POSITIVE|LIPO|0,1
Q9CBI6|POSITIVE|LIPO|0,1
P42461|POSITIVE|LIPO|0,1
A0QYB5|POSITIVE|LIPO|2,1
Q9K9G5|POSITIVE|LIPO|2,1
Q2YUT0|POSITIVE|LIPO|1,1
Q2FKF8|POSITIVE|LIPO|1,1
Q7A886|POSITIVE|LIPO|1,1
Q7A885|POSITIVE|LIPO|1,1
Q6G6I6|POSITIVE|LIPO|1,1
Q5HK97|POSITIVE|LIPO|1,1
Q6GE63|POSITIVE|LIPO|1,1
Q7A7G4|POSITIVE|LIPO|1,1
Q7A7G3|POSITIVE|LIPO|1,1
Q2YZ16|POSITIVE|LIPO|1,1
Q5HD65|POSITIVE|LIPO|1,1
Q2YVQ5|POSITIVE|LIPO|1,1
Q7A7G6|POSITIVE|LIPO|1,1
Q99WG2|POSITIVE|LIPO|1,1
Q2G0X0|POSITIVE|LIPO|1,1
Q99WG5|POSITIVE|LIPO|1,1
Q99WF7|POSITIVE|LIPO|1,1
Q5HKC5|POSITIVE|LIPO|1,1
Q2YVQ8|POSITIVE|LIPO|1,1
Q2YVQ6|POSITIVE|LIPO|1,1
Q2YVQ4|POSITIVE|LIPO|1,1
Q8NY36|POSITIVE|LIPO|1,1
Q8CTZ0|POSITIVE|LIPO|1,1
Q8NUV8|POSITIVE|LIPO|1,1
Q5HK99|POSITIVE|LIPO|1,1
Q6GDV2|POSITIVE|LIPO|1,1
Q2G1P9|POSITIVE|LIPO|1,1
P9WL77|POSITIVE|LIPO|0,1
Q9RKQ0|POSITIVE|LIPO|0,1
Q5HKA6|POSITIVE|LIPO|1,1
Q5HKA4|POSITIVE|LIPO|1,1
Q2YVQ7|POSITIVE|LIPO|1,1
Q6GJN2|POSITIVE|LIPO|1,1
Q6GJM9|POSITIVE|LIPO|1,1
Q5HIN3|POSITIVE|LIPO|1,1
Q7A3L3|POSITIVE|LIPO|1,1
Q5HD64|POSITIVE|LIPO|1,1
Q2YVR0|POSITIVE|LIPO|1,1
Q8NY35|POSITIVE|LIPO|1,1
Q99WF8|POSITIVE|LIPO|1,1
O05703|POSITIVE|LIPO|1,1
P42061|POSITIVE|LIPO|1,1
P94528|POSITIVE|LIPO|1,1
Q6NG98|POSITIVE|LIPO|2,1
P94446|POSITIVE|LIPO|2,1
Q8FNQ7|POSITIVE|LIPO|2,1
Q82EB0|POSITIVE|LIPO|0,1
P26906|POSITIVE|LIPO|1,1
Q99WN4|POSITIVE|LIPO|1,1
Q4L8N2|POSITIVE|LIPO|1,1
J9W7B2|POSITIVE|LIPO|0,1
Q49803|POSITIVE|LIPO|0,1
Q8NMT9|POSITIVE|LIPO|0,1
B3DPP6|POSITIVE|LIPO|0,1
Q73UK8|POSITIVE|LIPO|0,1
A0PRE9|POSITIVE|LIPO|0,1
C1B1D9|POSITIVE|LIPO|0,1
Q9CD47|POSITIVE|LIPO|0,1
Q93CB6|POSITIVE|LIPO|0,1
P9WK50|POSITIVE|LIPO|2,1
P9WK75|POSITIVE|LIPO|0,1
Q6AGI5|POSITIVE|LIPO|0,1
Q0S2Y3|POSITIVE|LIPO|0,1
P9WK56|POSITIVE|LIPO|0,1
P9WK53|POSITIVE|LIPO|0,1
O07750|POSITIVE|LIPO|0,1
A1R848|POSITIVE|LIPO|0,1
P9WK58|POSITIVE|LIPO|0,1
P9WK54|POSITIVE|LIPO|2,1
Q9CC87|POSITIVE|LIPO|0,1
P54134|POSITIVE|LIPO|2,1
Q53891|POSITIVE|LIPO|1,1
P15698|POSITIVE|LIPO|1,1
Q9L5X0|POSITIVE|LIPO|1,1
P42364|POSITIVE|LIPO|1,1
P0A4G2|POSITIVE|LIPO|1,1
Q9L5X1|POSITIVE|LIPO|1,1
Q5XDI6|POSITIVE|LIPO|1,1
P42708|POSITIVE|LIPO|2,1
Q8CVC9|POSITIVE|LIPO|1,1
P0A5Y3|POSITIVE|LIPO|1,1
Q9CBE5|POSITIVE|LIPO|1,1
Q49XJ1|POSITIVE|LIPO|1,1
Q8Y759|POSITIVE|LIPO|1,1
Q71XE6|POSITIVE|LIPO|1,1
Q837Y9|POSITIVE|LIPO|1,1
A4IKU2|POSITIVE|LIPO|1,1
Q8R760|POSITIVE|LIPO|2,1
C3KW94|POSITIVE|LIPO|1,1
A7GJD2|POSITIVE|LIPO|1,1
Q04KU8|POSITIVE|LIPO|1,1
Q7A0X7|POSITIVE|LIPO|1,1
P42199|POSITIVE|LIPO|1,1
Q48754|POSITIVE|LIPO|1,1
Q92BW7|POSITIVE|LIPO|1,1
Q8CU19|POSITIVE|LIPO|1,1
Q8NYU1|POSITIVE|LIPO|1,1
Q8NYU0|POSITIVE|LIPO|1,1
Q99XB6|POSITIVE|LIPO|1,1
Q99XB2|POSITIVE|LIPO|1,1
A0QYB3|POSITIVE|LIPO|2,1
Q7A3L1|POSITIVE|LIPO|1,1
Q8CU18|POSITIVE|LIPO|1,1
Q5HKA2|POSITIVE|LIPO|1,1
Q6GKK2|POSITIVE|LIPO|1,1
Q7A884|POSITIVE|LIPO|1,1
Q7A3W5|POSITIVE|LIPO|1,1
Q2FJK2|POSITIVE|LIPO|1,1
Q5HKC6|POSITIVE|LIPO|1,1
Q8NY39|POSITIVE|LIPO|1,1
Q2FJK3|POSITIVE|LIPO|1,1
Q6GJN0|POSITIVE|LIPO|1,1
Q6GJN3|POSITIVE|LIPO|1,1
P16085|POSITIVE|LIPO|2,1
Q2FVC5|POSITIVE|LIPO|1,1
Q2FEC8|POSITIVE|LIPO|1,1
Q5HK85|POSITIVE|LIPO|1,1
P41108|POSITIVE|LIPO|0,1
Q932G7|POSITIVE|LIPO|1,1
Q2YVR1|POSITIVE|LIPO|1,1
Q7A7G2|POSITIVE|LIPO|1,1
Q2FJJ9|POSITIVE|LIPO|1,1
Q6GC47|POSITIVE|LIPO|1,1
Q2G0X1|POSITIVE|LIPO|1,1
Q2FJK4|POSITIVE|LIPO|1,1
Q6GJN1|POSITIVE|LIPO|1,1
Q7A7G1|POSITIVE|LIPO|1,1
Q7A7G0|POSITIVE|LIPO|1,1
Q82YV1|POSITIVE|LIPO|1,1
Q8CMK8|POSITIVE|LIPO|1,1
Q9CHZ9|POSITIVE|LIPO|1,1
A4W485|POSITIVE|LIPO|1,1
P96667|POSITIVE|LIPO|2,1
Q81XH4|POSITIVE|LIPO|1,1
Q814F4|POSITIVE|LIPO|1,1
Q9A1C3|POSITIVE|LIPO|1,1
P97029|POSITIVE|LIPO|2,1
C0SP99|POSITIVE|LIPO|2,1
P42400|POSITIVE|LIPO|1,1
Q97NP5|POSITIVE|LIPO|1,1
Q71ZU1|POSITIVE|LIPO|1,1
P94492|POSITIVE|LIPO|1,1
O31486|POSITIVE|LIPO|2,1
Q9CJ72|POSITIVE|LIPO|1,1
Q8CX16|POSITIVE|LIPO|1,1
Q9KDP2|POSITIVE|LIPO|1,1
Q8CMK4|POSITIVE|LIPO|1,1
Q97NI6|POSITIVE|LIPO|1,1
A6U3H6|POSITIVE|LIPO|1,1
O31555|POSITIVE|LIPO|2,1
Q04729|POSITIVE|LIPO|2,1
P54498|POSITIVE|LIPO|2,1
P40770|POSITIVE|LIPO|2,1
Q815V9|POSITIVE|LIPO|1,1
Q92BX6|POSITIVE|LIPO|1,1
Q8P2P8|POSITIVE|LIPO|1,1
Q8DNE1|POSITIVE|LIPO|1,1
Q88RX1|POSITIVE|LIPO|1,1
P0DC88|POSITIVE|LIPO|1,1
O07634|POSITIVE|LIPO|2,1
Q9RCA5|POSITIVE|LIPO|1,1
O32208|POSITIVE|LIPO|1,1
P21884|POSITIVE|LIPO|2,1
O05524|POSITIVE|LIPO|2,1
P54598|POSITIVE|LIPO|2,1
Q03D58|POSITIVE|LIPO|1,1
O32005|POSITIVE|LIPO|2,1
P54451|POSITIVE|LIPO|2,1
Q936F2|POSITIVE|LIPO|1,1
C0SP80|POSITIVE|LIPO|2,1
O32156|POSITIVE|LIPO|1,1
Q936F4|POSITIVE|LIPO|1,1
O35005|POSITIVE|LIPO|2,1
P54945|POSITIVE|LIPO|2,1
O31851|POSITIVE|LIPO|2,1
P39613|POSITIVE|LIPO|2,1
Q3L8N0|POSITIVE|TAT|0,1
Q50EA3|POSITIVE|TAT|1,1
B1W5J7|POSITIVE|TAT|1,1
Q50HM6|POSITIVE|TAT|1,1
Q9RRF6|POSITIVE|TAT|1,1
P9WIB0|POSITIVE|TAT|0,1
P9WIB3|POSITIVE|TAT|0,1
P9WIA8|POSITIVE|TAT|0,1
P55046|POSITIVE|TAT|2,1
P26220|POSITIVE|TAT|1,1
Q9RRY7|POSITIVE|TAT|0,1
Q50397|POSITIVE|TAT|1,1
P31747|POSITIVE|TAT|0,1
P30920|POSITIVE|TAT|0,1
A0QXD9|POSITIVE|TATLIPO|0,1
Q67QZ1|POSITIVE|TATLIPO|2,1
P9WM45|POSITIVE|TAT|2,1
P54865|POSITIVE|TAT|1,1
P42251|POSITIVE|TAT|0,1
P96809|POSITIVE|TATLIPO|1,1
A5U493|POSITIVE|TATLIPO|2,1
Q8GJ31|POSITIVE|TAT|1,1
P95028|POSITIVE|TAT|1,1
Q9ZBW1|POSITIVE|TAT|0,1
A4QDY7|POSITIVE|TAT|0,1
A4QI82|POSITIVE|TAT|0,1
Q9RJZ8|POSITIVE|TAT|0,1
Q9RDG9|POSITIVE|TAT|1,1
O87849|POSITIVE|TAT|1,1
B9W4V4|POSITIVE|TAT|0,1
Q7M827|NEGATIVE|TAT|0,1
P18278|NEGATIVE|TATLIPO|2,1
A6VQE0|NEGATIVE|TAT|1,1
B4SRN1|NEGATIVE|TAT|1,1
P07822|NEGATIVE|TAT|0,1
P0AB24|NEGATIVE|TAT|0,1
P22641|NEGATIVE|TAT|0,1
P71244|NEGATIVE|TAT|0,1
Q59543|NEGATIVE|TAT|0,1
Q7MR39|NEGATIVE|TAT|1,1
Q7NZY0|NEGATIVE|TAT|1,1
Q7VKI8|NEGATIVE|TAT|1,1
Q8DLH9|NEGATIVE|TAT|0,1
Q9HVA4|NEGATIVE|TAT|1,1
Q9PA38|NEGATIVE|TAT|1,1
B3PWV0|NEGATIVE|TAT|1,1
C3MB06|NEGATIVE|TAT|1,1
P05448|NEGATIVE|TAT|0,1
P06200|NEGATIVE|TAT|0,1
P0AAK9|NEGATIVE|TAT|0,1
P0AAL5|NEGATIVE|TAT|0,1
P15713|NEGATIVE|TAT|0,1
P17201|NEGATIVE|TAT|0,1
P18775|NEGATIVE|TAT|0,1
P19573|NEGATIVE|TAT|1,1
P26648|NEGATIVE|TAT|2,1
P33225|NEGATIVE|TAT|0,1
P37600|NEGATIVE|TAT|0,1
P38043|NEGATIVE|TATLIPO|1,1
P38501|NEGATIVE|TAT|0,1
P39185|NEGATIVE|TAT|2,1
P45015|NEGATIVE|TAT|0,1
P50500|NEGATIVE|TAT|0,1
P63884|NEGATIVE|TAT|0,1
P69741|NEGATIVE|TAT|0,1
P73452|NEGATIVE|TATLIPO|1,1
P76342|NEGATIVE|TAT|1,1
P77374|NEGATIVE|TAT|0,1
P81040|NEGATIVE|TAT|0,1
P84887|NEGATIVE|TAT|0,1
P94127|NEGATIVE|TAT|1,1
P94170|NEGATIVE|TATLIPO|2,1
Q01578|NEGATIVE|TAT|0,1
Q01S58|NEGATIVE|TAT|1,1
Q2IGN2|NEGATIVE|TAT|1,1
Q44292|NEGATIVE|TATLIPO|1,1
Q55460|NEGATIVE|TATLIPO|1,1
Q59746|NEGATIVE|TAT|1,1
Q5FQ05|NEGATIVE|TAT|1,1
Q60AK7|NEGATIVE|TAT|1,1
Q63Q46|NEGATIVE|TAT|1,1
Q888N2|NEGATIVE|TAT|1,1
Q88DZ2|NEGATIVE|TAT|1,1
Q8ECL7|NEGATIVE|TAT|1,1
Q8X6I9|NEGATIVE|TAT|0,1
Q8XAS4|NEGATIVE|TATLIPO|2,1
Q8XQB8|NEGATIVE|TAT|1,1
Q8XT53|NEGATIVE|TAT|1,1
Q8XUX6|NEGATIVE|TAT|1,1
Q8XV50|NEGATIVE|TAT|1,1
Q8YBC6|NEGATIVE|TAT|1,1
Q9A4T2|NEGATIVE|TAT|1,1
Q9S1H0|NEGATIVE|TAT|0,1
P77375|NEGATIVE|TAT|0,1
Q50425|NEGATIVE|TAT|0,1
Q0I4C9|NEGATIVE|TAT|1,1
Q9Z4S6|NEGATIVE|TAT|0,1
B2FU50|NEGATIVE|TAT|1,1
Q8X616|NEGATIVE|TAT|0,1
P22619|NEGATIVE|TAT|0,1
B0UVZ0|NEGATIVE|TAT|2,1
A3N3C8|NEGATIVE|TAT|1,1
Q9CN98|NEGATIVE|TAT|1,1
Q7WIQ1|NEGATIVE|TAT|2,1
P33772|NEGATIVE|TAT|0,1
A6VR21|NEGATIVE|TAT|2,1
B0BT06|NEGATIVE|TAT|1,1
B0UUL6|NEGATIVE|TAT|1,1
Q92QE7|NEGATIVE|TAT|1,1
A0KIM1|NEGATIVE|TAT|2,1
A1RI61|NEGATIVE|TAT|1,1
A1S4U5|NEGATIVE|TATLIPO|1,1
A4SPG7|NEGATIVE|TAT|2,1
A4VJ11|NEGATIVE|TAT|2,1
A4Y8C8|NEGATIVE|TAT|1,1
A5EZX9|NEGATIVE|TAT|2,1
A6V924|NEGATIVE|TAT|2,1
A7MLE5|NEGATIVE|TAT|1,1
A7MNQ9|NEGATIVE|TAT|1,1
A7N7J3|NEGATIVE|TAT|2,1
A7ZN92|NEGATIVE|TAT|1,1
A7ZZY2|NEGATIVE|TAT|1,1
A8A1H0|NEGATIVE|TAT|1,1
A8AE11|NEGATIVE|TAT|2,1
A8GHJ4|NEGATIVE|TAT|2,1
A8GK68|NEGATIVE|TAT|1,1
A9MNV7|NEGATIVE|TAT|1,1
B0BR79|NEGATIVE|TAT|2,1
B0SVB3|NEGATIVE|TAT|1,1
B0U613|NEGATIVE|TAT|1,1
B1LQN8|NEGATIVE|TAT|1,1
B2UBL7|NEGATIVE|TAT|2,1
B2VGX7|NEGATIVE|TAT|1,1
B3R8B4|NEGATIVE|TAT|2,1
B4TX85|NEGATIVE|TAT|1,1
B5RA57|NEGATIVE|TAT|1,1
B5XWS2|NEGATIVE|TAT|1,1
B7L8Y8|NEGATIVE|TAT|1,1
B7LRM8|NEGATIVE|TAT|1,1
B7MCM4|NEGATIVE|TAT|1,1
B7NRB1|NEGATIVE|TAT|1,1
B7URH4|NEGATIVE|TAT|1,1
B7UX15|NEGATIVE|TAT|2,1
B7VRL0|NEGATIVE|TAT|2,1
B8F891|NEGATIVE|TAT|2,1
C3KDR8|NEGATIVE|TAT|1,1
C5B7B9|NEGATIVE|TAT|2,1
C6AK71|NEGATIVE|TAT|2,1
C6DK59|NEGATIVE|TAT|2,1
D3VCR0|NEGATIVE|TAT|2,1
E0SI60|NEGATIVE|TAT|2,1
F4HDA7|NEGATIVE|TAT|2,1
O33405|NEGATIVE|TAT|0,1
P00372|NEGATIVE|TAT|0,1
P0A433|NEGATIVE|TATLIPO|0,1
P0A4R0|NEGATIVE|TAT|1,1
P0AB08|NEGATIVE|TAT|0,1
P12635|NEGATIVE|TAT|0,1
P13061|NEGATIVE|TAT|0,1
P13628|NEGATIVE|TAT|1,1
P16028|NEGATIVE|TAT|0,1
P17633|NEGATIVE|TAT|0,1
P18187|NEGATIVE|TAT|0,1
P18637|NEGATIVE|TAT|0,1
P21950|NEGATIVE|TAT|0,1
P24183|NEGATIVE|TAT|2,1
P31545|NEGATIVE|TATLIPO|2,1
P31892|NEGATIVE|TAT|0,1
P33375|NEGATIVE|TAT|0,1
P55572|NEGATIVE|TAT|0,1
P58360|NEGATIVE|TAT|0,1
P58770|NEGATIVE|TAT|1,1
P61429|NEGATIVE|TAT|0,1
P69740|NEGATIVE|TAT|0,1
P77165|NEGATIVE|TAT|0,1
P77783|NEGATIVE|TAT|0,1
Q01710|NEGATIVE|TAT|1,1
Q06173|NEGATIVE|TAT|0,1
Q0HTG8|NEGATIVE|TATLIPO|1,1
Q0HWR6|NEGATIVE|TAT|1,1
Q0TFN6|NEGATIVE|TAT|2,1
Q1CK03|NEGATIVE|TAT|2,1
Q21PN1|NEGATIVE|TAT|2,1
Q2IZ40|NEGATIVE|TAT|0,1
Q2K9I8|NEGATIVE|TAT|1,1
Q2NWC3|NEGATIVE|TAT|2,1
Q2SGV7|NEGATIVE|TAT|2,1
Q2W2Q1|NEGATIVE|TAT|1,1
Q31L64|NEGATIVE|TAT|0,1
Q31Z29|NEGATIVE|TAT|2,1
Q32BS6|NEGATIVE|TAT|2,1
Q32FN2|NEGATIVE|TAT|1,1
Q32HK5|NEGATIVE|TAT|1,1
Q32I06|NEGATIVE|TAT|2,1
Q3KHH5|NEGATIVE|TAT|1,1
Q3Z0L8|NEGATIVE|TAT|1,1
Q3Z396|NEGATIVE|TATLIPO|2,1
Q46045|NEGATIVE|TAT|0,1
Q46RX3|NEGATIVE|TAT|2,1
Q4KHN0|NEGATIVE|TAT|1,1
Q4QMG3|NEGATIVE|TAT|2,1
Q4UNU8|NEGATIVE|TAT|1,1
Q4ZL60|NEGATIVE|TAT|1,1
Q52675|NEGATIVE|TAT|0,1
Q55835|NEGATIVE|TAT|0,1
Q59105|NEGATIVE|TATLIPO|0,1
Q5E3J6|NEGATIVE|TAT|2,1
Q5MZ56|NEGATIVE|TATLIPO|1,1
Q60214|NEGATIVE|TAT|0,1
Q62G98|NEGATIVE|TAT|1,1
Q65Q72|NEGATIVE|TAT|2,1
Q66BP4|NEGATIVE|TAT|0,1
Q6D5Z2|NEGATIVE|TAT|2,1
Q6DAA8|NEGATIVE|TAT|2,1
Q6LQJ3|NEGATIVE|TAT|2,1
Q6LTV9|NEGATIVE|TAT|2,1
Q6NAR1|NEGATIVE|TAT|0,1
Q72E84|NEGATIVE|TAT|0,1
Q7CGI0|NEGATIVE|TAT|2,1
Q7CQM9|NEGATIVE|TAT|0,1
Q7W733|NEGATIVE|TAT|2,1
Q83LK4|NEGATIVE|TAT|0,1
Q83R85|NEGATIVE|TAT|1,1
Q879Z7|NEGATIVE|TAT|1,1
Q87TX5|NEGATIVE|TAT|1,1
Q89ED5|NEGATIVE|TAT|0,1
Q8CW73|NEGATIVE|TAT|0,1
Q8D623|NEGATIVE|TAT|2,1
Q8EHI9|NEGATIVE|TAT|0,1
Q8PEQ6|NEGATIVE|TAT|1,1
Q8XUU7|NEGATIVE|TAT|1,1
Q9CKL8|NEGATIVE|TAT|2,1
Q9CPE1|NEGATIVE|TAT|2,1
F5ZAY7|NEGATIVE|LIPO|2,1
C7R5S3|NEGATIVE|LIPO|2,1
E4PKG3|NEGATIVE|LIPO|0,1
Q0AE45|NEGATIVE|LIPO|2,1
C6BGE7|NEGATIVE|LIPO|0,1
Q8K9V7|NEGATIVE|LIPO|2,1
E1VAU8|NEGATIVE|LIPO|1,1
Q661N6|NEGATIVE|LIPO|2,1
Q45010|NEGATIVE|LIPO|2,1
D2Z0P5|NEGATIVE|LIPO|2,1
P57544|NEGATIVE|LIPO|0,1
Q8K993|NEGATIVE|LIPO|0,1
Q89AA3|NEGATIVE|LIPO|0,1
P58597|NEGATIVE|LIPO|2,1
Q66BT9|NEGATIVE|LIPO|0,1
O67609|NEGATIVE|LIPO|0,1
A1UTU3|NEGATIVE|LIPO|2,1
Q89AH6|NEGATIVE|LIPO|2,1
Q6D6H3|NEGATIVE|LIPO|0,1
Q6LTQ7|NEGATIVE|LIPO|2,1
B4SIL5|NEGATIVE|LIPO|0,1
B2FQV2|NEGATIVE|LIPO|0,1
Q7M7T1|NEGATIVE|LIPO|0,1
P45993|NEGATIVE|LIPO|2,1
Q7WNY6|NEGATIVE|LIPO|0,1
Q7W183|NEGATIVE|LIPO|0,1
Q7VUG9|NEGATIVE|LIPO|0,1
Q83AQ2|NEGATIVE|LIPO|2,1
A3QH32|NEGATIVE|LIPO|0,1
B1KDU5|NEGATIVE|LIPO|0,1
C6CMD7|NEGATIVE|LIPO|0,1
A4WEW2|NEGATIVE|LIPO|0,1
B8F4Z1|NEGATIVE|LIPO|0,1
Q0I2P5|NEGATIVE|LIPO|0,1
A6TEG6|NEGATIVE|LIPO|0,1
Q9CN03|NEGATIVE|LIPO|0,1
Q6LME4|NEGATIVE|LIPO|0,1
A8GJZ0|NEGATIVE|LIPO|0,1
Q3YX94|NEGATIVE|LIPO|0,1
C3NVZ3|NEGATIVE|LIPO|0,1
A9R1Q6|NEGATIVE|LIPO|0,1
A0A0K8P8E7|NEGATIVE|LIPO|2,1
P45682|NEGATIVE|LIPO|2,1
P55714|NEGATIVE|LIPO|2,1
O68937|NEGATIVE|LIPO|2,1
Q9K0V0|NEGATIVE|LIPO|2,1
Q7VK78|NEGATIVE|LIPO|2,1
P44572|NEGATIVE|LIPO|2,1
Q47151|NEGATIVE|LIPO|2,1
Q0TBP2|NEGATIVE|LIPO|0,1
Q8FCE8|NEGATIVE|LIPO|0,1
Q2M7M3|NEGATIVE|LIPO|0,1
Q1R535|NEGATIVE|LIPO|0,1
Q31V60|NEGATIVE|LIPO|0,1
Q328M1|NEGATIVE|LIPO|0,1
Q83J37|NEGATIVE|LIPO|0,1
P0ABJ1|NEGATIVE|LIPO|0,1
P77211|NEGATIVE|LIPO|0,1
G8JZS6|NEGATIVE|LIPO|2,1
Q8A1G2|NEGATIVE|LIPO|2,1
B2AI82|NEGATIVE|LIPO|0,1
Q5FRE4|NEGATIVE|LIPO|0,1
Q28JK4|NEGATIVE|LIPO|0,1
Q3A5F4|NEGATIVE|LIPO|0,1
B7UXA6|NEGATIVE|LIPO|0,1
Q4KG92|NEGATIVE|LIPO|0,1
Q3KG60|NEGATIVE|LIPO|0,1
B1JCC5|NEGATIVE|LIPO|0,1
Q52950|NEGATIVE|LIPO|0,1
A6U641|NEGATIVE|LIPO|0,1
B5YIX2|NEGATIVE|LIPO|0,1
Q8D3F7|NEGATIVE|LIPO|0,1
A6L3B5|NEGATIVE|LIPO|2,1
Q44342|NEGATIVE|LIPO|0,1
Q8YB19|NEGATIVE|LIPO|0,1
B4E8L3|NEGATIVE|LIPO|0,1
Q30WJ6|NEGATIVE|LIPO|0,1
Q0HX21|NEGATIVE|LIPO|0,1
Q2IQP0|NEGATIVE|LIPO|0,1
P75884|NEGATIVE|LIPO|2,1
P75882|NEGATIVE|LIPO|2,1
A6LFT2|NEGATIVE|LIPO|2,1
A0M6E0|NEGATIVE|LIPO|2,1
B1KD83|NEGATIVE|LIPO|2,1
O30405|NEGATIVE|LIPO|1,1
P0A933|NEGATIVE|LIPO|0,1
G3XD12|NEGATIVE|LIPO|2,1
P49008|NEGATIVE|LIPO|2,1
Q46125|NEGATIVE|LIPO|1,1
O24968|NEGATIVE|LIPO|2,1
P45992|NEGATIVE|LIPO|2,1
O85228|NEGATIVE|LIPO|2,1
P57026|NEGATIVE|LIPO|1,1
Q9ZMS0|NEGATIVE|LIPO|2,1
Q48261|NEGATIVE|LIPO|0,1
Q48254|NEGATIVE|LIPO|0,1
P80152|NEGATIVE|LIPO|2,1
E1WAE4|NEGATIVE|LIPO|2,1
A0Q6X4|NEGATIVE|LIPO|2,1
P37422|NEGATIVE|LIPO|2,1
Q1QXC9|NEGATIVE|LIPO|0,1
Q0KEP6|NEGATIVE|LIPO|0,1
B7NUX5|NEGATIVE|LIPO|0,1
B2VEI1|NEGATIVE|LIPO|0,1
A0Q491|NEGATIVE|LIPO|2,1
Q3IK97|NEGATIVE|LIPO|0,1
Q3K6W6|NEGATIVE|LIPO|0,1
A3D0F9|NEGATIVE|LIPO|0,1
A4Y3J6|NEGATIVE|LIPO|0,1
Q3Z0S7|NEGATIVE|LIPO|0,1
C4LBL3|NEGATIVE|LIPO|0,1
Q7MMY8|NEGATIVE|LIPO|0,1
Q7NQS7|NEGATIVE|LIPO|0,1
A9MW01|NEGATIVE|LIPO|0,1
A8GDA1|NEGATIVE|LIPO|0,1
Q0HYL0|NEGATIVE|LIPO|0,1
A1JME2|NEGATIVE|LIPO|0,1
P55802|POSITIVE|LIPO|0,1
Q7N3U8|NEGATIVE|LIPO|0,1
Q02104|NEGATIVE|LIPO|2,1
O52727|NEGATIVE|LIPO|0,1
Q8CW45|NEGATIVE|LIPO|0,1
B1LH91|NEGATIVE|LIPO|0,1
Q87RN6|NEGATIVE|LIPO|0,1
B0RUA2|NEGATIVE|LIPO|0,1
Q5GWR2|NEGATIVE|LIPO|0,1
B2K2Y8|NEGATIVE|LIPO|0,1
Q8Z8H6|NEGATIVE|LIPO|1,1
Q2NUU8|NEGATIVE|LIPO|1,1
Q476F7|NEGATIVE|LIPO|0,1
A4WBC8|NEGATIVE|LIPO|0,1
B8F845|NEGATIVE|LIPO|0,1
Q7N588|NEGATIVE|LIPO|0,1
Q02G06|NEGATIVE|LIPO|0,1
Q1IEY4|NEGATIVE|LIPO|0,1
A4XR58|NEGATIVE|LIPO|0,1
B0KND8|NEGATIVE|LIPO|0,1
Q888C4|NEGATIVE|LIPO|0,1
A9MP99|NEGATIVE|LIPO|0,1
B2VDC8|NEGATIVE|LIPO|0,1
D0M814|NEGATIVE|LIPO|0,1
A8AHW5|NEGATIVE|LIPO|0,1
D0Z8F8|NEGATIVE|LIPO|0,1
Q2NU30|NEGATIVE|LIPO|0,1
B6I152|NEGATIVE|LIPO|1,1
A8AG00|NEGATIVE|LIPO|0,1
B2AGU0|NEGATIVE|LIPO|0,1
Q0TIG1|NEGATIVE|LIPO|0,1
B7LSI1|NEGATIVE|LIPO|0,1
A5UCK1|NEGATIVE|LIPO|0,1
B5XW49|NEGATIVE|LIPO|0,1
P57023|NEGATIVE|LIPO|0,1
Q4K692|NEGATIVE|LIPO|0,1
Q88PX4|NEGATIVE|LIPO|0,1
B2UER8|NEGATIVE|LIPO|0,1
Q4QL42|NEGATIVE|LIPO|0,1
A1WVQ5|NEGATIVE|LIPO|0,1
A6W1C5|NEGATIVE|LIPO|2,1
Q6D553|NEGATIVE|LIPO|0,1
Q4ZXX0|NEGATIVE|LIPO|0,1
B2TZV7|NEGATIVE|LIPO|0,1
Q8PNU2|NEGATIVE|LIPO|0,1
E0SHN8|NEGATIVE|LIPO|0,1
B7LLH2|NEGATIVE|LIPO|1,1
A1JQ26|NEGATIVE|LIPO|1,1
Q83KF5|NEGATIVE|LIPO|2,1
Q8X5R9|NEGATIVE|LIPO|2,1
P06963|NEGATIVE|LIPO|2,1
P05821|NEGATIVE|LIPO|2,1
P15176|NEGATIVE|LIPO|2,1
A1KSQ9|NEGATIVE|LIPO|0,1
P0C633|NEGATIVE|LIPO|2,1
Q8ZRN1|NEGATIVE|LIPO|1,1
B2RHG4|NEGATIVE|LIPO|0,1
P0A935|NEGATIVE|LIPO|1,1
C5BCE9|NEGATIVE|LIPO|1,1
B0UWE6|NEGATIVE|LIPO|1,1
Q47XX8|NEGATIVE|LIPO|1,1
Q7VKB7|NEGATIVE|LIPO|1,1
Q9CLB8|NEGATIVE|LIPO|1,1
Q7MXK0|NEGATIVE|LIPO|0,1
B2RHG2|NEGATIVE|LIPO|2,1
Q08255|NEGATIVE|LIPO|2,1
Q8XCS6|NEGATIVE|LIPO|1,1
A1U3J1|NEGATIVE|LIPO|1,1
Q3IHZ1|NEGATIVE|LIPO|1,1
Q886W7|NEGATIVE|LIPO|1,1
A6WQN7|NEGATIVE|LIPO|1,1
Q9KTN5|NEGATIVE|LIPO|1,1
Q8ZH40|NEGATIVE|LIPO|1,1
A1JPV7|NEGATIVE|LIPO|1,1
Q48LX4|NEGATIVE|LIPO|1,1
Q87RW1|NEGATIVE|LIPO|1,1
Q8X8V9|NEGATIVE|LIPO|1,1
P28837|NEGATIVE|LIPO|0,1
P0AFV5|NEGATIVE|LIPO|2,1
Q9KPQ4|NEGATIVE|LIPO|2,1
A5UDW4|NEGATIVE|LIPO|1,1
Q65VT8|NEGATIVE|LIPO|1,1
A9MQR3|NEGATIVE|LIPO|1,1
Q1CB94|NEGATIVE|LIPO|1,1
A4XXV1|NEGATIVE|LIPO|1,1
Q085S2|NEGATIVE|LIPO|1,1
Q8EC56|NEGATIVE|LIPO|1,1
Q0HX48|NEGATIVE|LIPO|1,1
P44042|NEGATIVE|LIPO|2,1
A7MLX9|NEGATIVE|LIPO|1,1
B1LDH3|NEGATIVE|LIPO|1,1
Q2NRB3|NEGATIVE|LIPO|1,1
A4SNZ5|NEGATIVE|LIPO|1,1
A1RHR2|NEGATIVE|LIPO|1,1
A4WEA0|NEGATIVE|LIPO|1,1
B8F6F0|NEGATIVE|LIPO|1,1
B5XU88|NEGATIVE|LIPO|1,1
Q32C32|NEGATIVE|LIPO|1,1
A0KJ50|NEGATIVE|LIPO|1,1
A3N339|NEGATIVE|LIPO|1,1
A8API2|NEGATIVE|LIPO|1,1
Q4ZX03|NEGATIVE|LIPO|1,1
A3QCH2|NEGATIVE|LIPO|1,1
B7NI32|NEGATIVE|LIPO|1,1
P44049|NEGATIVE|LIPO|1,1
A6TDX1|NEGATIVE|LIPO|1,1
Q7N7I2|NEGATIVE|LIPO|1,1
A8GJ50|NEGATIVE|LIPO|1,1
Q07408|NEGATIVE|LIPO|2,1
P21648|NEGATIVE|LIPO|2,1
Q55288|NEGATIVE|LIPO|2,1
Q8EIJ4|NEGATIVE|LIPO|2,1
Q8XC50|NEGATIVE|LIPO|1,1
P45296|NEGATIVE|LIPO|2,1
P40827|NEGATIVE|LIPO|0,1
Q8XG77|NEGATIVE|LIPO|2,1
P44585|NEGATIVE|LIPO|2,1
Q31W42|NEGATIVE|LIPO|2,1
P24145|NEGATIVE|LIPO|2,1
P75906|NEGATIVE|LIPO|2,1
Q8XAR3|NEGATIVE|LIPO|2,1
Q08870|NEGATIVE|LIPO|1,1
D7GXG1|NEGATIVE|LIPO|2,1
P0C873|NEGATIVE|LIPO|2,1
P41786|NEGATIVE|LIPO|2,1
Q87C91|NEGATIVE|LIPO|2,1
P69412|NEGATIVE|LIPO|0,1
O67235|NEGATIVE|LIPO|2,1
Q9KTF4|NEGATIVE|LIPO|2,1
A0A0H2ZFV1|NEGATIVE|LIPO|2,1
Q8Z8I0|NEGATIVE|LIPO|2,1
Q8ZDG6|NEGATIVE|LIPO|2,1
Q8ZR01|NEGATIVE|LIPO|2,1
Q9ZHD2|NEGATIVE|LIPO|0,1
Q54313|NEGATIVE|LIPO|2,1
Q849Q9|NEGATIVE|LIPO|2,1
P21625|POSITIVE|LIPO|1,1
P0A906|NEGATIVE|LIPO|0,1
P74852|NEGATIVE|LIPO|2,1
Q2EHL7|NEGATIVE|LIPO|2,1
Q46999|NEGATIVE|LIPO|2,1
P32885|NEGATIVE|LIPO|2,1
Q01305|NEGATIVE|LIPO|2,1
P55405|NEGATIVE|LIPO|2,1
P15177|NEGATIVE|LIPO|2,1
P0DKR9|NEGATIVE|LIPO|2,1
P41066|NEGATIVE|LIPO|2,1
P22107|NEGATIVE|LIPO|2,1
Q93PU5|NEGATIVE|LIPO|2,1
P70900|NEGATIVE|LIPO|2,1
Q49536|POSITIVE|LIPO|2,1
Q2YJ77|NEGATIVE|LIPO|0,1
P70898|NEGATIVE|LIPO|2,1
P29230|POSITIVE|LIPO|2,1
P32779|NEGATIVE|LIPO|2,1
Q45212|NEGATIVE|LIPO|2,1
P70906|NEGATIVE|LIPO|2,1
P70897|NEGATIVE|LIPO|2,1
Q45209|NEGATIVE|LIPO|2,1
Q6G2B3|NEGATIVE|LIPO|2,1
P70903|NEGATIVE|LIPO|2,1
P21876|NEGATIVE|LIPO|2,1
Q49538|POSITIVE|LIPO|2,1
Q59675|NEGATIVE|LIPO|2,1
P0A3W5|NEGATIVE|LIPO|2,1
Q6FYW2|NEGATIVE|LIPO|2,1
Q45208|NEGATIVE|LIPO|2,1
P29229|POSITIVE|LIPO|2,1
Q02448|NEGATIVE|LIPO|2,1
Q45206|NEGATIVE|LIPO|2,1
Q45207|NEGATIVE|LIPO|2,1
Q8ZNQ9|NEGATIVE|LIPO|0,1
P47341|POSITIVE|LIPO|0,1
Q9CP96|NEGATIVE|LIPO|2,1
P75505|POSITIVE|LIPO|1,1
P33276|POSITIVE|LIPO|2,1
Q9CJU4|NEGATIVE|LIPO|2,1
Q9Z8J4|NEGATIVE|LIPO|2,1
Q1CUS0|NEGATIVE|LIPO|2,1
O83276|NEGATIVE|LIPO|2,1
P75493|POSITIVE|LIPO|1,1
P43988|NEGATIVE|LIPO|2,1
Q9HWA1|NEGATIVE|LIPO|0,1
P55428|NEGATIVE|LIPO|2,1
A7LXT4|NEGATIVE|LIPO|2,1
P47678|POSITIVE|LIPO|1,1
Q68XX6|NEGATIVE|LIPO|2,1
O83077|NEGATIVE|LIPO|1,1
Q9CK30|NEGATIVE|LIPO|2,1
O67672|NEGATIVE|LIPO|2,1
P75496|POSITIVE|LIPO|1,1
P47314|POSITIVE|LIPO|0,1
Q92JJ0|NEGATIVE|LIPO|2,1
P64655|NEGATIVE|LIPO|2,1
Q9PKX2|NEGATIVE|LIPO|2,1
Q9PID1|NEGATIVE|LIPO|2,1
P75334|POSITIVE|LIPO|1,1
P43782|NEGATIVE|LIPO|2,1
Q50289|POSITIVE|LIPO|1,1
B6JKG3|NEGATIVE|LIPO|2,1
P75489|POSITIVE|LIPO|1,1
P0C6F0|NEGATIVE|LIPO|2,1
P50928|NEGATIVE|LIPO|1,1
P50930|NEGATIVE|LIPO|1,1
P50931|NEGATIVE|LIPO|1,1
P50927|NEGATIVE|LIPO|1,1
Q52764|NEGATIVE|LIPO|1,1
P22882|NEGATIVE|LIPO|1,1
P50929|NEGATIVE|LIPO|1,1
Q1RGK9|NEGATIVE|LIPO|1,1
P16624|NEGATIVE|LIPO|1,1
O83142|NEGATIVE|LIPO|2,1
Q8DFG4|NEGATIVE|LIPO|2,1
P22848|NEGATIVE|LIPO|2,1
P75820|NEGATIVE|LIPO|2,1
B5XP00|NEGATIVE|LIPO|0,1
Q88NC7|NEGATIVE|LIPO|0,1
P80695|NEGATIVE|LIPO|2,1
O84080|NEGATIVE|LIPO|2,1
O83774|NEGATIVE|LIPO|2,1
P0AB85|NEGATIVE|LIPO|0,1
A5F5Y3|NEGATIVE|LIPO|2,1
Q9Z8K2|NEGATIVE|LIPO|2,1
Q9PKW2|NEGATIVE|LIPO|2,1
P28607|NEGATIVE|LIPO|2,1
Q50327|POSITIVE|LIPO|2,1
P33256|POSITIVE|LIPO|2,1
Q9PR09|POSITIVE|LIPO|2,1
B7VIM1|NEGATIVE|LIPO|0,1
Q8PAL4|NEGATIVE|LIPO|1,1
P47643|POSITIVE|LIPO|2,1
Q9Z869|NEGATIVE|LIPO|1,1
Q63UT0|NEGATIVE|LIPO|0,1
Q32D50|NEGATIVE|LIPO|0,1
Q5E769|NEGATIVE|LIPO|0,1
Q8EFT6|NEGATIVE|LIPO|0,1
Q98KC1|NEGATIVE|LIPO|2,1
A1SV87|NEGATIVE|LIPO|1,1
P22236|NEGATIVE|LIPO|2,1
C7BGW7|NEGATIVE|LIPO|0,1
A8FW15|NEGATIVE|LIPO|0,1
Q0WCK7|NEGATIVE|LIPO|0,1
A7LXT7|NEGATIVE|LIPO|2,1
Q7VWL3|NEGATIVE|LIPO|0,1
Q5X521|NEGATIVE|LIPO|2,1
A1SVX3|NEGATIVE|LIPO|2,1
O25930|NEGATIVE|LIPO|2,1
P0A902|NEGATIVE|LIPO|2,1
B1XT70|NEGATIVE|LIPO|2,1
H9L451|NEGATIVE|LIPO|0,1
Q50985|NEGATIVE|LIPO|1,1
Q9K0B1|NEGATIVE|LIPO|1,1
Q9K1F0|NEGATIVE|LIPO|1,1
A5F378|NEGATIVE|LIPO|1,1
O31284|NEGATIVE|LIPO|2,1
B3U538|NEGATIVE|LIPO|2,1
O31362|NEGATIVE|LIPO|2,1
P77330|NEGATIVE|LIPO|1,1
Q45011|NEGATIVE|LIPO|2,1
P97245|NEGATIVE|LIPO|2,1
Q9ZLU5|NEGATIVE|LIPO|2,1
Q7CPZ3|NEGATIVE|LIPO|1,1
Q9S142|NEGATIVE|LIPO|2,1
A7LXT3|NEGATIVE|LIPO|2,1
A6VKA3|NEGATIVE|LIPO|1,1
E8XP36|NEGATIVE|LIPO|0,1
Q9PEU0|NEGATIVE|LIPO|0,1
Q7CJM5|NEGATIVE|LIPO|0,1
C7RCP6|NEGATIVE|LIPO|2,1
Q3SJU7|NEGATIVE|LIPO|2,1
Q9A6U9|NEGATIVE|LIPO|2,1
P33641|NEGATIVE|LIPO|1,1
Q46036|NEGATIVE|LIPO|2,1
Q46670|NEGATIVE|LIPO|2,1
Q8ZQX4|NEGATIVE|LIPO|2,1
O06522|NEGATIVE|LIPO|2,1
Q9RFY6|NEGATIVE|LIPO|0,1
Q8Z6A7|NEGATIVE|LIPO|2,1
P0A204|NEGATIVE|LIPO|0,1
P51758|NEGATIVE|LIPO|2,1
O82947|NEGATIVE|LIPO|2,1
P0AEA3|NEGATIVE|LIPO|0,1
A8AI45|NEGATIVE|LIPO|0,1
Q9I427|NEGATIVE|LIPO|0,1
P32758|NEGATIVE|LIPO|2,1
E7DDH2|NEGATIVE|LIPO|2,1
P0ADB6|NEGATIVE|LIPO|2,1
P0ADB7|NEGATIVE|LIPO|2,1
P56550|NEGATIVE|LIPO|2,1
Q1H1S3|NEGATIVE|LIPO|2,1
C0Q334|NEGATIVE|LIPO|2,1
Q3Z2V5|NEGATIVE|LIPO|2,1
A4WBE8|NEGATIVE|LIPO|2,1
P56551|NEGATIVE|LIPO|2,1
B7LSJ1|NEGATIVE|LIPO|2,1
A8AFS5|NEGATIVE|LIPO|2,1
Q56030|NEGATIVE|LIPO|2,1
Q56032|NEGATIVE|LIPO|2,1
Q7WJD2|NEGATIVE|LIPO|0,1
Q6N2Z5|NEGATIVE|LIPO|0,1
A1S811|NEGATIVE|LIPO|0,1
A0KUU2|NEGATIVE|LIPO|0,1
C3MG28|NEGATIVE|LIPO|0,1
Q3BU05|NEGATIVE|LIPO|0,1
Q9X9J5|NEGATIVE|LIPO|2,1
Q9PPM0|NEGATIVE|LIPO|0,1
Q11LN0|NEGATIVE|LIPO|0,1
Q47I20|NEGATIVE|LIPO|0,1
Q6AJR8|NEGATIVE|LIPO|0,1
B7NL55|NEGATIVE|LIPO|0,1
B3EAV2|NEGATIVE|LIPO|0,1
Q3STL0|NEGATIVE|LIPO|0,1
A6V9B2|NEGATIVE|LIPO|0,1
B0KR09|NEGATIVE|LIPO|0,1
Q32ET9|NEGATIVE|LIPO|0,1
B5FGS5|NEGATIVE|LIPO|2,1
Q7MMV1|NEGATIVE|LIPO|2,1
Q2P2N8|NEGATIVE|LIPO|0,1
B4RV30|NEGATIVE|LIPO|0,1
A9WXL7|NEGATIVE|LIPO|0,1
B8D7N1|NEGATIVE|LIPO|0,1
Q39C57|NEGATIVE|LIPO|0,1
A4JIJ2|NEGATIVE|LIPO|0,1
Q485P0|NEGATIVE|LIPO|2,1
Q72EQ4|NEGATIVE|LIPO|0,1
B7LT58|NEGATIVE|LIPO|0,1
B0RT13|NEGATIVE|LIPO|0,1
A9R6X4|NEGATIVE|LIPO|0,1
Q51822|NEGATIVE|LIPO|0,1
Q93R80|NEGATIVE|LIPO|0,1
O32388|NEGATIVE|LIPO|2,1
Q2T8V7|NEGATIVE|LIPO|0,1
A0KB90|NEGATIVE|LIPO|0,1
B7MTL0|NEGATIVE|LIPO|0,1
A4G6A8|NEGATIVE|LIPO|0,1
Q0AN96|NEGATIVE|LIPO|0,1
Q02IQ0|NEGATIVE|LIPO|0,1
Q4ZQR6|NEGATIVE|LIPO|0,1
Q51825|NEGATIVE|LIPO|0,1
B2RH58|NEGATIVE|LIPO|2,1
B9JRQ0|NEGATIVE|LIPO|0,1
A0PA81|NEGATIVE|LIPO|2,1
Q7VYG3|NEGATIVE|LIPO|0,1
Q5X5U0|NEGATIVE|LIPO|0,1
Q3J8L6|NEGATIVE|LIPO|0,1
Q98HD3|NEGATIVE|LIPO|0,1
B5BBA9|NEGATIVE|LIPO|0,1
Q8ECA1|NEGATIVE|LIPO|0,1
Q31FL3|NEGATIVE|LIPO|2,1
Q8DFJ1|NEGATIVE|LIPO|2,1
Q8K9K3|NEGATIVE|LIPO|0,1
B1YPA0|NEGATIVE|LIPO|0,1
Q0BB53|NEGATIVE|LIPO|0,1
Q3JX21|NEGATIVE|LIPO|0,1
Q7N5M7|NEGATIVE|LIPO|0,1
Q52081|NEGATIVE|LIPO|0,1
A4VJD4|NEGATIVE|LIPO|0,1
A9KWR9|NEGATIVE|LIPO|0,1
Q0HKS2|NEGATIVE|LIPO|0,1
Q30SL9|NEGATIVE|LIPO|0,1
Q3SIE4|NEGATIVE|LIPO|0,1
Q8PL26|NEGATIVE|LIPO|0,1
Q9S0W8|NEGATIVE|LIPO|0,1
A7LXW1|NEGATIVE|LIPO|2,1
B2RH59|NEGATIVE|LIPO|2,1
P55969|NEGATIVE|LIPO|0,1
D0JWX6|NEGATIVE|LIPO|0,1
Q5PH64|NEGATIVE|LIPO|0,1
P69780|NEGATIVE|LIPO|0,1
P13345|NEGATIVE|LIPO|2,1
Q5F6H4|NEGATIVE|LIPO|0,1
B0BP58|NEGATIVE|LIPO|0,1
Q14JH2|NEGATIVE|LIPO|2,1
A5UJ22|NEGATIVE|LIPO|0,1
B4TXU5|NEGATIVE|LIPO|0,1
B8E817|NEGATIVE|LIPO|0,1
Q8EAR1|NEGATIVE|LIPO|0,1
A7MY80|NEGATIVE|LIPO|0,1
Q8DFF7|NEGATIVE|LIPO|0,1
Q3BX04|NEGATIVE|LIPO|0,1
P0AB39|NEGATIVE|LIPO|0,1
D4GC59|NEGATIVE|LIPO|0,1
Q6D622|NEGATIVE|LIPO|0,1
Q8ZDZ6|NEGATIVE|LIPO|0,1
P13344|NEGATIVE|LIPO|2,1
Q7VL53|NEGATIVE|LIPO|0,1
P45270|NEGATIVE|LIPO|0,1
Q65SB9|NEGATIVE|LIPO|0,1
Q4URB9|NEGATIVE|LIPO|0,1
A1JRU9|NEGATIVE|LIPO|0,1
Q57457|NEGATIVE|LIPO|2,1
Q5F5F6|NEGATIVE|LIPO|0,1
D4GNT6|NEGATIVE|LIPO|0,1
A4W9B9|NEGATIVE|LIPO|0,1
C6DKS0|NEGATIVE|LIPO|0,1
B1JGA6|NEGATIVE|LIPO|1,1
P10099|NEGATIVE|LIPO|2,1
P06962|NEGATIVE|LIPO|2,1
P21185|NEGATIVE|LIPO|2,1
Q82TQ2|NEGATIVE|LIPO|0,1
P57834|NEGATIVE|LIPO|0,1
C6DHY3|NEGATIVE|LIPO|0,1
A5VYG2|NEGATIVE|LIPO|0,1
Q0HFC6|NEGATIVE|LIPO|0,1
Q087I6|NEGATIVE|LIPO|0,1
A0KT86|NEGATIVE|LIPO|0,1
Q2NRS2|NEGATIVE|LIPO|0,1
Q5E2P0|NEGATIVE|LIPO|0,1
Q8ZQ08|NEGATIVE|LIPO|0,1
P02987|NEGATIVE|LIPO|2,1
Q03709|NEGATIVE|LIPO|2,1
A1IPF8|NEGATIVE|LIPO|0,1
P0A1X3|NEGATIVE|LIPO|2,1
P23898|NEGATIVE|LIPO|2,1
O68481|NEGATIVE|LIPO|2,1
P15727|NEGATIVE|LIPO|2,1
Q56131|NEGATIVE|LIPO|0,1
Q51397|NEGATIVE|LIPO|0,1
P0ADB0|NEGATIVE|LIPO|1,1
Q09089|NEGATIVE|LIPO|1,1
Q09090|NEGATIVE|LIPO|1,1
P0A3N9|NEGATIVE|LIPO|0,1
P0C109|NEGATIVE|LIPO|0,1
C4PRC2|NEGATIVE|LIPO|2,1
Q8UC57|NEGATIVE|LIPO|0,1
Q9PJU9|NEGATIVE|LIPO|2,1
Q98F85|NEGATIVE|LIPO|2,1
Q49410|POSITIVE|LIPO|2,1
P0DI99|POSITIVE|LIPO|2,1
Q09087|NEGATIVE|LIPO|1,1
F4LAC2|NEGATIVE|LIPO|2,1
D0FUE8|NEGATIVE|LIPO|2,1
Q926C3|NEGATIVE|LIPO|2,1
Q98EC1|NEGATIVE|LIPO|0,1
Q04968|NEGATIVE|LIPO|1,1
F0T376|NEGATIVE|LIPO|2,1
Q98H63|NEGATIVE|LIPO|0,1
P0A3S8|NEGATIVE|LIPO|2,1
E4QEX4|NEGATIVE|LIPO|2,1
Q51886|NEGATIVE|LIPO|1,1
P0DI98|POSITIVE|LIPO|2,1
P0C0J7|POSITIVE|LIPO|2,1
P55801|POSITIVE|LIPO|0,1
P0A914|NEGATIVE|LIPO|2,1
Q9Z7Z5|NEGATIVE|LIPO|2,1
Q8U9F9|NEGATIVE|LIPO|0,1
P75371|POSITIVE|LIPO|2,1
E3DK69|NEGATIVE|LIPO|2,1
B7J1T8|NEGATIVE|LIPO|2,1
Q7WFT9|NEGATIVE|LIPO|2,1
Q7W4D1|NEGATIVE|LIPO|2,1
Q9PBK3|NEGATIVE|LIPO|2,1
P58042|NEGATIVE|LIPO|2,1
P58041|NEGATIVE|LIPO|2,1
Q8ZL65|NEGATIVE|LIPO|2,1
P0C6Q7|NEGATIVE|LIPO|2,1
P29481|NEGATIVE|LIPO|2,1
P44971|NEGATIVE|LIPO|2,1
Q9ZE94|NEGATIVE|LIPO|2,1
P47291|POSITIVE|LIPO|2,1
P75062|POSITIVE|LIPO|2,1
P70902|NEGATIVE|LIPO|2,1
P75102|POSITIVE|LIPO|1,1
C0QY54|NEGATIVE|LIPO|2,1
Q9PLJ2|NEGATIVE|LIPO|0,1
Q9ZE40|NEGATIVE|LIPO|2,1
Q7DDH4|NEGATIVE|LIPO|0,1
P64654|NEGATIVE|LIPO|2,1
P08452|NEGATIVE|LIPO|2,1
P44125|NEGATIVE|LIPO|2,1
Q57519|NEGATIVE|LIPO|2,1
P75034|POSITIVE|LIPO|1,1
Q68XS6|NEGATIVE|LIPO|2,1
Q9CKU6|NEGATIVE|LIPO|2,1
O51059|NEGATIVE|LIPO|2,1
P47431|POSITIVE|LIPO|1,1
P47432|POSITIVE|LIPO|2,1
O83475|NEGATIVE|LIPO|2,1
O83516|NEGATIVE|LIPO|2,1
P75376|POSITIVE|LIPO|1,1
Q50335|POSITIVE|LIPO|0,1
P70837|NEGATIVE|LIPO|2,1
Q17YX5|NEGATIVE|LIPO|2,1
P47580|POSITIVE|LIPO|0,1
P75373|POSITIVE|LIPO|1,1
Q50337|POSITIVE|LIPO|2,1
O83463|NEGATIVE|LIPO|2,1
P75316|POSITIVE|LIPO|1,1
P75296|POSITIVE|LIPO|0,1
P75255|POSITIVE|LIPO|2,1
P75184|POSITIVE|LIPO|0,1
P75583|POSITIVE|LIPO|2,1
P45301|NEGATIVE|LIPO|2,1
P45615|POSITIVE|LIPO|2,1
P75418|POSITIVE|LIPO|1,1
Q50339|POSITIVE|LIPO|0,1
P75158|POSITIVE|LIPO|1,1
P75151|POSITIVE|LIPO|1,1
Q68WW6|NEGATIVE|LIPO|2,1
P75327|POSITIVE|LIPO|1,1
P75324|POSITIVE|LIPO|1,1
Q92I57|NEGATIVE|LIPO|2,1
P43997|NEGATIVE|LIPO|2,1
P75198|POSITIVE|LIPO|0,1
P75137|POSITIVE|LIPO|1,1
Q9CMX6|NEGATIVE|LIPO|2,1
O83908|NEGATIVE|LIPO|2,1
O83469|NEGATIVE|LIPO|0,1
Q7M9Z1|NEGATIVE|LIPO|2,1
P47502|POSITIVE|LIPO|1,1
P47635|POSITIVE|LIPO|2,1
P75155|POSITIVE|LIPO|1,1
P75153|POSITIVE|LIPO|1,1
P65291|NEGATIVE|LIPO|0,1
Q46835|NEGATIVE|LIPO|2,1
P0ADM4|NEGATIVE|LIPO|2,1
O83691|NEGATIVE|LIPO|2,1
P40822|NEGATIVE|LIPO|2,1
O83811|NEGATIVE|LIPO|2,1
P46122|NEGATIVE|LIPO|2,1
P32051|NEGATIVE|LIPO|2,1
Q7VQ46|NEGATIVE|LIPO|2,1
P64428|NEGATIVE|LIPO|2,1
P0AA91|NEGATIVE|LIPO|0,1
P0AD46|NEGATIVE|LIPO|2,1
P59809|NEGATIVE|LIPO|2,1
Q9PKE3|NEGATIVE|LIPO|2,1
P0A1T6|NEGATIVE|LIPO|0,1
P0AF70|NEGATIVE|LIPO|2,1
P31063|NEGATIVE|LIPO|2,1
P76578|NEGATIVE|LIPO|2,1
P0AB11|NEGATIVE|LIPO|0,1
P07021|NEGATIVE|LIPO|2,1
P75801|NEGATIVE|LIPO|2,1
P65298|NEGATIVE|LIPO|0,1
P0AB26|NEGATIVE|LIPO|2,1
Q8YDY8|NEGATIVE|LIPO|2,1
P0ADN6|NEGATIVE|LIPO|0,1
B7URS4|NEGATIVE|LIPO|1,1
Q9RPX3|NEGATIVE|LIPO|2,1
P65297|NEGATIVE|LIPO|2,1
B6IB19|NEGATIVE|LIPO|1,1
Q06399|NEGATIVE|LIPO|2,1
P77616|NEGATIVE|LIPO|2,1
O84253|NEGATIVE|LIPO|2,1
P78067|NEGATIVE|LIPO|2,1
Q57IG4|NEGATIVE|LIPO|0,1
A1AIS9|NEGATIVE|LIPO|2,1
Q31TR5|NEGATIVE|LIPO|2,1
O32528|NEGATIVE|LIPO|0,1
Q8X2V8|NEGATIVE|LIPO|2,1
Q8Z2B5|NEGATIVE|LIPO|0,1
Q8ZPJ4|NEGATIVE|LIPO|1,1
A5A630|NEGATIVE|LIPO|2,1
Q9JMT5|NEGATIVE|LIPO|1,1
P64596|NEGATIVE|LIPO|2,1
Q5PLN0|NEGATIVE|LIPO|0,1
Q3YUQ3|NEGATIVE|LIPO|2,1
O67998|NEGATIVE|LIPO|2,1
P04846|NEGATIVE|LIPO|1,1
P07211|NEGATIVE|LIPO|1,1
P07643|NEGATIVE|LIPO|1,1
P07811|NEGATIVE|LIPO|0,1
P09181|NEGATIVE|LIPO|2,1
P0A1X0|NEGATIVE|LIPO|0,1
P0A3N5|NEGATIVE|LIPO|1,1
P0A3N6|NEGATIVE|LIPO|1,1
P0A930|NEGATIVE|LIPO|0,1
P0A937|NEGATIVE|LIPO|1,1
P0AC02|NEGATIVE|LIPO|1,1
P10324|NEGATIVE|LIPO|1,1
P13670|NEGATIVE|LIPO|2,1
P13979|NEGATIVE|LIPO|2,1
P16055|NEGATIVE|LIPO|2,1
P19478|NEGATIVE|LIPO|2,1
P20440|NEGATIVE|LIPO|2,1
P29722|NEGATIVE|LIPO|2,1
P29723|NEGATIVE|LIPO|2,1
P38371|NEGATIVE|LIPO|2,1
P40710|NEGATIVE|LIPO|2,1
P41069|NEGATIVE|LIPO|2,1
P77717|NEGATIVE|LIPO|2,1
Q02937|NEGATIVE|LIPO|0,1
Q59514|NEGATIVE|LIPO|2,1
Q8DG60|NEGATIVE|LIPO|2,1
Q8KRP0|NEGATIVE|LIPO|2,1
Q8ZPP9|NEGATIVE|LIPO|0,1
Q9I4Z4|NEGATIVE|LIPO|2,1
Q9Z6M6|NEGATIVE|SP|1,1
P84888|NEGATIVE|SP|2,1
P16454|NEGATIVE|SP|2,1
P44569|NEGATIVE|SP|1,1
P04172|NEGATIVE|SP|2,1
P39180|NEGATIVE|SP|1,1
O05465|NEGATIVE|SP|1,1
Q59478|NEGATIVE|SP|2,1
P22365|NEGATIVE|SP|2,1
P49250|NEGATIVE|SP|2,1
P24735|NEGATIVE|SP|2,1
P39049|NEGATIVE|SP|1,1
Q59639|NEGATIVE|SP|1,1
P02924|NEGATIVE|SP|1,1
P22364|NEGATIVE|SP|2,1
P95470|NEGATIVE|SP|1,1
P69681|NEGATIVE|SP|2,1
P00811|NEGATIVE|SP|1,1
P25718|NEGATIVE|SP|2,1
P29957|NEGATIVE|SP|1,1
Q9L7P2|NEGATIVE|SP|0,1
Q540U1|NEGATIVE|SP|2,1
P45091|NEGATIVE|SP|0,1
Q47898|NEGATIVE|SP|1,1
P20713|NEGATIVE|SP|2,1
P19567|NEGATIVE|SP|2,1
P12334|NEGATIVE|SP|2,1
P0A321|NEGATIVE|SP|2,1
P0A940|NEGATIVE|SP|2,1
P04377|NEGATIVE|SP|2,1
P80401|NEGATIVE|SP|2,1
Q9F646|NEGATIVE|SP|2,1
P52663|NEGATIVE|SP|1,1
P00150|NEGATIVE|SP|1,1
P21175|NEGATIVE|SP|2,1
P24037|NEGATIVE|SP|2,1
P04171|NEGATIVE|SP|2,1
P00280|NEGATIVE|SP|2,1
O08498|NEGATIVE|SP|2,1
P52699|NEGATIVE|SP|1,1
P13661|NEGATIVE|SP|2,1
P0A1V8|NEGATIVE|SP|1,1
P22390|NEGATIVE|SP|2,1
P0ABE7|NEGATIVE|SP|2,1
P00282|NEGATIVE|SP|2,1
P0A9Z7|NEGATIVE|SP|1,1
P62593|NEGATIVE|SP|1,1
P37028|NEGATIVE|SP|2,1
Q9I589|NEGATIVE|SP|2,1
P14532|NEGATIVE|SP|2,1
Q47910|NEGATIVE|SP|1,1
P59807|NEGATIVE|SP|1,1
Q05JY7|NEGATIVE|SP|1,1
P42517|NEGATIVE|SP|1,1
P01556|NEGATIVE|SP|1,1
P17315|NEGATIVE|SP|1,1
P43478|NEGATIVE|SP|1,1
Q0JRK4|NEGATIVE|SP|1,1
P01555|NEGATIVE|SP|1,1
Q7CQY4|NEGATIVE|SP|2,1
Q93LJ4|NEGATIVE|SP|1,1
Q9HU05|NEGATIVE|SP|2,1
P96156|NEGATIVE|SP|1,1
P08331|NEGATIVE|SP|1,1
P12375|NEGATIVE|SP|1,1
P12376|NEGATIVE|SP|1,1
Q58AD3|NEGATIVE|SP|2,1
P94691|NEGATIVE|SP|2,1
Q9RQB9|NEGATIVE|SP|1,1
P28307|NEGATIVE|SP|2,1
P09787|NEGATIVE|SP|1,1
Q55210|NEGATIVE|SP|1,1
P0A387|NEGATIVE|SP|1,1
P24059|NEGATIVE|SP|2,1
Q6F3I7|NEGATIVE|SP|2,1
P00096|NEGATIVE|SP|0,1
Q55013|NEGATIVE|SP|1,1
P07625|NEGATIVE|SP|0,1
P00091|NEGATIVE|SP|0,1
P00132|NEGATIVE|SP|2,1
P00131|NEGATIVE|SP|2,1
O33731|NEGATIVE|SP|2,1
P00144|NEGATIVE|SP|2,1
P77214|NEGATIVE|SP|1,1
Q727P6|NEGATIVE|SP|2,1
P43302|NEGATIVE|SP|0,1
P00154|NEGATIVE|SP|2,1
P0A1E7|NEGATIVE|SP|2,1
P80549|NEGATIVE|SP|0,1
P74917|NEGATIVE|SP|1,1
P0AEE5|NEGATIVE|SP|0,1
P16027|NEGATIVE|SP|0,1
P12293|NEGATIVE|SP|0,1
P24228|NEGATIVE|SP|1,1
Q8GPG1|NEGATIVE|SP|2,1
P15279|NEGATIVE|SP|0,1
F8WQK8|NEGATIVE|SP|2,1
P0AEB2|NEGATIVE|SP|1,1
P0C0V0|NEGATIVE|SP|2,1
P05149|NEGATIVE|SP|1,1
O34214|NEGATIVE|SP|1,1
Q47952|NEGATIVE|SP|1,1
P16466|NEGATIVE|SP|2,1
P14212|NEGATIVE|SP|1,1
P15320|NEGATIVE|SP|2,1
P09545|NEGATIVE|SP|1,1
O50319|NEGATIVE|SP|1,1
P15321|NEGATIVE|SP|1,1
P19250|NEGATIVE|SP|1,1
P29822|NEGATIVE|SP|1,1
Q9HZQ8|NEGATIVE|SP|1,1
E1XUJ2|NEGATIVE|SP|2,1
P32890|NEGATIVE|SP|1,1
B2RIT0|NEGATIVE|SP|1,1
B2RKV3|NEGATIVE|SP|2,1
P80036|NEGATIVE|SP|1,1
P0AEG4|NEGATIVE|SP|2,1
P23827|NEGATIVE|SP|1,1
P0CK94|NEGATIVE|SP|1,1
P39176|NEGATIVE|SP|1,1
P36911|NEGATIVE|SP|1,1
Q9EZE7|NEGATIVE|SP|1,1
Q07792|NEGATIVE|SP|2,1
Q99003|NEGATIVE|SP|1,1
E3PPC4|NEGATIVE|SP|2,1
P13421|NEGATIVE|SP|0,1
Q07WU7|NEGATIVE|SP|2,1
P16869|NEGATIVE|SP|1,1
Q05202|NEGATIVE|SP|1,1
P33781|NEGATIVE|SP|2,1
P31697|NEGATIVE|SP|1,1
P42512|NEGATIVE|SP|1,1
P37902|NEGATIVE|SP|2,1
P27033|NEGATIVE|SP|0,1
P15644|NEGATIVE|SP|1,1
P27032|NEGATIVE|SP|1,1
P09394|NEGATIVE|SP|2,1
P17989|NEGATIVE|SP|1,1
P0AES9|NEGATIVE|SP|2,1
C6XZB6|NEGATIVE|SP|1,1
Q59289|NEGATIVE|SP|1,1
P37696|NEGATIVE|SP|1,1
P18126|NEGATIVE|SP|0,1
Q99289|NEGATIVE|SP|2,1
P48823|NEGATIVE|SP|1,1
P0AET2|NEGATIVE|SP|1,1
Q05819|NEGATIVE|SP|1,1
P76341|NEGATIVE|SP|2,1
Q4VYA5|NEGATIVE|SP|2,1
Q2YK18|NEGATIVE|SP|2,1
P45354|NEGATIVE|SP|1,1
P33129|NEGATIVE|SP|1,1
Q5NGV7|NEGATIVE|SP|2,1
Q9X6B0|NEGATIVE|SP|2,1
P18958|NEGATIVE|SP|1,1
P26501|NEGATIVE|SP|2,1
P0AD59|NEGATIVE|SP|1,1
Q9ZG90|NEGATIVE|SP|1,1
P61316|NEGATIVE|SP|2,1
P40601|NEGATIVE|SP|1,1
P26877|NEGATIVE|SP|2,1
P04816|NEGATIVE|SP|2,1
P0AD96|NEGATIVE|SP|2,1
Q9Z4N4|NEGATIVE|SP|2,1
P29399|NEGATIVE|SP|1,1
Q7MSJ8|NEGATIVE|SP|1,1
Q5ZXE0|NEGATIVE|SP|2,1
Q9Z4I3|NEGATIVE|SP|2,1
P45323|NEGATIVE|SP|2,1
P0A908|NEGATIVE|SP|2,1
Q46203|NEGATIVE|SP|2,1
A5F7A4|NEGATIVE|SP|1,1
P44654|NEGATIVE|SP|2,1
P44544|NEGATIVE|SP|2,1
Q9I596|NEGATIVE|SP|2,1
P0ABL3|NEGATIVE|SP|2,1
P46739|NEGATIVE|SP|1,1
P24474|NEGATIVE|SP|0,1
L0DSL2|NEGATIVE|SP|1,1
Q06006|NEGATIVE|SP|2,1
P34210|NEGATIVE|SP|1,1
P33136|NEGATIVE|SP|1,1
Q05811|NEGATIVE|SP|2,1
P0ABK9|NEGATIVE|SP|1,1
Q9S1E5|NEGATIVE|SP|1,1
Q9S3R8|NEGATIVE|SP|2,1
P84838|NEGATIVE|SP|1,1
P76773|NEGATIVE|SP|1,1
P0A915|NEGATIVE|SP|2,1
P0AFH8|NEGATIVE|SP|1,1
Q57483|NEGATIVE|SP|2,1
B0B815|NEGATIVE|SP|2,1
Q9S3R9|NEGATIVE|SP|2,1
P13720|NEGATIVE|SP|2,1
Q47459|NEGATIVE|SP|1,1
Q83EK8|NEGATIVE|SP|1,1
Q588Z2|NEGATIVE|SP|1,1
P80604|NEGATIVE|SP|1,1
P0AFI5|NEGATIVE|SP|0,1
O68900|NEGATIVE|SP|1,1
P15922|NEGATIVE|SP|2,1
P06875|NEGATIVE|SP|1,1
Q6CZT4|NEGATIVE|SP|2,1
P22751|NEGATIVE|SP|0,1
P31133|NEGATIVE|SP|2,1
P21697|NEGATIVE|SP|2,1
P38008|NEGATIVE|SP|1,1
P0C1C0|NEGATIVE|SP|2,1
P28581|NEGATIVE|SP|2,1
Q7BS42|NEGATIVE|SP|1,1
Q03035|NEGATIVE|SP|1,1
P12943|NEGATIVE|SP|1,1
P21163|NEGATIVE|SP|1,1
P0AFL3|NEGATIVE|SP|2,1
P0AFK9|NEGATIVE|SP|2,1
Q9F1L5|NEGATIVE|SP|1,1
P32722|NEGATIVE|SP|2,1
P37726|NEGATIVE|SP|2,1
Q588Z1|NEGATIVE|SP|1,1
P10549|NEGATIVE|SP|1,1
Q8DJE2|NEGATIVE|SP|1,1
P0AFM2|NEGATIVE|SP|1,1
P0A431|NEGATIVE|SP|1,1
P07102|NEGATIVE|SP|0,1
P09489|NEGATIVE|SP|0,1
P0DMR4|NEGATIVE|SP|2,1
P35483|NEGATIVE|SP|2,1
P23857|NEGATIVE|SP|2,1
Q9I194|NEGATIVE|SP|1,1
P64534|NEGATIVE|SP|2,1
P21338|NEGATIVE|SP|1,1
B7JAQ0|NEGATIVE|SP|2,1
Q8FDW4|NEGATIVE|SP|1,1
P0A1Z2|NEGATIVE|SP|2,1
P35823|NEGATIVE|SP|2,1
O52057|NEGATIVE|SP|0,1
O52055|NEGATIVE|SP|0,1
Q9Z4N3|NEGATIVE|SP|1,1
P0AEU7|NEGATIVE|SP|2,1
P0AGC3|NEGATIVE|SP|1,1
Q8VSL2|NEGATIVE|SP|1,1
D7A6E5|NEGATIVE|SP|2,1
Q08IS0|NEGATIVE|SP|2,1
O52179|NEGATIVE|SP|0,1
P81238|NEGATIVE|SP|1,1
Q939U1|NEGATIVE|SP|2,1
Q55025|NEGATIVE|SP|2,1
O33434|NEGATIVE|SP|2,1
Q8RLX0|NEGATIVE|SP|0,1
B2FNJ0|NEGATIVE|SP|1,1
P0ABZ6|NEGATIVE|SP|2,1
P15453|NEGATIVE|SP|2,1
P77754|NEGATIVE|SP|2,1
P02906|NEGATIVE|SP|1,1
Q8KDM7|NEGATIVE|SP|0,1
P0AG78|NEGATIVE|SP|1,1
Q06987|NEGATIVE|SP|2,1
Q06988|NEGATIVE|SP|1,1
E1VBK1|NEGATIVE|SP|1,1
P0ADA1|NEGATIVE|SP|2,1
P27477|NEGATIVE|SP|1,1
Q9XD84|NEGATIVE|SP|1,1
P38683|NEGATIVE|SP|1,1
Q47692|NEGATIVE|SP|1,1
P13482|NEGATIVE|SP|1,1
P11439|NEGATIVE|SP|2,1
P07024|NEGATIVE|SP|1,1
Q9RU24|NEGATIVE|SP|1,1
P43972|NEGATIVE|SP|1,1
Q57449|NEGATIVE|SP|1,1
P0AAX8|NEGATIVE|SP|1,1
P0A8X2|NEGATIVE|SP|2,1
P44276|NEGATIVE|SP|1,1
P23031|NEGATIVE|SP|0,1
P35811|NEGATIVE|SP|1,1
Q48245|NEGATIVE|SP|2,1
P37387|NEGATIVE|SP|1,1
P76520|NEGATIVE|SP|1,1
P0ADU5|NEGATIVE|SP|2,1
P39187|NEGATIVE|SP|2,1
P76344|NEGATIVE|SP|2,1
P37648|NEGATIVE|SP|1,1
P39325|NEGATIVE|SP|1,1
P77269|NEGATIVE|SP|1,1
P39172|NEGATIVE|SP|2,1
P0AAA9|NEGATIVE|SP|2,1
Q51227|NEGATIVE|SP|1,1
Q9HWW1|NEGATIVE|SP|2,1
P09169|NEGATIVE|SP|1,1
P06971|NEGATIVE|SP|1,1
P02931|NEGATIVE|SP|0,1
P0A917|NEGATIVE|SP|2,1
P0A921|NEGATIVE|SP|1,1
P76045|NEGATIVE|SP|2,1
O66515|NEGATIVE|SP|2,1
P23135|NEGATIVE|SP|1,1
P54700|NEGATIVE|SP|1,1
O31127|NEGATIVE|SP|0,1
G1UBD1|NEGATIVE|SP|1,1
P22940|NEGATIVE|SP|1,1
P06129|NEGATIVE|SP|1,1
P77338|NEGATIVE|SP|1,1
Q8UG67|NEGATIVE|SP|1,1
P0AC05|NEGATIVE|SP|1,1
P02943|NEGATIVE|SP|2,1
P37001|NEGATIVE|SP|1,1
P83793|NEGATIVE|SP|2,1
P39285|NEGATIVE|SP|1,1
P25253|NEGATIVE|SP|2,1
P02930|NEGATIVE|SP|1,1
P09888|NEGATIVE|SP|1,1
Q55115|NEGATIVE|SP|2,1
Q03155|NEGATIVE|SP|1,1
Q7BCK4|NEGATIVE|SP|1,1
P0AGC7|NEGATIVE|SP|1,1
P30130|NEGATIVE|SP|1,1
P13036|NEGATIVE|SP|2,1
P05825|NEGATIVE|SP|1,1
Q8ZPT3|NEGATIVE|SP|1,1
P0A927|NEGATIVE|SP|2,1
P69856|NEGATIVE|SP|1,1
Q934G3|NEGATIVE|SP|2,1
Q8GKS5|NEGATIVE|SP|1,1
Q7BSW5|NEGATIVE|SP|1,1
Q9HVJ6|NEGATIVE|SP|1,1
P10384|NEGATIVE|SP|0,1
Q48473|NEGATIVE|SP|0,1
P35077|NEGATIVE|SP|1,1
A5VZA8|NEGATIVE|SP|2,1
P0ADE4|NEGATIVE|SP|1,1
Q93PM2|NEGATIVE|SP|2,1
P18895|NEGATIVE|SP|1,1
Q8GNN6|NEGATIVE|SP|1,1
P48632|NEGATIVE|SP|1,1
P72412|NEGATIVE|SP|2,1
Q841A2|NEGATIVE|SP|1,1
Q9K0U9|NEGATIVE|SP|2,1
Q72CX3|NEGATIVE|NO_SP|2,0
P69428|NEGATIVE|NO_SP|2,0
P68699|NEGATIVE|NO_SP|0,0
P0AB98|NEGATIVE|NO_SP|1,0
Q2G506|NEGATIVE|NO_SP|2,0
P60844|NEGATIVE|NO_SP|0,0
P0AEC3|NEGATIVE|NO_SP|2,0
P31224|NEGATIVE|NO_SP|0,0
P0A6M2|NEGATIVE|NO_SP|0,0
Q9S5X0|POSITIVE|NO_SP|1,0
P0AGM7|NEGATIVE|NO_SP|1,0
P83791|NEGATIVE|NO_SP|2,0
P0AGF4|NEGATIVE|NO_SP|0,0
P0A6S5|NEGATIVE|NO_SP|1,0
P0AC44|NEGATIVE|NO_SP|2,0
P0AG96|NEGATIVE|NO_SP|2,0
P0AEK7|NEGATIVE|NO_SP|0,0
P44783|NEGATIVE|NO_SP|2,0
P37758|NEGATIVE|NO_SP|1,0
P0AER0|NEGATIVE|NO_SP|0,0
D9N164|NEGATIVE|NO_SP|2,0
P02916|NEGATIVE|NO_SP|1,0
P68183|NEGATIVE|NO_SP|1,0
P60752|NEGATIVE|NO_SP|2,0
P0C0S1|NEGATIVE|NO_SP|2,0
P10903|NEGATIVE|NO_SP|1,0
Q8DIQ1|NEGATIVE|NO_SP|1,0
P12238|NEGATIVE|NO_SP|2,0
Q8DIF8|NEGATIVE|NO_SP|2,0
P0A407|NEGATIVE|NO_SP|1,0
Q8CM25|NEGATIVE|NO_SP|2,0
P51765|NEGATIVE|NO_SP|2,0
P83792|NEGATIVE|NO_SP|1,0
Q607G3|NEGATIVE|NO_SP|2,0
P0ADW3|NEGATIVE|NO_SP|1,0
P0AGC0|NEGATIVE|NO_SP|1,0
P23849|NEGATIVE|NO_SP|1,0
P09130|NEGATIVE|NO_SP|2,0
P39453|NEGATIVE|NO_SP|1,0
Q9HZX3|NEGATIVE|NO_SP|0,0
P69423|NEGATIVE|NO_SP|2,0
P0AAD8|NEGATIVE|NO_SP|2,0
P27843|NEGATIVE|NO_SP|2,0
P0AEC5|NEGATIVE|NO_SP|2,0
Q14SY0|NEGATIVE|NO_SP|0,0
P37278|NEGATIVE|NO_SP|2,0
P31466|NEGATIVE|NO_SP|2,0
P26458|NEGATIVE|NO_SP|1,0
P26459|NEGATIVE|NO_SP|2,0
P24177|NEGATIVE|NO_SP|0,0
P31440|NEGATIVE|NO_SP|2,0
P77173|NEGATIVE|NO_SP|2,0
P0AA93|NEGATIVE|NO_SP|0,0
P0A8K8|NEGATIVE|NO_SP|2,0
P24181|NEGATIVE|NO_SP|0,0
P0AB58|NEGATIVE|NO_SP|2,0
P30845|NEGATIVE|NO_SP|2,0
G4SW86|NEGATIVE|NO_SP|1,0
P27303|NEGATIVE|NO_SP|2,0
Q8X9D3|NEGATIVE|NO_SP|2,0
P63183|NEGATIVE|NO_SP|1,0
P0A2I9|NEGATIVE|NO_SP|2,0
P0A2I7|NEGATIVE|NO_SP|0,0
P25714|NEGATIVE|NO_SP|2,0
P32705|NEGATIVE|NO_SP|2,0
Q46821|NEGATIVE|NO_SP|0,0
P0CE45|NEGATIVE|NO_SP|2,0
P37661|NEGATIVE|NO_SP|2,0
P60955|NEGATIVE|NO_SP|2,0
P0AEJ0|NEGATIVE|NO_SP|0,0
P23894|NEGATIVE|NO_SP|0,0
P52094|NEGATIVE|NO_SP|2,0
P0AAA1|NEGATIVE|NO_SP|1,0
P0AAT4|NEGATIVE|NO_SP|1,0
P37662|NEGATIVE|NO_SP|0,0
P56621|NEGATIVE|NO_SP|2,0
P31801|NEGATIVE|NO_SP|2,0
Q3J015|NEGATIVE|NO_SP|1,0
P73912|NEGATIVE|NO_SP|2,0
P0AEB5|NEGATIVE|NO_SP|2,0
P58034|NEGATIVE|NO_SP|0,0
P46136|NEGATIVE|NO_SP|0,0
P95745|NEGATIVE|NO_SP|2,0
P0AD14|NEGATIVE|NO_SP|1,0
Q46824|NEGATIVE|NO_SP|2,0
P30323|NEGATIVE|NO_SP|1,0
P13512|NEGATIVE|NO_SP|2,0
P0ABK2|NEGATIVE|NO_SP|1,0
P71241|NEGATIVE|NO_SP|2,0
P67444|NEGATIVE|NO_SP|1,0
P29040|NEGATIVE|NO_SP|0,0
P76372|NEGATIVE|NO_SP|1,0
Q03075|NEGATIVE|NO_SP|1,0
P0ABG4|NEGATIVE|NO_SP|2,0
P0AC23|NEGATIVE|NO_SP|2,0
P06136|NEGATIVE|NO_SP|1,0
P46889|NEGATIVE|NO_SP|2,0
P0AEN4|NEGATIVE|NO_SP|2,0
P77510|NEGATIVE|NO_SP|2,0
P31680|NEGATIVE|NO_SP|2,0
P15877|NEGATIVE|NO_SP|2,0
P0AFR2|NEGATIVE|NO_SP|2,0
P0ABJ9|NEGATIVE|NO_SP|2,0
P0AE26|NEGATIVE|NO_SP|2,0
P31553|NEGATIVE|NO_SP|2,0
P0AAE8|NEGATIVE|NO_SP|0,0
P37002|NEGATIVE|NO_SP|2,0
P16701|NEGATIVE|NO_SP|1,0
P14377|NEGATIVE|NO_SP|2,0
P0ADZ7|NEGATIVE|NO_SP|2,0
D2TN57|NEGATIVE|NO_SP|1,0
P69937|NEGATIVE|NO_SP|0,0
P08395|NEGATIVE|NO_SP|2,0
P0AG90|NEGATIVE|NO_SP|0,0
P76446|NEGATIVE|NO_SP|2,0
Q55700|NEGATIVE|NO_SP|2,0
P0AAI3|NEGATIVE|NO_SP|1,0
P29131|NEGATIVE|NO_SP|0,0
P77733|NEGATIVE|NO_SP|2,0
P0AF52|NEGATIVE|NO_SP|2,0
Q46817|NEGATIVE|NO_SP|2,0
P0AA67|NEGATIVE|NO_SP|2,0
P0AG38|NEGATIVE|NO_SP|2,0
D5ARY9|NEGATIVE|NO_SP|0,0
P77179|NEGATIVE|NO_SP|0,0
P0AEH1|NEGATIVE|NO_SP|2,0
P0A766|NEGATIVE|NO_SP|0,0
P0AC98|NEGATIVE|NO_SP|2,0
P0AFY6|NEGATIVE|NO_SP|1,0
P07117|NEGATIVE|NO_SP|2,0
P0DMC5|NEGATIVE|NO_SP|1,0
P0AA53|NEGATIVE|NO_SP|2,0
P76425|NEGATIVE|NO_SP|2,0
Q3J6C1|NEGATIVE|NO_SP|2,0
P75685|NEGATIVE|NO_SP|2,0
P00550|NEGATIVE|NO_SP|2,0
P32672|NEGATIVE|NO_SP|1,0
P07654|NEGATIVE|NO_SP|2,0
P0ADY1|NEGATIVE|NO_SP|1,0
P69801|NEGATIVE|NO_SP|0,0
P0ABP3|NEGATIVE|NO_SP|2,0
P0A830|NEGATIVE|NO_SP|2,0
P77307|NEGATIVE|NO_SP|2,0
P0AD68|NEGATIVE|NO_SP|0,0
P0AER8|NEGATIVE|NO_SP|2,0
Q0P9C4|NEGATIVE|NO_SP|2,0
P0AD42|NEGATIVE|NO_SP|1,0
P69826|NEGATIVE|NO_SP|2,0
D2ZZC1|NEGATIVE|NO_SP|2,0
P76445|NEGATIVE|NO_SP|1,0
P75830|NEGATIVE|NO_SP|0,0
P37637|NEGATIVE|NO_SP|0,0
P02921|NEGATIVE|NO_SP|2,0
P33231|NEGATIVE|NO_SP|2,0
P0ADV9|NEGATIVE|NO_SP|1,0
P03960|NEGATIVE|NO_SP|0,0
P00803|NEGATIVE|NO_SP|2,0
P0ABC3|NEGATIVE|NO_SP|2,0
P03959|NEGATIVE|NO_SP|0,0
P0AEX3|NEGATIVE|NO_SP|1,0
P07018|NEGATIVE|NO_SP|2,0
P07017|NEGATIVE|NO_SP|2,0
P05704|NEGATIVE|NO_SP|2,0
P77589|NEGATIVE|NO_SP|2,0
P64606|NEGATIVE|NO_SP|0,0
P28306|NEGATIVE|NO_SP|2,0
P0A769|NEGATIVE|NO_SP|1,0
P16926|NEGATIVE|NO_SP|1,0
P0AF06|NEGATIVE|NO_SP|2,0
P0A6W3|NEGATIVE|NO_SP|0,0
P0A742|NEGATIVE|NO_SP|2,0
P0AF16|NEGATIVE|NO_SP|0,0
P42615|NEGATIVE|NO_SP|1,0
A5F120|NEGATIVE|NO_SP|0,0
P0AFK6|NEGATIVE|NO_SP|1,0
P0AFL9|NEGATIVE|NO_SP|2,0
Q51330|NEGATIVE|NO_SP|2,0
P43676|NEGATIVE|NO_SP|2,0
Q93HU4|NEGATIVE|NO_SP|2,0
P0AC26|NEGATIVE|NO_SP|1,0
P18200|NEGATIVE|NO_SP|1,0
P29923|NEGATIVE|NO_SP|0,0
Q51955|NEGATIVE|NO_SP|2,0
Q57425|NEGATIVE|NO_SP|2,0
P75905|NEGATIVE|NO_SP|2,0
P23837|NEGATIVE|NO_SP|2,0
P69432|NEGATIVE|NO_SP|1,0
Q1D823|NEGATIVE|NO_SP|2,0
P23872|NEGATIVE|NO_SP|1,0
B5XRA9|NEGATIVE|NO_SP|1,0
Q9X758|NEGATIVE|NO_SP|2,0
P26612|NEGATIVE|NO_SP|1,0
T2G6Z9|NEGATIVE|NO_SP|2,0
T2G899|NEGATIVE|NO_SP|1,0
Q88JD1|NEGATIVE|NO_SP|2,0
P37655|NEGATIVE|NO_SP|0,0
Q46896|NEGATIVE|NO_SP|1,0
Q8GHL1|NEGATIVE|NO_SP|2,0
P36659|NEGATIVE|NO_SP|0,0
Q9XB59|NEGATIVE|NO_SP|2,0
P0A6F9|NEGATIVE|NO_SP|2,0
P0A6F5|NEGATIVE|NO_SP|2,0
P37794|NEGATIVE|NO_SP|1,0
O87444|NEGATIVE|NO_SP|2,0
P63284|NEGATIVE|NO_SP|2,0
Q54735|NEGATIVE|NO_SP|2,0
P69910|NEGATIVE|NO_SP|1,0
P0ABS1|NEGATIVE|NO_SP|1,0
P0ACF0|NEGATIVE|NO_SP|0,0
P0A9P6|NEGATIVE|NO_SP|0,0
P80702|NEGATIVE|NO_SP|2,0
E1V7W0|NEGATIVE|NO_SP|1,0
P0A9P0|NEGATIVE|NO_SP|0,0
P69853|NEGATIVE|NO_SP|2,0
E1V7W1|NEGATIVE|NO_SP|2,0
Q7BBW0|NEGATIVE|NO_SP|2,0
P10121|NEGATIVE|NO_SP|0,0
D2D3B2|NEGATIVE|NO_SP|1,0
P17721|POSITIVE|NO_SP|2,0
Q56415|NEGATIVE|NO_SP|2,0
P52093|NEGATIVE|NO_SP|2,0
O30511|NEGATIVE|NO_SP|1,0
P0A6T1|NEGATIVE|NO_SP|2,0
P32131|NEGATIVE|NO_SP|2,0
P39377|NEGATIVE|NO_SP|2,0
P24232|NEGATIVE|NO_SP|1,0
P0C054|NEGATIVE|NO_SP|2,0
P0ACF8|NEGATIVE|NO_SP|1,0
P25746|NEGATIVE|NO_SP|2,0
P73722|NEGATIVE|NO_SP|2,0
Q79PF5|NEGATIVE|NO_SP|1,0
P76008|NEGATIVE|NO_SP|1,0
P0A6Y8|NEGATIVE|NO_SP|2,0
O51418|NEGATIVE|NO_SP|2,0
Q55024|NEGATIVE|NO_SP|2,0
P0ADI4|NEGATIVE|NO_SP|1,0
P0A9W3|NEGATIVE|NO_SP|2,0
P06616|NEGATIVE|NO_SP|1,0
P0A8Y8|NEGATIVE|NO_SP|1,0
P0A9A6|NEGATIVE|NO_SP|1,0
P0A6R3|NEGATIVE|NO_SP|2,0
O06644|NEGATIVE|NO_SP|1,0
P32177|NEGATIVE|NO_SP|2,0
P0AC69|NEGATIVE|NO_SP|2,0
P74258|NEGATIVE|NO_SP|1,0
P0ACC7|NEGATIVE|NO_SP|0,0
Q0K9H3|NEGATIVE|NO_SP|1,0
Q9KUA9|NEGATIVE|NO_SP|2,0
P31101|NEGATIVE|NO_SP|2,0
Q6WRT6|NEGATIVE|NO_SP|2,0
Q9Z873|NEGATIVE|NO_SP|2,0
P25519|NEGATIVE|NO_SP|1,0
P0C058|NEGATIVE|NO_SP|2,0
P0A705|NEGATIVE|NO_SP|1,0
P0AAT6|NEGATIVE|NO_SP|2,0
P0A6Z3|NEGATIVE|NO_SP|2,0
P69222|NEGATIVE|NO_SP|1,0
P0A707|NEGATIVE|NO_SP|1,0
Q5MZ99|NEGATIVE|NO_SP|2,0
P21866|NEGATIVE|NO_SP|2,0
Q9ZGM4|NEGATIVE|NO_SP|2,0
F2JXJ2|NEGATIVE|NO_SP|0,0
D7URM0|NEGATIVE|NO_SP|0,0
P0A8N0|NEGATIVE|NO_SP|1,0
O06925|NEGATIVE|NO_SP|2,0
Q1DB04|NEGATIVE|NO_SP|2,0
P0A6U3|NEGATIVE|NO_SP|2,0
P25522|NEGATIVE|NO_SP|1,0
P84308|NEGATIVE|NO_SP|1,0
Q9X404|NEGATIVE|NO_SP|2,0
P76346|NEGATIVE|NO_SP|2,0
P22186|NEGATIVE|NO_SP|2,0
P84253|NEGATIVE|NO_SP|1,0
P0AF26|NEGATIVE|NO_SP|2,0
P11880|NEGATIVE|NO_SP|1,0
Q9X405|NEGATIVE|NO_SP|2,0
P70752|NEGATIVE|NO_SP|1,0
P22523|NEGATIVE|NO_SP|1,0
Q9X406|NEGATIVE|NO_SP|1,0
P44308|NEGATIVE|NO_SP|2,0
P13266|NEGATIVE|NO_SP|1,0
Q00267|NEGATIVE|NO_SP|2,0
Q56575|NEGATIVE|NO_SP|2,0
P33602|NEGATIVE|NO_SP|1,0
P33599|NEGATIVE|NO_SP|1,0
P0AFF6|NEGATIVE|NO_SP|2,0
Q5F5D9|NEGATIVE|NO_SP|2,0
B8GYI7|NEGATIVE|NO_SP|2,0
P42641|NEGATIVE|NO_SP|2,0
P0A9L8|NEGATIVE|NO_SP|2,0
B8GW30|NEGATIVE|NO_SP|0,0
P0ABF1|NEGATIVE|NO_SP|1,0
P0A790|NEGATIVE|NO_SP|1,0
P05055|NEGATIVE|NO_SP|2,0
O67053|NEGATIVE|NO_SP|1,0
P0A9K7|NEGATIVE|NO_SP|1,0
P56601|NEGATIVE|NO_SP|0,0
P23916|NEGATIVE|NO_SP|2,0
P45577|NEGATIVE|NO_SP|0,0
P94692|NEGATIVE|NO_SP|1,0
P15254|NEGATIVE|NO_SP|0,0
P69797|NEGATIVE|NO_SP|2,0
P0AFM6|NEGATIVE|NO_SP|2,0
P05824|NEGATIVE|NO_SP|0,0
Q9HUF7|NEGATIVE|NO_SP|1,0
P0A7X6|NEGATIVE|NO_SP|1,0
P0A8J8|NEGATIVE|NO_SP|0,0
P25888|NEGATIVE|NO_SP|0,0
Q2YKV1|NEGATIVE|NO_SP|1,0
B9XXL6|NEGATIVE|NO_SP|0,0
P0A7Y0|NEGATIVE|NO_SP|2,0
P21513|NEGATIVE|NO_SP|2,0
B9XZG7|NEGATIVE|NO_SP|1,0
P0AG67|NEGATIVE|NO_SP|1,0
P60390|NEGATIVE|NO_SP|2,0
P0A809|NEGATIVE|NO_SP|1,0
Q0K844|NEGATIVE|NO_SP|0,0
P0A812|NEGATIVE|NO_SP|2,0
P0A814|NEGATIVE|NO_SP|2,0
P0C093|NEGATIVE|NO_SP|2,0
Q8KES3|NEGATIVE|NO_SP|0,0
B8GZ28|NEGATIVE|NO_SP|0,0
Q9EXP2|NEGATIVE|NO_SP|1,0
P0AG24|NEGATIVE|NO_SP|2,0
Q9RY51|NEGATIVE|NO_SP|2,0
B8H482|NEGATIVE|NO_SP|1,0
P0A832|NEGATIVE|NO_SP|1,0
P61380|NEGATIVE|NO_SP|1,0
P0ACG1|NEGATIVE|NO_SP|1,0
P77499|NEGATIVE|NO_SP|0,0
P27859|NEGATIVE|NO_SP|2,0
P0A850|NEGATIVE|NO_SP|1,0
Q9APM5|NEGATIVE|NO_SP|2,0
E0X9C7|NEGATIVE|NO_SP|2,0
Q8KIY1|NEGATIVE|NO_SP|2,0
P36662|NEGATIVE|NO_SP|2,0
P05837|NEGATIVE|NO_SP|2,0
P10026|NEGATIVE|NO_SP|2,0
P62601|NEGATIVE|NO_SP|0,0
A5W4E3|NEGATIVE|NO_SP|2,0
P0AF67|NEGATIVE|NO_SP|2,0
P76256|NEGATIVE|NO_SP|2,0
P05852|NEGATIVE|NO_SP|2,0
P14916|NEGATIVE|NO_SP|2,0
P10908|NEGATIVE|NO_SP|1,0
P69996|NEGATIVE|NO_SP|2,0
P27828|NEGATIVE|NO_SP|2,0
Q9RXV7|NEGATIVE|NO_SP|2,0
Q84H44|NEGATIVE|NO_SP|2,0
P76407|NEGATIVE|NO_SP|2,0
P24197|NEGATIVE|NO_SP|1,0
P0A8X0|NEGATIVE|NO_SP|2,0
P0AGK4|NEGATIVE|NO_SP|1,0
P0A898|NEGATIVE|NO_SP|1,0
P75862|NEGATIVE|NO_SP|1,0
P0ADK8|NEGATIVE|NO_SP|2,0
Q56973|NEGATIVE|NO_SP|1,0
P61417|NEGATIVE|NO_SP|2,0
P36680|NEGATIVE|NO_SP|1,0
P64612|NEGATIVE|NO_SP|1,0
D2TN58|NEGATIVE|NO_SP|1,0
P0AF36|NEGATIVE|NO_SP|2,0
P0ADS2|NEGATIVE|NO_SP|2,0
P0AD44|NEGATIVE|TATLIPO|0,1
P9WKD3|POSITIVE|TATLIPO|2,1
P9WKD2|POSITIVE|TATLIPO|2,1
P0A5I7|POSITIVE|TATLIPO|2,1
Q31Z86|NEGATIVE|TATLIPO|2,1
P0A434|NEGATIVE|TATLIPO|0,1
O50499|POSITIVE|TATLIPO|2,1
Q0HH61|NEGATIVE|TATLIPO|1,1
D4GPW5|ARCHAEA|TATLIPO|1,1
Q58864|ARCHAEA|PILIN|0,1
Q6LYT4|ARCHAEA|PILIN|0,1
Q6LXR6|ARCHAEA|PILIN|0,1
Q58795|ARCHAEA|PILIN|0,1
Q6LWM4|ARCHAEA|PILIN|0,1
Q6LZU5|ARCHAEA|PILIN|0,1
P81322|ARCHAEA|PILIN|0,1
Q57873|ARCHAEA|PILIN|0,1
P81323|ARCHAEA|PILIN|0,1
Q60324|ARCHAEA|PILIN|1,1
P02974|NEGATIVE|PILIN|1,1
Q72JC0|NEGATIVE|PILIN|1,1
P05431|NEGATIVE|PILIN|1,1
Q60153|NEGATIVE|PILIN|2,1
P33553|NEGATIVE|PILIN|0,1
P02975|NEGATIVE|PILIN|1,1
O30583|NEGATIVE|PILIN|1,1
P17838|NEGATIVE|PILIN|1,1
P31734|NEGATIVE|PILIN|2,1
P58997|NEGATIVE|PILIN|0,1
P57039|NEGATIVE|PILIN|1,1
P17823|NEGATIVE|PILIN|1,1
A5EWR9|NEGATIVE|PILIN|1,1
P25956|POSITIVE|PILIN|0,1
P45774|NEGATIVE|PILIN|0,1
P45760|NEGATIVE|PILIN|0,1
Q8VPC3|NEGATIVE|PILIN|0,1
P11933|NEGATIVE|PILIN|1,1
P09829|NEGATIVE|PILIN|1,1
Q8VQ71|POSITIVE|PILIN|1,1
P23024|NEGATIVE|PILIN|2,1
P25957|POSITIVE|PILIN|2,1
P45761|NEGATIVE|PILIN|0,1
Q00046|NEGATIVE|PILIN|1,1
P11764|NEGATIVE|PILIN|1,1
Q72JC2|NEGATIVE|PILIN|0,1
P45775|NEGATIVE|PILIN|0,1
P15747|NEGATIVE|PILIN|0,1
Q00045|NEGATIVE|PILIN|1,1
P27688|NEGATIVE|PILIN|1,1
P27689|NEGATIVE|PILIN|1,1
P17827|NEGATIVE|PILIN|1,1
P17822|NEGATIVE|PILIN|1,1
P17824|NEGATIVE|PILIN|1,1
P17826|NEGATIVE|PILIN|1,1
P27906|NEGATIVE|PILIN|1,1
P31738|NEGATIVE|PILIN|0,1
P24688|NEGATIVE|PILIN|0,1
P31586|NEGATIVE|PILIN|2,1
P31589|NEGATIVE|PILIN|0,1
P31587|NEGATIVE|PILIN|0,1
P15748|NEGATIVE|PILIN|0,1
P15749|NEGATIVE|PILIN|0,1
P31737|NEGATIVE|PILIN|0,1
P31739|NEGATIVE|PILIN|0,1
P17825|NEGATIVE|PILIN|1,1
P31735|NEGATIVE|PILIN|0,1
P27690|NEGATIVE|PILIN|1,1
P27691|NEGATIVE|PILIN|1,1
P45791|NEGATIVE|PILIN|1,1
P31740|NEGATIVE|PILIN|0,1
Q07564|NEGATIVE|PILIN|1,1
Q07565|NEGATIVE|PILIN|1,1
P44623|NEGATIVE|PILIN|1,1
P08372|NEGATIVE|PILIN|0,1
P33554|NEGATIVE|PILIN|0,1
P33555|POSITIVE|PILIN|2,1
O67882|NEGATIVE|PILIN|0,1
O67427|NEGATIVE|PILIN|0,1
P31736|NEGATIVE|PILIN|2,1
P9WGE9|POSITIVE|LIPO|0,1
P9WG29|POSITIVE|LIPO|0,1
Q2FVE7|POSITIVE|LIPO|2,1
P69411|NEGATIVE|LIPO|0,1
P9WGT7|POSITIVE|LIPO|1,1
O53223|POSITIVE|LIPO|2,1
P69776|NEGATIVE|LIPO|0,1
P0A912|NEGATIVE|LIPO|2,1
B2RH54|NEGATIVE|LIPO|0,1
P0AB38|NEGATIVE|LIPO|0,1
P0AFV4|NEGATIVE|LIPO|2,1
P0AFB1|NEGATIVE|LIPO|2,1
Q2FZE6|POSITIVE|LIPO|2,1
P77774|NEGATIVE|LIPO|0,1
P0CAX7|POSITIVE|LIPO|2,1
P61320|NEGATIVE|LIPO|0,1
P0ADC1|NEGATIVE|LIPO|1,1
B2RH57|NEGATIVE|LIPO|2,1
P0C066|NEGATIVE|LIPO|1,1
A0A1W2VMZ5|NEGATIVE|LIPO|2,1
P0C960|NEGATIVE|LIPO|2,1
P0AEA2|NEGATIVE|LIPO|0,1
A6QG34|POSITIVE|LIPO|2,1
P9WGT9|POSITIVE|LIPO|1,1
P0C940|NEGATIVE|LIPO|0,1
Q7CQN4|NEGATIVE|LIPO|0,1
P0A1X2|NEGATIVE|LIPO|2,1
E3PJ88|NEGATIVE|LIPO|2,1
P9WNF3|POSITIVE|LIPO|2,1
Q56851|NEGATIVE|LIPO|2,1
A0A0H3JTL0|POSITIVE|LIPO|2,1
Q7A652|POSITIVE|LIPO|2,1
P0A901|NEGATIVE|LIPO|2,1
Q8X6V3|NEGATIVE|LIPO|2,1
P0A3W4|NEGATIVE|LIPO|2,1
P9WK55|POSITIVE|LIPO|2,1
P0AB10|NEGATIVE|LIPO|0,1
P32714|NEGATIVE|LIPO|2,1
Q81L65|POSITIVE|LIPO|1,1
P28635|NEGATIVE|LIPO|1,1
A0A0X9SHN5|NEGATIVE|LIPO|2,1
P0CL66|NEGATIVE|LIPO|1,1
H8EZH5|POSITIVE|LIPO|0,1
Q7VUS0|NEGATIVE|LIPO|2,1
T2KMG7|NEGATIVE|LIPO|2,1
L7P9J4|NEGATIVE|LIPO|2,1
P0ABJ2|NEGATIVE|LIPO|0,1
D2T3S6|NEGATIVE|LIPO|2,1
P0A1N8|NEGATIVE|LIPO|0,1
P0AFV6|NEGATIVE|LIPO|2,1
P0AFV7|NEGATIVE|LIPO|2,1
P64426|NEGATIVE|LIPO|2,1
P0A3S7|NEGATIVE|LIPO|2,1
P0A3S9|NEGATIVE|LIPO|2,1
P9WF05|NEGATIVE|LIPO|2,1
Q2FHU8|POSITIVE|LIPO|2,1
Q2FZJ9|POSITIVE|LIPO|0,1
P0A4G4|POSITIVE|LIPO|1,1
P0AB86|NEGATIVE|LIPO|0,1
Q8XFI1|NEGATIVE|LIPO|0,1
E8XH70|NEGATIVE|LIPO|0,1
E8XH69|NEGATIVE|LIPO|0,1
D5D1H3|NEGATIVE|LIPO|2,1
Q9RU48|NEGATIVE|LIPO|2,1
Q8ZHE6|NEGATIVE|LIPO|1,1
Q8ZM39|NEGATIVE|LIPO|1,1
Q99V36|POSITIVE|LIPO|0,1
P9WGE8|POSITIVE|LIPO|0,1
Q8XDJ7|NEGATIVE|LIPO|2,1
Q7A698|POSITIVE|LIPO|0,1
Q99UX1|POSITIVE|LIPO|2,1
Q0T0S4|NEGATIVE|LIPO|1,1
P0C067|NEGATIVE|LIPO|1,1
P59243|NEGATIVE|LIPO|2,1
Q5HH23|POSITIVE|LIPO|0,1
Q83Q83|NEGATIVE|LIPO|1,1
Q3YXF0|NEGATIVE|LIPO|1,1
Q6GI23|POSITIVE|LIPO|0,1
Q7A181|POSITIVE|LIPO|0,1
Q0T5K7|NEGATIVE|LIPO|2,1
Q83RP9|NEGATIVE|LIPO|2,1
Q31WM5|NEGATIVE|LIPO|1,1
Q666M2|NEGATIVE|LIPO|1,1
Q1R762|NEGATIVE|LIPO|1,1
A1AFE9|NEGATIVE|LIPO|1,1
Q1RCQ2|NEGATIVE|LIPO|2,1
Q6GHV3|POSITIVE|LIPO|2,1
A7X153|POSITIVE|LIPO|2,1
Q8Z3T9|NEGATIVE|LIPO|1,1
Q0TDN8|NEGATIVE|LIPO|1,1
Q7A150|POSITIVE|LIPO|2,1
Q2YX14|POSITIVE|LIPO|0,1
Q32H22|NEGATIVE|LIPO|2,1
Q31ZN3|NEGATIVE|LIPO|2,1
B1ISK6|NEGATIVE|LIPO|1,1
Q5PMM0|NEGATIVE|LIPO|1,1
Q57K03|NEGATIVE|LIPO|1,1
Q2YX92|POSITIVE|LIPO|2,1
Q1CEV1|NEGATIVE|LIPO|1,1
A9N4R0|NEGATIVE|LIPO|1,1
P0CL43|NEGATIVE|LIPO|2,1
Q6GAF2|POSITIVE|LIPO|0,1
A1AAB6|NEGATIVE|LIPO|2,1
Q6GA82|POSITIVE|LIPO|2,1
A4TI58|NEGATIVE|LIPO|1,1
P0A6S0|NEGATIVE|LIPO|0,1
P9WGU3|POSITIVE|LIPO|2,1
D0ZWT5|NEGATIVE|LIPO|2,1
A0A0H3MBK5|POSITIVE|LIPO|1,1
P9WK37|POSITIVE|LIPO|0,1
A0A0H3MBL5|POSITIVE|LIPO|1,1
Q9X6V6|NEGATIVE|LIPO|2,1
P0A932|NEGATIVE|LIPO|0,1
P69778|NEGATIVE|LIPO|0,1
P69777|NEGATIVE|LIPO|0,1
P42812|NEGATIVE|LIPO|0,1
Q0TII2|NEGATIVE|LIPO|2,1
B1AIC4|POSITIVE|LIPO|2,1
B7LPT3|NEGATIVE|LIPO|1,1
B0BSH0|NEGATIVE|LIPO|1,1
Q0I513|NEGATIVE|LIPO|1,1
Q8XGT6|NEGATIVE|LIPO|2,1
B7N7L9|NEGATIVE|LIPO|1,1
A7FEX3|NEGATIVE|LIPO|1,1
B3GYW8|NEGATIVE|LIPO|1,1
B7UI10|NEGATIVE|LIPO|1,1
A7ZR89|NEGATIVE|LIPO|1,1
Q5PN08|NEGATIVE|LIPO|2,1
B7MN10|NEGATIVE|LIPO|1,1
B2U178|NEGATIVE|LIPO|1,1
B7LFM1|NEGATIVE|LIPO|1,1
A5UHR5|NEGATIVE|LIPO|1,1
B7MZB8|NEGATIVE|LIPO|1,1
B2K0V2|NEGATIVE|LIPO|1,1
Q4QMD8|NEGATIVE|LIPO|1,1
B1XFC3|NEGATIVE|LIPO|1,1
B7LYZ3|NEGATIVE|LIPO|1,1
A9R6R2|NEGATIVE|LIPO|1,1
B6I7A0|NEGATIVE|LIPO|1,1
A8A4A6|NEGATIVE|LIPO|1,1
C5A0N2|NEGATIVE|LIPO|1,1
B7UQ77|NEGATIVE|LIPO|2,1
B5YQG2|NEGATIVE|LIPO|1,1
P9WHR2|POSITIVE|LIPO|2,1
P9WF03|NEGATIVE|LIPO|2,1
Q66A25|NEGATIVE|LIPO|0,1
Q8XBY3|NEGATIVE|LIPO|0,1
C4ZSQ4|NEGATIVE|LIPO|2,1
Q8CWA4|NEGATIVE|LIPO|0,1
P9WGT6|POSITIVE|LIPO|1,1
Q9KWV5|NEGATIVE|LIPO|2,1
Q7CQE4|NEGATIVE|LIPO|2,1
A9MVX1|NEGATIVE|LIPO|2,1
B7NUV4|NEGATIVE|LIPO|2,1
B5R2X1|NEGATIVE|LIPO|2,1
B5BI54|NEGATIVE|LIPO|2,1
B7N3Z9|NEGATIVE|LIPO|2,1
B5R901|NEGATIVE|LIPO|2,1
P65631|POSITIVE|LIPO|1,1
B7MK90|NEGATIVE|LIPO|2,1
B7LGV3|NEGATIVE|LIPO|2,1
B7MTX1|NEGATIVE|LIPO|2,1
Q57NL3|NEGATIVE|LIPO|2,1
B1LHX3|NEGATIVE|LIPO|2,1
B5YXL7|NEGATIVE|LIPO|2,1
B1XAN4|NEGATIVE|LIPO|2,1
B7LXA7|NEGATIVE|LIPO|2,1
B1IU99|NEGATIVE|LIPO|2,1
C4ZTN4|NEGATIVE|LIPO|2,1
P0CZ19|NEGATIVE|LIPO|2,1
C1AFY9|POSITIVE|LIPO|2,1
P9WK40|POSITIVE|LIPO|0,1
P65319|POSITIVE|LIPO|0,1
P0ADB4|NEGATIVE|LIPO|2,1
Q086E4|NEGATIVE|LIPO|2,1
P0CC05|NEGATIVE|LIPO|2,1
P0A1N9|NEGATIVE|LIPO|0,1
P0DF60|POSITIVE|LIPO|1,1
Q8Y7A9|POSITIVE|LIPO|1,1
P0A936|NEGATIVE|LIPO|1,1
P39700|NEGATIVE|LIPO|0,1
Q8ZQZ7|NEGATIVE|LIPO|1,1
Q5HLG6|POSITIVE|LIPO|1,1
Q2FWG4|POSITIVE|LIPO|1,1
Q5HMD1|POSITIVE|LIPO|1,1
Q8DQ24|POSITIVE|LIPO|1,1
P65628|POSITIVE|LIPO|1,1
Q8E6W4|POSITIVE|LIPO|1,1
P65629|POSITIVE|LIPO|1,1
P65630|POSITIVE|LIPO|1,1
Q5HEA9|POSITIVE|LIPO|1,1
P0DC86|POSITIVE|LIPO|1,1
A5F372|NEGATIVE|LIPO|2,1
Q8FXC2|NEGATIVE|LIPO|0,1
Q5XDQ5|POSITIVE|LIPO|1,1
P0C6Q9|NEGATIVE|LIPO|1,1
P0A938|NEGATIVE|LIPO|1,1
P0A939|NEGATIVE|LIPO|1,1
Q87E11|NEGATIVE|LIPO|2,1
Q2FKG0|POSITIVE|LIPO|1,1
Q99RE6|POSITIVE|LIPO|1,1
A8FKF9|NEGATIVE|LIPO|2,1
Q6GJM8|POSITIVE|LIPO|1,1
Q8NY38|POSITIVE|LIPO|1,1
Q99WF9|POSITIVE|LIPO|1,1
P0A1X1|NEGATIVE|LIPO|0,1
Q2FH48|POSITIVE|LIPO|1,1
Q2YXX9|POSITIVE|LIPO|1,1
Q6GH18|POSITIVE|LIPO|1,1
Q6G9H1|POSITIVE|LIPO|1,1
P0AD45|NEGATIVE|LIPO|2,1
A5F398|NEGATIVE|LIPO|2,1
P0A3N4|NEGATIVE|LIPO|1,1
Q8YM40|NEGATIVE|LIPO|0,1
P0AC03|NEGATIVE|LIPO|1,1
Q8CWN2|POSITIVE|LIPO|1,1
A8FLB7|NEGATIVE|LIPO|0,1
P9WK59|POSITIVE|LIPO|0,1
Q1C856|NEGATIVE|LIPO|0,1
B5BCE7|NEGATIVE|LIPO|1,1
B1XAQ0|NEGATIVE|LIPO|0,1
B7N9P7|NEGATIVE|LIPO|1,1
Q31ZD4|NEGATIVE|LIPO|0,1
B7M955|NEGATIVE|LIPO|0,1
Q48MV7|NEGATIVE|LIPO|0,1
B4SUG5|NEGATIVE|LIPO|0,1
Q8XBN9|NEGATIVE|LIPO|1,1
B6I9S4|NEGATIVE|LIPO|0,1
B1IYG7|NEGATIVE|LIPO|1,1
P07212|NEGATIVE|LIPO|1,1
B5QVP8|NEGATIVE|LIPO|1,1
Q8FFV6|NEGATIVE|LIPO|2,1
Q8Z992|NEGATIVE|LIPO|1,1
Q9PDX7|NEGATIVE|LIPO|2,1
B1X9J2|NEGATIVE|LIPO|0,1
P9WK52|POSITIVE|LIPO|0,1
A1KVQ6|NEGATIVE|LIPO|0,1
Q62ES7|NEGATIVE|LIPO|0,1
A6WSF2|NEGATIVE|LIPO|0,1
B7MKB1|NEGATIVE|LIPO|0,1
Q7CJV2|NEGATIVE|LIPO|1,1
B7LG13|NEGATIVE|LIPO|0,1
B6I9F5|NEGATIVE|LIPO|0,1
Q5GZP1|NEGATIVE|LIPO|0,1
Q5E3N0|NEGATIVE|LIPO|2,1
A6VC64|NEGATIVE|LIPO|0,1
Q324Q3|NEGATIVE|LIPO|1,1
Q7PA29|NEGATIVE|LIPO|1,1
P0A934|NEGATIVE|LIPO|0,1
B4TPX4|NEGATIVE|LIPO|1,1
A7ZKY3|NEGATIVE|LIPO|0,1
B1LL90|NEGATIVE|LIPO|1,1
Q1RES0|NEGATIVE|LIPO|1,1
P61322|NEGATIVE|LIPO|0,1
B7V0L4|NEGATIVE|LIPO|0,1
B7UKT1|NEGATIVE|LIPO|1,1
A7ZXR7|NEGATIVE|LIPO|1,1
B1IBE1|POSITIVE|LIPO|1,1
Q2G2S6|POSITIVE|LIPO|1,1
Q06081|NEGATIVE|LIPO|2,1
P0DD45|POSITIVE|LIPO|1,1
P9WK36|POSITIVE|LIPO|0,1
P9WK51|POSITIVE|LIPO|2,1
Q5HG31|POSITIVE|LIPO|1,1
A1ITU2|NEGATIVE|LIPO|0,1
A8YY10|POSITIVE|LIPO|1,1
A7X3U8|POSITIVE|LIPO|1,1
B8ZPD9|POSITIVE|LIPO|1,1
P9WK43|POSITIVE|LIPO|0,1
B5FU16|NEGATIVE|LIPO|0,1
Q32GZ8|NEGATIVE|LIPO|0,1
B5FMP3|NEGATIVE|LIPO|1,1
B1XGX5|NEGATIVE|LIPO|2,1
Q0TCU6|NEGATIVE|LIPO|2,1
P0A3N8|NEGATIVE|LIPO|0,1
P60749|POSITIVE|LIPO|1,1
Q5HN96|POSITIVE|LIPO|1,1
Q8P0E5|POSITIVE|LIPO|1,1
Q7CJ14|NEGATIVE|LIPO|0,1
P61321|NEGATIVE|LIPO|0,1
B4SYK6|NEGATIVE|LIPO|1,1
A7FKW1|NEGATIVE|LIPO|1,1
B5YQJ3|NEGATIVE|LIPO|1,1
B7NM00|NEGATIVE|LIPO|1,1
A7ZZE5|NEGATIVE|LIPO|0,1
Q66AX7|NEGATIVE|LIPO|0,1
Q8ZEY0|NEGATIVE|LIPO|0,1
B5R7Z5|NEGATIVE|LIPO|1,1
B2TU78|NEGATIVE|LIPO|1,1
A1KWH9|NEGATIVE|LIPO|0,1
E4P9W4|NEGATIVE|LIPO|2,1
C6C2D6|NEGATIVE|LIPO|1,1
Q57NN3|NEGATIVE|LIPO|0,1
B0B816|NEGATIVE|LIPO|2,1
Q9L5W9|POSITIVE|LIPO|1,1
P0DD44|POSITIVE|LIPO|1,1
B4TKA7|NEGATIVE|LIPO|0,1
A8FM78|NEGATIVE|LIPO|2,1
Q7U093|POSITIVE|LIPO|0,1
A1KNP6|POSITIVE|LIPO|0,1
P9WK57|POSITIVE|LIPO|0,1
C0Q358|NEGATIVE|LIPO|0,1
A9R6Z1|NEGATIVE|LIPO|1,1
A4TNZ8|NEGATIVE|LIPO|1,1
P0ADA8|NEGATIVE|LIPO|1,1
P60813|POSITIVE|LIPO|1,1
P9WK42|POSITIVE|LIPO|0,1
Q2NZW5|NEGATIVE|LIPO|0,1
A1RNE3|NEGATIVE|LIPO|0,1
P30752|NEGATIVE|LIPO|0,1
C0PW77|NEGATIVE|LIPO|1,1
B1IU84|NEGATIVE|LIPO|0,1
Q3Z4F1|NEGATIVE|LIPO|1,1
B7MFR4|NEGATIVE|LIPO|1,1
B7MRS8|NEGATIVE|LIPO|1,1
B7M5G8|NEGATIVE|LIPO|1,1
A9M492|NEGATIVE|LIPO|0,1
P0DJI1|NEGATIVE|LIPO|2,1
Q84I68|NEGATIVE|LIPO|1,1
P9WK68|POSITIVE|LIPO|0,1
B5BI73|NEGATIVE|LIPO|0,1
A4IZZ3|NEGATIVE|LIPO|2,1
B7LXC4|NEGATIVE|LIPO|0,1
C4ZTQ0|NEGATIVE|LIPO|0,1
Q0T6Q1|NEGATIVE|LIPO|1,1
A7FIG3|NEGATIVE|LIPO|0,1
B5YXM7|NEGATIVE|LIPO|0,1
Q9F9F2|NEGATIVE|LIPO|1,1
Q5PM87|NEGATIVE|LIPO|1,1
C4ZWC8|NEGATIVE|LIPO|1,1
Q5PCR1|NEGATIVE|LIPO|0,1
B7N420|NEGATIVE|LIPO|0,1
A1A8R6|NEGATIVE|LIPO|1,1
Q0TK32|NEGATIVE|LIPO|1,1
C6EH62|NEGATIVE|LIPO|2,1
Q2YLR6|NEGATIVE|LIPO|0,1
P0A3P0|NEGATIVE|LIPO|0,1
B8E9X5|NEGATIVE|LIPO|0,1
Q8ZHZ5|NEGATIVE|LIPO|0,1
B4TB50|NEGATIVE|LIPO|1,1
B7L9I5|NEGATIVE|LIPO|1,1
P0ADC2|NEGATIVE|LIPO|1,1
Q9JS44|NEGATIVE|LIPO|0,1
Q31ZQ2|NEGATIVE|LIPO|0,1
P0A4G3|POSITIVE|LIPO|1,1
B3H1B8|NEGATIVE|LIPO|0,1
A7ZJ30|NEGATIVE|LIPO|1,1
Q8X659|NEGATIVE|LIPO|2,1
A9M2L5|NEGATIVE|LIPO|0,1
Q57JI4|NEGATIVE|LIPO|2,1
Q8Z6A0|NEGATIVE|LIPO|0,1
A3N0D9|NEGATIVE|LIPO|0,1
B7UQ97|NEGATIVE|LIPO|0,1
Q83P87|NEGATIVE|LIPO|2,1
Q57RS8|NEGATIVE|LIPO|1,1
P0ADA9|NEGATIVE|LIPO|1,1
B1JEP9|NEGATIVE|LIPO|0,1
B2SQN8|NEGATIVE|LIPO|0,1
B5F4H3|NEGATIVE|LIPO|0,1
Q8CVH8|NEGATIVE|LIPO|2,1
B2K885|NEGATIVE|LIPO|1,1
B5EZ88|NEGATIVE|LIPO|1,1
P0AFB4|NEGATIVE|LIPO|2,1
Q8P280|POSITIVE|LIPO|1,1
P60747|POSITIVE|LIPO|1,1
Q3Z312|NEGATIVE|LIPO|0,1
P65301|POSITIVE|LIPO|0,1
P0A3P1|NEGATIVE|LIPO|0,1
Q32IU0|NEGATIVE|LIPO|1,1
P0A913|NEGATIVE|LIPO|2,1
P57025|NEGATIVE|LIPO|1,1
P9WK74|POSITIVE|LIPO|0,1
Q7U0V0|POSITIVE|LIPO|0,1
P65303|POSITIVE|LIPO|0,1
B5R922|NEGATIVE|LIPO|0,1
B1JM87|NEGATIVE|LIPO|0,1
Q0T5I6|NEGATIVE|LIPO|0,1
A9L2D6|NEGATIVE|LIPO|0,1
A9QZ10|NEGATIVE|LIPO|0,1
Q8PC65|NEGATIVE|LIPO|0,1
P9WGU2|POSITIVE|LIPO|2,1
B7MTZ3|NEGATIVE|LIPO|0,1
Q83LX4|NEGATIVE|LIPO|1,1
Q66DE4|NEGATIVE|LIPO|1,1
B5R3J7|NEGATIVE|LIPO|0,1
Q5NI20|NEGATIVE|LIPO|2,1
Q1CKQ5|NEGATIVE|LIPO|1,1
Q9X6P2|NEGATIVE|LIPO|0,1
A1AG68|NEGATIVE|LIPO|2,1
P0A3P2|NEGATIVE|LIPO|0,1
P0ADA7|NEGATIVE|LIPO|1,1
T2KN95|NEGATIVE|LIPO|0,1
Q5X9P6|POSITIVE|LIPO|1,1
B7IZU3|NEGATIVE|LIPO|1,1
P60811|POSITIVE|LIPO|1,1
Q2FYP6|POSITIVE|LIPO|1,1
P0AFB3|NEGATIVE|LIPO|2,1
Q6G894|POSITIVE|LIPO|1,1
A6U2U4|POSITIVE|LIPO|1,1
B2IPD4|POSITIVE|LIPO|1,1
Q5XBH0|POSITIVE|LIPO|1,1
Q5HET4|POSITIVE|LIPO|1,1
A5I7R3|POSITIVE|LIPO|1,1
P0CL67|NEGATIVE|LIPO|2,1
A7FPK5|POSITIVE|LIPO|1,1
Q8E0C6|POSITIVE|LIPO|1,1
Q7CPQ1|NEGATIVE|LIPO|2,1
Q3K1P9|POSITIVE|LIPO|1,1
P65311|POSITIVE|LIPO|0,1
A4TJN9|NEGATIVE|LIPO|0,1
P60748|POSITIVE|LIPO|1,1
C1CRR9|POSITIVE|LIPO|1,1
Q1CJK3|NEGATIVE|LIPO|0,1
T2KN67|NEGATIVE|LIPO|1,1
B7LGX0|NEGATIVE|LIPO|0,1
B7NDE9|NEGATIVE|LIPO|2,1
P0AFB2|NEGATIVE|LIPO|2,1
Q6GCC9|POSITIVE|LIPO|1,1
B5QXY5|NEGATIVE|LIPO|0,1
Q7U094|POSITIVE|LIPO|2,1
A6TAP1|NEGATIVE|LIPO|0,1
Q1C520|NEGATIVE|LIPO|1,1
A7ZKI4|NEGATIVE|LIPO|0,1
P0A205|NEGATIVE|LIPO|0,1
Q5ZW65|NEGATIVE|LIPO|0,1
O32390|NEGATIVE|LIPO|2,1
Q4UUH8|NEGATIVE|LIPO|0,1
P0ADB5|NEGATIVE|LIPO|2,1
O32389|NEGATIVE|LIPO|2,1
Q5WX68|NEGATIVE|LIPO|0,1
Q5HV94|NEGATIVE|LIPO|0,1
Q88ER9|NEGATIVE|LIPO|0,1
A5IBC0|NEGATIVE|LIPO|0,1
P0A6S2|NEGATIVE|LIPO|0,1
B7MJ67|NEGATIVE|LIPO|0,1
P0A3N7|NEGATIVE|LIPO|1,1
C1CDX6|POSITIVE|LIPO|1,1
P0C0J8|POSITIVE|LIPO|2,1
Q8E310|POSITIVE|LIPO|1,1
Q97R51|POSITIVE|LIPO|1,1
Q7A5Q2|POSITIVE|LIPO|1,1
T2KMH9|NEGATIVE|LIPO|0,1
Q2YTZ6|POSITIVE|LIPO|1,1
A6QI23|POSITIVE|LIPO|1,1
Q7A2S1|POSITIVE|LIPO|1,1
Q8CW55|NEGATIVE|LIPO|0,1
Q32CX2|NEGATIVE|LIPO|1,1
B2U541|NEGATIVE|LIPO|0,1
B3QIW5|NEGATIVE|LIPO|0,1
B5YVU9|NEGATIVE|LIPO|0,1
Q579T6|NEGATIVE|LIPO|0,1
Q8NYA3|POSITIVE|LIPO|1,1
A9MDR7|NEGATIVE|LIPO|0,1
C0RKA1|NEGATIVE|LIPO|0,1
Q8P9B9|NEGATIVE|LIPO|0,1
Q2YJ67|NEGATIVE|LIPO|0,1
A5W0G8|NEGATIVE|LIPO|0,1
C4ZS19|NEGATIVE|LIPO|0,1
B7UP93|NEGATIVE|LIPO|0,1
Q7WA92|NEGATIVE|LIPO|0,1
A0PA72|NEGATIVE|LIPO|2,1
Q2FJS0|POSITIVE|LIPO|1,1
Q7A7M3|POSITIVE|LIPO|1,1
Q2YVG5|POSITIVE|LIPO|1,1
A7ZZ37|NEGATIVE|LIPO|0,1
Q7MT55|NEGATIVE|LIPO|2,1
Q1BSV1|NEGATIVE|LIPO|0,1
A1VZ42|NEGATIVE|LIPO|0,1
A1VG76|NEGATIVE|LIPO|0,1
P57425|NEGATIVE|LIPO|0,1
Q57QH8|NEGATIVE|LIPO|0,1
B8D9C9|NEGATIVE|LIPO|0,1
Q5HIV1|POSITIVE|LIPO|1,1
Q5PGU6|NEGATIVE|LIPO|0,1
A6WQJ8|NEGATIVE|LIPO|0,1
Q9I4P6|NEGATIVE|LIPO|0,1
B5RBC1|NEGATIVE|LIPO|0,1
Q3Z338|NEGATIVE|LIPO|0,1
P64427|NEGATIVE|LIPO|2,1
P0ADB9|NEGATIVE|LIPO|2,1
P0ADB8|NEGATIVE|LIPO|2,1
P0A6S1|NEGATIVE|LIPO|0,1
A7H4D7|NEGATIVE|LIPO|0,1
P0ADC0|NEGATIVE|LIPO|2,1
Q8NV41|POSITIVE|LIPO|1,1
Q99WG0|POSITIVE|LIPO|1,1
P59984|POSITIVE|LIPO|0,1
P9WL76|POSITIVE|LIPO|0,1
C0Q4W6|NEGATIVE|LIPO|1,1
Q8FAX0|NEGATIVE|LIPO|2,1
Q2G1Q0|POSITIVE|LIPO|1,1
P0A1T7|NEGATIVE|LIPO|0,1
Q6GD26|POSITIVE|LIPO|1,1
Q2G0W9|POSITIVE|LIPO|1,1
B7LZX7|NEGATIVE|LIPO|1,1
B7M9T8|NEGATIVE|LIPO|1,1
Q2YUI9|POSITIVE|LIPO|1,1
Q99XB5|POSITIVE|LIPO|1,1
P32778|NEGATIVE|LIPO|2,1
Q7A7F9|POSITIVE|LIPO|1,1
Q5XDY9|POSITIVE|LIPO|1,1
Q0THN9|NEGATIVE|LIPO|1,1
P0C536|NEGATIVE|LIPO|2,1
Q6G6V2|POSITIVE|LIPO|1,1
Q99RE8|POSITIVE|LIPO|1,1
Q5HIN1|POSITIVE|LIPO|1,1
P0C538|NEGATIVE|LIPO|0,1
Q9ZMK2|NEGATIVE|LIPO|2,1
Q2FE14|POSITIVE|LIPO|1,1
O25018|NEGATIVE|LIPO|2,1
Q99WG4|POSITIVE|LIPO|1,1
Q2FJJ7|POSITIVE|LIPO|1,1
Q7A7F8|POSITIVE|LIPO|1,1
Q99XB4|POSITIVE|LIPO|1,1
B1XF50|NEGATIVE|LIPO|1,1
A9MZX2|NEGATIVE|LIPO|1,1
Q2FF36|POSITIVE|LIPO|1,1
Q6GC45|POSITIVE|LIPO|1,1
Q1R3H8|NEGATIVE|LIPO|2,1
Q9CKU2|NEGATIVE|LIPO|1,1
B7NB35|NEGATIVE|LIPO|1,1
B5FHQ2|NEGATIVE|LIPO|1,1
P67554|NEGATIVE|LIPO|1,1
P0DC87|POSITIVE|LIPO|1,1
Q6GC48|POSITIVE|LIPO|1,1
P0A907|NEGATIVE|LIPO|0,1
P32777|NEGATIVE|LIPO|2,1
C1FNE4|POSITIVE|LIPO|1,1
Q6GFL5|POSITIVE|LIPO|1,1
A5N4J2|POSITIVE|LIPO|1,1
Q4QLR5|NEGATIVE|LIPO|2,1
P0DD43|POSITIVE|LIPO|1,1
Q7CEG2|NEGATIVE|LIPO|0,1
Q7A887|POSITIVE|LIPO|1,1
B2US63|NEGATIVE|LIPO|2,1
Q5HJS3|POSITIVE|LIPO|1,1
Q2FVQ2|POSITIVE|LIPO|1,1
B4TVG8|NEGATIVE|LIPO|1,1
P65295|NEGATIVE|LIPO|2,1
C4ZWZ7|NEGATIVE|LIPO|1,1
P0ADN8|NEGATIVE|LIPO|0,1
Q5HJS2|POSITIVE|LIPO|1,1
Q45215|NEGATIVE|LIPO|2,1
P0C537|NEGATIVE|LIPO|0,1
Q7A883|POSITIVE|LIPO|1,1
Q6GD27|POSITIVE|LIPO|1,1
Q99WG6|POSITIVE|LIPO|1,1
Q6G6I8|POSITIVE|LIPO|1,1
Q5HDI7|POSITIVE|LIPO|1,1
B4THT3|NEGATIVE|LIPO|1,1
P0ADN7|NEGATIVE|LIPO|0,1
A5IUN6|POSITIVE|LIPO|1,1
C1CTN0|POSITIVE|LIPO|1,1
Q8ZL94|NEGATIVE|LIPO|0,1
Q5HJR9|POSITIVE|LIPO|1,1
P0A931|NEGATIVE|LIPO|0,1
Q5HIN6|POSITIVE|LIPO|1,1
P0ADN9|NEGATIVE|LIPO|0,1
Q6GD25|POSITIVE|LIPO|1,1
Q2FJJ8|POSITIVE|LIPO|1,1
Q2FJJ6|POSITIVE|LIPO|1,1
Q4ULT5|NEGATIVE|LIPO|2,1
P0A905|NEGATIVE|LIPO|0,1
B7MV31|NEGATIVE|LIPO|1,1
P65290|NEGATIVE|LIPO|0,1
P0AB27|NEGATIVE|LIPO|2,1
Q46797|NEGATIVE|LIPO|1,1
Q2G1P8|POSITIVE|LIPO|1,1
Q8FHC4|NEGATIVE|LIPO|1,1
P65299|NEGATIVE|LIPO|0,1
P0C535|NEGATIVE|LIPO|0,1
Q2G1Q1|POSITIVE|LIPO|1,1
Q45214|NEGATIVE|LIPO|2,1
Q99XB3|POSITIVE|LIPO|1,1
Q8NYU2|POSITIVE|LIPO|1,1
B7L5D7|NEGATIVE|LIPO|1,1
Q8P2D8|POSITIVE|LIPO|1,1
Q2FKF9|POSITIVE|LIPO|1,1
Q2FKG1|POSITIVE|LIPO|1,1
Q8Z5G4|NEGATIVE|LIPO|0,1
Q99RQ9|POSITIVE|LIPO|1,1
Q2G131|POSITIVE|LIPO|1,1
Q47068|NEGATIVE|LIPO|2,1
Q6GJX5|POSITIVE|LIPO|1,1
P0AEA4|NEGATIVE|LIPO|0,1
Q8X799|NEGATIVE|LIPO|1,1
P0AA92|NEGATIVE|LIPO|0,1
B7NUQ4|NEGATIVE|LIPO|1,1
P67553|NEGATIVE|LIPO|1,1
B4T5D8|NEGATIVE|LIPO|1,1
Q6GC44|POSITIVE|LIPO|1,1
P0DC89|POSITIVE|LIPO|1,1
A6QIT4|POSITIVE|LIPO|1,1
Q99WG1|POSITIVE|LIPO|1,1
Q99WG3|POSITIVE|LIPO|1,1
Q5HW96|NEGATIVE|LIPO|2,1
Q2FVC4|POSITIVE|LIPO|1,1
A7X4S6|POSITIVE|LIPO|1,1
A1VY92|NEGATIVE|LIPO|2,1
B5F6E4|NEGATIVE|LIPO|1,1
P65294|NEGATIVE|LIPO|2,1
P65296|NEGATIVE|LIPO|2,1
Q9JVB7|NEGATIVE|LIPO|1,1
Q9CMZ1|NEGATIVE|LIPO|2,1
P0AC04|NEGATIVE|LIPO|1,1
Q6G7M0|POSITIVE|LIPO|1,1
Q2YJ83|NEGATIVE|LIPO|2,1
B5Z9Z9|NEGATIVE|LIPO|2,1
Q8NUV6|POSITIVE|LIPO|1,1
Q2FE15|POSITIVE|LIPO|1,1
Q5HIN4|POSITIVE|LIPO|1,1
Q7A7G5|POSITIVE|LIPO|1,1
P45464|NEGATIVE|LIPO|0,1
Q09057|NEGATIVE|LIPO|2,1
Q8FDA1|NEGATIVE|LIPO|0,1
D2A869|NEGATIVE|LIPO|0,1
Q0T0D4|NEGATIVE|LIPO|0,1
Q8ZFB2|NEGATIVE|LIPO|0,1
Q1GZW0|NEGATIVE|LIPO|0,1
A5F987|NEGATIVE|LIPO|0,1
Q9KUE0|NEGATIVE|LIPO|0,1
A7FDZ0|NEGATIVE|LIPO|0,1
C3LS71|NEGATIVE|LIPO|0,1
B0UTT2|NEGATIVE|LIPO|0,1
A9KF01|NEGATIVE|LIPO|2,1
B6J319|NEGATIVE|LIPO|2,1
A9NAS3|NEGATIVE|LIPO|2,1
B6J9C8|NEGATIVE|LIPO|2,1
P9WK81|POSITIVE|LIPO|2,1
P9WK71|POSITIVE|LIPO|0,1
P9WK77|POSITIVE|LIPO|0,1
P9WK78|POSITIVE|LIPO|2,1
Q8X4J1|NEGATIVE|LIPO|0,1
Q2VG86|EUKARYA|SP|1,1
Q9AD92|POSITIVE|SP|2,1
P32760|EUKARYA|SP|0,1
A6XMY0|EUKARYA|SP|1,1
Q47945|NEGATIVE|SP|2,1
Q9H6E4|EUKARYA|SP|2,1
Q9AF95|NEGATIVE|SP|1,1
P28039|EUKARYA|SP|2,1
P01593|EUKARYA|SP|0,1
P0C2S5|POSITIVE|SP|2,1
Q8IU26|EUKARYA|SP|1,1
P08253|EUKARYA|SP|0,1
Q9C9G4|EUKARYA|SP|1,1
P01768|EUKARYA|SP|0,1
P17813|EUKARYA|SP|1,1
Q86YL7|EUKARYA|SP|2,1
Q6STF1|EUKARYA|SP|2,1
Q1RP79|EUKARYA|SP|0,1
P62022|EUKARYA|SP|0,1
P38571|EUKARYA|SP|1,1
P18649|EUKARYA|SP|2,1
Q9XXV0|EUKARYA|SP|1,1
P11150|EUKARYA|SP|1,1
P33767|EUKARYA|SP|1,1
I1SB12|EUKARYA|SP|1,1
C0HLL2|EUKARYA|SP|0,1
P39039|EUKARYA|SP|0,1
Q6TGQ8|EUKARYA|SP|2,1
P51654|EUKARYA|SP|1,1
Q9VB68|EUKARYA|SP|1,1
Q51371|NEGATIVE|SP|2,1
P71451|POSITIVE|SP|1,1
P26876|NEGATIVE|SP|2,1
P0CC17|EUKARYA|SP|2,1
P0CX77|EUKARYA|SP|2,1
Q90249|EUKARYA|SP|0,1
P0DJD7|EUKARYA|SP|2,1
C7F6X3|EUKARYA|SP|2,1
Q2PS07|EUKARYA|SP|1,1
P11407|EUKARYA|SP|0,1
Q9BXJ7|EUKARYA|SP|1,1
Q62718|EUKARYA|SP|1,1
Q9UKY0|EUKARYA|SP|1,1
P81160|EUKARYA|SP|2,1
H6U1I8|EUKARYA|SP|1,1
O05542|NEGATIVE|SP|0,1
P0DJM0|POSITIVE|SP|1,1
Q6PW77|EUKARYA|SP|1,1
P0CZ17|EUKARYA|SP|2,1
P62694|EUKARYA|SP|1,1
P01139|EUKARYA|SP|2,1
P22057|EUKARYA|SP|2,1
Q08830|EUKARYA|SP|1,1
P56201|EUKARYA|SP|1,1
P04062|EUKARYA|SP|1,1
A0A0D1DWQ2|EUKARYA|SP|1,1
Q42369|EUKARYA|SP|2,1
Q14802|EUKARYA|SP|2,1
F1RRV3|EUKARYA|SP|2,1
Q9VH14|EUKARYA|SP|0,1
P19438|EUKARYA|SP|2,1
Q9Z4J7|NEGATIVE|SP|0,1
P02976|POSITIVE|SP|1,1
P60266|EUKARYA|SP|0,1
O53361|POSITIVE|SP|1,1
Q9FSH9|EUKARYA|SP|2,1
P36368|EUKARYA|SP|2,1
P0CX79|EUKARYA|SP|2,1
P01175|EUKARYA|SP|0,1
Q61835|EUKARYA|SP|2,1
Q9KYG7|POSITIVE|SP|2,1
P30986|EUKARYA|SP|1,1
P14424|EUKARYA|SP|0,1
D3GDK4|EUKARYA|SP|1,1
P31550|NEGATIVE|SP|1,1
Q27083|EUKARYA|SP|1,1
Q04508|NEGATIVE|SP|1,1
A0A0H3K686|POSITIVE|SP|1,1
A0A5C2A2T2|EUKARYA|SP|1,1
O88093|NEGATIVE|SP|1,1
P0C2E9|POSITIVE|SP|2,1
P0A386|NEGATIVE|SP|1,1
Q9H9K5|EUKARYA|SP|1,1
P18650|EUKARYA|SP|2,1
W8E7D1|EUKARYA|SP|2,1
Q75N35|EUKARYA|SP|0,1
O76818|EUKARYA|SP|1,1
A0A2I4E5L6|EUKARYA|SP|1,1
G3XDA8|NEGATIVE|SP|2,1
Q2YHJ2|EUKARYA|SP|0,1
C0HJM9|EUKARYA|SP|0,1
O93364|EUKARYA|SP|2,1
Q9PVF4|EUKARYA|SP|0,1
P80069|POSITIVE|SP|0,1
Q9L1J9|POSITIVE|SP|2,1
Q9X9Z2|POSITIVE|SP|2,1
Q800C4|EUKARYA|SP|0,1
C0H9B6|EUKARYA|SP|1,1
Q90935|EUKARYA|SP|2,1
C0HKC3|EUKARYA|SP|0,1
C0HKM3|EUKARYA|SP|1,1
G3MYZ3|EUKARYA|SP|2,1
Q27082|EUKARYA|SP|1,1
P85966|EUKARYA|SP|0,1
P01442|EUKARYA|SP|0,1
Q76CE8|EUKARYA|SP|2,1
B5U6Z2|EUKARYA|SP|0,1
Q96PL1|EUKARYA|SP|2,1
B0KZK1|EUKARYA|SP|1,1
P0DJI9|EUKARYA|SP|0,1
P69130|EUKARYA|SP|2,1
P0CC12|EUKARYA|SP|2,1
P61917|EUKARYA|SP|0,1
E7D082|EUKARYA|SP|0,1
Q2YHJ9|EUKARYA|SP|0,1
P60301|EUKARYA|SP|0,1
Q8S2W4|EUKARYA|SP|0,1
O32591|NEGATIVE|SP|1,1
P13794|NEGATIVE|SP|2,1
Q9M373|EUKARYA|SP|0,1
P86405|EUKARYA|SP|0,1
O22317|EUKARYA|SP|2,1
Q9ATH2|EUKARYA|SP|0,1
Q5PP12|EUKARYA|SP|0,1
G1CWH3|EUKARYA|SP|1,1
P86403|EUKARYA|SP|0,1
Q7ZT75|EUKARYA|SP|0,1
Q5BGU9|EUKARYA|SP|2,1
G1CWH1|EUKARYA|SP|1,1
C0HKG1|EUKARYA|SP|1,1
Q27086|EUKARYA|SP|1,1
C0HKC2|EUKARYA|SP|0,1
A0A1S6EK91|EUKARYA|SP|0,1
Q8JGT7|EUKARYA|SP|2,1
A0A291P0C1|NEGATIVE|SP|1,1
Q9FK16|EUKARYA|SP|0,1
A0A2I8B352|EUKARYA|SP|0,1
A0A2I8B353|EUKARYA|SP|0,1
E0XKJ9|EUKARYA|SP|1,1
Q9C8A4|EUKARYA|SP|0,1
Q934F8|POSITIVE|SP|0,1
A0A1L6K371|EUKARYA|SP|2,1
F1CGT6|EUKARYA|SP|0,1
Q39487|EUKARYA|SP|0,1
Q8L9T8|EUKARYA|SP|0,1
Q6H3D3|EUKARYA|SP|0,1
C7B247|EUKARYA|SP|1,1
Q7T3J2|EUKARYA|SP|0,1
Q8TSG7|ARCHAEA|SP|2,1
P86404|EUKARYA|SP|0,1
Q27085|EUKARYA|SP|2,1
I3LGZ3|EUKARYA|SP|0,1
Q94823|EUKARYA|SP|2,1
Q05091|EUKARYA|SP|1,1
P86406|EUKARYA|SP|0,1
P62375|EUKARYA|SP|0,1
G1CWH6|EUKARYA|SP|1,1
G1CWH5|EUKARYA|SP|1,1
P86841|EUKARYA|SP|1,1
C0HKG0|EUKARYA|SP|1,1
Q8ISL8|EUKARYA|SP|1,1
P67876|EUKARYA|SP|1,1
K9MCH1|EUKARYA|SP|0,1
F8S0Z5|EUKARYA|SP|2,1
P41547|EUKARYA|SP|2,1
Q76CE6|EUKARYA|SP|2,1
P60303|EUKARYA|SP|0,1
O68897|NEGATIVE|SP|2,1
P15818|EUKARYA|SP|0,1
P0DPV6|EUKARYA|SP|2,1
P27559|EUKARYA|SP|2,1
Q05044|POSITIVE|SP|2,1
A0A1W6EVM7|EUKARYA|SP|1,1
F0UZ12|EUKARYA|SP|2,1
P60771|EUKARYA|SP|0,1
Q5HCY1|POSITIVE|SP|0,1
Q90VW1|EUKARYA|SP|0,1
A0A1W6EVN2|EUKARYA|SP|1,1
C0HLA0|EUKARYA|SP|0,1
P60158|POSITIVE|SP|0,1
P0A5Q5|POSITIVE|SP|1,1
C0HL64|EUKARYA|SP|2,1
Q70YI1|NEGATIVE|SP|2,1
B5LYJ9|EUKARYA|SP|0,1
A0A1S6EK92|EUKARYA|SP|0,1
P85204|EUKARYA|SP|0,1
P0DPU7|EUKARYA|SP|1,1
Q96X54|EUKARYA|SP|2,1
P35334|EUKARYA|SP|1,1
Q5UFR8|EUKARYA|SP|0,1
P58823|EUKARYA|SP|1,1
P70090|EUKARYA|SP|0,1
P08299|EUKARYA|SP|1,1
A0A1W6EVN4|EUKARYA|SP|1,1
A1IKL2|EUKARYA|SP|1,1
P83508|EUKARYA|SP|2,1
Q7ZZN9|EUKARYA|SP|0,1
P82935|EUKARYA|SP|0,1
P0AD63|NEGATIVE|SP|1,1
Q29W25|EUKARYA|SP|1,1
P84298|EUKARYA|SP|2,1
L7VIN3|EUKARYA|SP|2,1
Q9YGI0|EUKARYA|SP|0,1
P84296|EUKARYA|SP|2,1
P0DPU2|EUKARYA|SP|1,1
E0XKJ8|EUKARYA|SP|2,1
P0DPU8|EUKARYA|SP|1,1
A0A0R4I951|EUKARYA|SP|1,1
P83958|EUKARYA|SP|2,1
P0DQC1|EUKARYA|SP|1,1
A0A023W145|EUKARYA|SP|1,1
P0DPU0|EUKARYA|SP|1,1
P0DPU1|EUKARYA|SP|1,1
A0A023W140|EUKARYA|SP|1,1
Q7Z5A7|EUKARYA|SP|1,1
P0DQE1|EUKARYA|SP|1,1
P0DPV0|EUKARYA|SP|2,1
P0DPV3|EUKARYA|SP|1,1
P12690|POSITIVE|SP|2,1
P0DSJ6|EUKARYA|SP|2,1
Q09056|NEGATIVE|SP|2,1
Q43418|EUKARYA|SP|0,1
P0DPZ2|EUKARYA|SP|2,1
P0DPU3|EUKARYA|SP|0,1
P0DQB8|EUKARYA|SP|2,1
F2QXM5|EUKARYA|SP|1,1
Q40975|EUKARYA|SP|1,1
P06886|POSITIVE|SP|2,1
P0DPV5|EUKARYA|SP|2,1
P0DPV2|EUKARYA|SP|1,1
P02883|EUKARYA|SP|2,1
P35502|EUKARYA|SP|0,1
P86473|EUKARYA|SP|0,1
P0DPV1|EUKARYA|SP|2,1
P0DPT6|EUKARYA|SP|2,1
A0A160PB22|NEGATIVE|SP|2,1
C0HL38|EUKARYA|SP|2,1
C0HL82|EUKARYA|SP|2,1
Q7M1T6|POSITIVE|SP|0,1
Q9PTT0|EUKARYA|SP|0,1
G1CWH8|EUKARYA|SP|1,1
P0DPU9|EUKARYA|SP|2,1
O35303|EUKARYA|NO_SP|0,0
Q8N3J2|EUKARYA|NO_SP|0,0
P36639|EUKARYA|NO_SP|2,0
Q8I566|EUKARYA|NO_SP|2,0
Q13227|EUKARYA|NO_SP|1,0
Q921N8|EUKARYA|NO_SP|1,0
Q6NZI2|EUKARYA|NO_SP|2,0
Q07021|EUKARYA|NO_SP|0,0
O54724|EUKARYA|NO_SP|2,0
Q6EN42|EUKARYA|NO_SP|0,0
Q8IYB8|EUKARYA|NO_SP|0,0
O54967|EUKARYA|NO_SP|0,0
P78537|EUKARYA|NO_SP|0,0
Q9Y3L3|EUKARYA|NO_SP|2,0
P40466|EUKARYA|NO_SP|2,0
Q13283|EUKARYA|NO_SP|1,0
P14408|EUKARYA|NO_SP|2,0
O00165|EUKARYA|NO_SP|1,0
Q91ZP3|EUKARYA|NO_SP|2,0
Q16236|EUKARYA|NO_SP|2,0
Q8R4B8|EUKARYA|NO_SP|0,0
O00750|EUKARYA|NO_SP|2,0
P35232|EUKARYA|NO_SP|0,0
Q9JLN9|EUKARYA|NO_SP|2,0
P61970|EUKARYA|NO_SP|1,0
P04637|EUKARYA|NO_SP|2,0
P15280|EUKARYA|NO_SP|0,0
O94925|EUKARYA|NO_SP|0,0
Q9UM54|EUKARYA|NO_SP|1,0
Q9ES54|EUKARYA|NO_SP|1,0
P00973|EUKARYA|NO_SP|2,0
Q9H4L5|EUKARYA|NO_SP|0,0
Q9NPJ1|EUKARYA|NO_SP|2,0
Q6I5C3|EUKARYA|NO_SP|0,0
Q08J23|EUKARYA|NO_SP|2,0
P36873|EUKARYA|NO_SP|0,0
P62826|EUKARYA|NO_SP|0,0
O60260|EUKARYA|NO_SP|0,0
Q3MIT2|EUKARYA|NO_SP|1,0
O15294|EUKARYA|NO_SP|0,0
Q8GW48|EUKARYA|NO_SP|2,0
Q8IW19|EUKARYA|NO_SP|2,0
P41562|EUKARYA|NO_SP|2,0
Q9BZF3|EUKARYA|NO_SP|0,0
P41813|EUKARYA|NO_SP|2,0
Q9LHA8|EUKARYA|NO_SP|2,0
Q8GUM2|EUKARYA|NO_SP|0,0
Q03558|EUKARYA|NO_SP|0,0
P19367|EUKARYA|NO_SP|2,0
P22736|EUKARYA|NO_SP|0,0
P33992|EUKARYA|NO_SP|1,0
Q9FFR3|EUKARYA|NO_SP|2,0
P09917|EUKARYA|NO_SP|0,0
Q9Y2S7|EUKARYA|NO_SP|0,0
O15297|EUKARYA|NO_SP|0,0
Q9NZH6|EUKARYA|NO_SP|1,0
Q5Z8S0|EUKARYA|NO_SP|0,0
Q9Y224|EUKARYA|NO_SP|1,0
Q9FNP4|EUKARYA|NO_SP|0,0
P62304|EUKARYA|NO_SP|0,0
Q99623|EUKARYA|NO_SP|0,0
Q9Y697|EUKARYA|NO_SP|0,0
Q99258|EUKARYA|NO_SP|2,0
Q9QZL0|EUKARYA|NO_SP|0,0
Q9GRT1|EUKARYA|NO_SP|1,0
Q75H77|EUKARYA|NO_SP|0,0
Q38997|EUKARYA|NO_SP|0,0
Q43727|EUKARYA|NO_SP|0,0
P22953|EUKARYA|NO_SP|2,0
Q9H6R0|EUKARYA|NO_SP|0,0
Q8TC84|EUKARYA|NO_SP|2,0
Q9NZ56|EUKARYA|NO_SP|0,0
Q07071|EUKARYA|NO_SP|1,0
P42573|EUKARYA|NO_SP|2,0
P13264|EUKARYA|NO_SP|0,0
Q9LXR9|EUKARYA|NO_SP|0,0
Q9SB47|EUKARYA|NO_SP|1,0
Q6L4R7|EUKARYA|NO_SP|0,0
O75920|EUKARYA|NO_SP|2,0
Q9FWA3|EUKARYA|NO_SP|2,0
P52789|EUKARYA|NO_SP|2,0
Q14457|EUKARYA|NO_SP|2,0
Q8K1M6|EUKARYA|NO_SP|0,0
P70473|EUKARYA|NO_SP|0,0
P40581|EUKARYA|NO_SP|2,0
P49662|EUKARYA|NO_SP|2,0
O23141|EUKARYA|NO_SP|0,0
O74560|EUKARYA|NO_SP|2,0
Q7Y0B9|EUKARYA|NO_SP|0,0
P19532|EUKARYA|NO_SP|0,0
O00560|EUKARYA|NO_SP|2,0
A1A4I9|EUKARYA|NO_SP|2,0
P17608|EUKARYA|NO_SP|0,0
Q9UPV9|EUKARYA|NO_SP|2,0
P46462|EUKARYA|NO_SP|2,0
Q9R210|EUKARYA|NO_SP|0,0
Q9ESK9|EUKARYA|NO_SP|1,0
Q9Y3C4|EUKARYA|NO_SP|2,0
Q96LW4|EUKARYA|NO_SP|1,0
Q5XIM7|EUKARYA|NO_SP|0,0
P30044|EUKARYA|NO_SP|0,0
Q8IXQ6|EUKARYA|NO_SP|2,0
P55072|EUKARYA|NO_SP|2,0
Q9NZC7|EUKARYA|NO_SP|0,0
P22217|EUKARYA|NO_SP|2,0
P12931|EUKARYA|NO_SP|0,0
O00204|EUKARYA|NO_SP|2,0
Q13501|EUKARYA|NO_SP|0,0
Q8IZQ1|EUKARYA|NO_SP|1,0
Q9Y4E8|EUKARYA|NO_SP|1,0
Q5HZ00|EUKARYA|NO_SP|2,0
J9VE33|EUKARYA|NO_SP|0,0
Q6FI81|EUKARYA|NO_SP|2,0
Q62167|EUKARYA|NO_SP|2,0
P63036|EUKARYA|NO_SP|0,0
Q23272|EUKARYA|NO_SP|2,0
Q9SI64|EUKARYA|NO_SP|0,0
P23787|EUKARYA|NO_SP|2,0
P56192|EUKARYA|NO_SP|2,0
Q5TA50|EUKARYA|NO_SP|1,0
Q12904|EUKARYA|NO_SP|2,0
Q92905|EUKARYA|NO_SP|1,0
Q9Z286|EUKARYA|NO_SP|2,0
Q9JIF0|EUKARYA|NO_SP|2,0
Q94BQ3|EUKARYA|NO_SP|1,0
Q91VR5|EUKARYA|NO_SP|0,0
O94874|EUKARYA|NO_SP|2,0
Q8LGB6|EUKARYA|NO_SP|0,0
Q03941|EUKARYA|NO_SP|0,0
Q8BXR9|EUKARYA|NO_SP|0,0
A3KMH1|EUKARYA|NO_SP|0,0
Q96LW7|EUKARYA|NO_SP|1,0
P85125|EUKARYA|NO_SP|2,0
F4HZG9|EUKARYA|NO_SP|0,0
Q94IG7|EUKARYA|NO_SP|0,0
Q9SH69|EUKARYA|NO_SP|2,0
Q62651|EUKARYA|NO_SP|2,0
W8JWV8|EUKARYA|NO_SP|2,0
Q7XBY6|EUKARYA|NO_SP|0,0
Q12208|EUKARYA|NO_SP|1,0
Q8L7K4|EUKARYA|NO_SP|2,0
Q10FT0|EUKARYA|NO_SP|0,0
Q8WWH5|EUKARYA|NO_SP|0,0
A0A2P1GIW2|EUKARYA|NO_SP|1,0
A0A2P1GIW3|EUKARYA|NO_SP|1,0
P40051|EUKARYA|NO_SP|2,0
L7N1X6|EUKARYA|NO_SP|2,0
U5NH37|EUKARYA|NO_SP|2,0
P48567|EUKARYA|NO_SP|2,0
C7B178|EUKARYA|NO_SP|1,0
Q8BXP5|EUKARYA|NO_SP|1,0
Q9NVD3|EUKARYA|NO_SP|2,0
Q9VYS5|EUKARYA|NO_SP|1,0
Q9D4W2|EUKARYA|NO_SP|2,0
Q9BKU8|EUKARYA|NO_SP|2,0
P47148|EUKARYA|NO_SP|2,0
O88597|EUKARYA|NO_SP|2,0
P40121|EUKARYA|NO_SP|2,0
Q09LZ8|EUKARYA|NO_SP|1,0
Q8IUR7|EUKARYA|NO_SP|2,0
Q0D9C4|EUKARYA|NO_SP|2,0
Q13131|EUKARYA|NO_SP|0,0
Q9SZ58|EUKARYA|NO_SP|1,0
A9XMT3|EUKARYA|NO_SP|1,0
Q7Z2E3|EUKARYA|NO_SP|0,0
P60710|EUKARYA|NO_SP|0,0
P51662|EUKARYA|NO_SP|1,0
Q9NWD9|EUKARYA|NO_SP|0,0
Q9DBL9|EUKARYA|NO_SP|1,0
Q99NB7|EUKARYA|NO_SP|2,0
P41183|EUKARYA|NO_SP|0,0
P70343|EUKARYA|NO_SP|2,0
Q9LUT0|EUKARYA|NO_SP|2,0
Q9QXG4|EUKARYA|NO_SP|0,0
P61209|EUKARYA|NO_SP|0,0
Q53KW9|EUKARYA|NO_SP|2,0
Q9DBY5|EUKARYA|NO_SP|2,0
C0RWW9|EUKARYA|NO_SP|2,0
Q641G7|EUKARYA|NO_SP|1,0
A0A3B6MPP5|EUKARYA|NO_SP|0,0
Q8IG69|EUKARYA|NO_SP|2,0
Q9LT57|EUKARYA|NO_SP|2,0
Q8LG70|EUKARYA|NO_SP|0,0
A0A2K3DZC4|EUKARYA|NO_SP|2,0
A1DPK7|EUKARYA|NO_SP|1,0
Q9NUS5|EUKARYA|NO_SP|1,0
P24452|EUKARYA|NO_SP|2,0
P59220|EUKARYA|NO_SP|0,0
Q14094|EUKARYA|NO_SP|2,0
Q9Y2V0|EUKARYA|NO_SP|1,0
Q8WXI4|EUKARYA|NO_SP|2,0
Q3TSG4|EUKARYA|NO_SP|0,0
P15999|EUKARYA|NO_SP|0,0
Q80TT2|EUKARYA|NO_SP|1,0
Q42547|EUKARYA|NO_SP|2,0
P30658|EUKARYA|NO_SP|2,0
B8AVJ9|EUKARYA|NO_SP|0,0
Q10S82|EUKARYA|NO_SP|2,0
P06541|EUKARYA|NO_SP|2,0
P25705|EUKARYA|NO_SP|0,0
Q9C8Z9|EUKARYA|NO_SP|0,0
B6E107|EUKARYA|NO_SP|0,0
O14867|EUKARYA|NO_SP|0,0
Q14444|EUKARYA|NO_SP|0,0
Q23670|EUKARYA|NO_SP|2,0
K4D3V7|EUKARYA|NO_SP|1,0
O60763|EUKARYA|NO_SP|1,0
Q0D3I7|EUKARYA|NO_SP|2,0
Q09805|EUKARYA|NO_SP|2,0
Q9VX88|EUKARYA|NO_SP|0,0
P0CU09|EUKARYA|NO_SP|2,0
Q05516|EUKARYA|NO_SP|0,0
Q96NC0|EUKARYA|NO_SP|2,0
G5EEG7|EUKARYA|NO_SP|2,0
Q9N2W5|EUKARYA|NO_SP|0,0
F1LTR1|EUKARYA|NO_SP|1,0
Q5D1E7|EUKARYA|NO_SP|1,0
P08042|EUKARYA|NO_SP|0,0
P11378|EUKARYA|NO_SP|0,0
Q8WT44|EUKARYA|NO_SP|2,0
B6TTV8|EUKARYA|NO_SP|0,0
Q9BZH6|EUKARYA|NO_SP|1,0
Q96NB3|EUKARYA|NO_SP|2,0
Q9ZQZ6|EUKARYA|NO_SP|0,0
Q8W586|EUKARYA|NO_SP|2,0
Q9LPZ4|EUKARYA|NO_SP|1,0
A1Z8D0|EUKARYA|NO_SP|1,0
Q9CYF5|EUKARYA|NO_SP|0,0
O82239|EUKARYA|NO_SP|2,0
Q94A52|EUKARYA|NO_SP|0,0
Q9LVD0|EUKARYA|NO_SP|2,0
P08621|EUKARYA|NO_SP|0,0
Q76B40|EUKARYA|NO_SP|2,0
P41848|EUKARYA|NO_SP|2,0
O45717|EUKARYA|NO_SP|2,0
O00443|EUKARYA|NO_SP|1,0
Q494U1|EUKARYA|NO_SP|0,0
P83870|EUKARYA|NO_SP|1,0
P20264|EUKARYA|NO_SP|0,0
Q13127|EUKARYA|NO_SP|2,0
O54963|EUKARYA|NO_SP|2,0
O88569|EUKARYA|NO_SP|0,0
A1A6H3|EUKARYA|NO_SP|0,0
Q9BRS2|EUKARYA|NO_SP|0,0
P62908|EUKARYA|NO_SP|1,0
K4PW38|EUKARYA|NO_SP|0,0
Q9M084|EUKARYA|NO_SP|2,0
Q0WVX5|EUKARYA|NO_SP|1,0
Q8I8U7|EUKARYA|NO_SP|0,0
P49085|EUKARYA|NO_SP|0,0
Q3V2A7|EUKARYA|NO_SP|2,0
Q5DTW7|EUKARYA|NO_SP|1,0
Q06559|EUKARYA|NO_SP|1,0
Q15047|EUKARYA|NO_SP|2,0
Q99619|EUKARYA|NO_SP|0,0
Q91V81|EUKARYA|NO_SP|0,0
P13631|EUKARYA|NO_SP|0,0
Q15382|EUKARYA|NO_SP|0,0
D0PX88|EUKARYA|NO_SP|2,0
Q9CA45|EUKARYA|NO_SP|1,0
O94811|EUKARYA|NO_SP|0,0
Q5NE24|EUKARYA|NO_SP|2,0
B4FSG1|EUKARYA|NO_SP|0,0
Q6EI12|EUKARYA|NO_SP|0,0
Q9NW64|EUKARYA|NO_SP|1,0
Q9C707|EUKARYA|NO_SP|1,0
O75677|EUKARYA|NO_SP|2,0
Q9XZ34|EUKARYA|NO_SP|2,0
G2XKQ0|EUKARYA|NO_SP|0,0
Q871K1|EUKARYA|NO_SP|1,0
Q9CQT2|EUKARYA|NO_SP|0,0
P53879|EUKARYA|NO_SP|0,0
P11414|EUKARYA|NO_SP|2,0
Q13950|EUKARYA|NO_SP|0,0
Q04491|EUKARYA|NO_SP|2,0
Q94AQ9|EUKARYA|NO_SP|1,0
Q96SB4|EUKARYA|NO_SP|0,0
Q8R104|EUKARYA|NO_SP|0,0
Q96A44|EUKARYA|NO_SP|0,0
Q6IDB6|EUKARYA|NO_SP|2,0
Q3UNW5|EUKARYA|NO_SP|1,0
B0KZ40|EUKARYA|NO_SP|0,0
Q9VIW3|EUKARYA|NO_SP|0,0
Q9FFD2|EUKARYA|NO_SP|2,0
P10664|EUKARYA|NO_SP|2,0
O95059|EUKARYA|NO_SP|2,0
P28700|EUKARYA|NO_SP|0,0
Q9W3U1|EUKARYA|NO_SP|1,0
Q7K2X8|EUKARYA|NO_SP|2,0
Q86V20|EUKARYA|NO_SP|2,0
Q940H6|EUKARYA|NO_SP|0,0
Q12899|EUKARYA|NO_SP|0,0
Q02629|EUKARYA|NO_SP|0,0
P52948|EUKARYA|NO_SP|0,0
P17955|EUKARYA|NO_SP|0,0
O14832|EUKARYA|NO_SP|2,0
Q3UK78|EUKARYA|NO_SP|0,0
Q9VKM1|EUKARYA|NO_SP|0,0
Q9UHV8|EUKARYA|NO_SP|2,0
Q8NAV1|EUKARYA|NO_SP|2,0
Q6P087|EUKARYA|NO_SP|0,0
Q9FMN0|EUKARYA|NO_SP|1,0
P08635|EUKARYA|NO_SP|2,0
Q0WT24|EUKARYA|NO_SP|2,0
P35226|EUKARYA|NO_SP|0,0
O55102|EUKARYA|NO_SP|0,0
A0JN39|EUKARYA|NO_SP|2,0
Q9UTL1|EUKARYA|NO_SP|1,0
Q9SQ68|EUKARYA|NO_SP|0,0
P14137|EUKARYA|NO_SP|2,0
P40615|EUKARYA|NO_SP|1,0
A1Z9L3|EUKARYA|NO_SP|0,0
P0DO02|EUKARYA|NO_SP|0,0
Q9QYR7|EUKARYA|NO_SP|0,0
O95433|EUKARYA|NO_SP|1,0
P22027|EUKARYA|NO_SP|1,0
P41958|EUKARYA|NO_SP|2,0
Q9QZE5|EUKARYA|NO_SP|1,0
Q6KAU8|EUKARYA|NO_SP|2,0
P48360|EUKARYA|NO_SP|0,0
Q96AJ1|EUKARYA|NO_SP|2,0
Q02067|EUKARYA|NO_SP|0,0
P0DPG3|EUKARYA|NO_SP|2,0
Q8RWS4|EUKARYA|NO_SP|1,0
P25819|EUKARYA|NO_SP|2,0
Q99828|EUKARYA|NO_SP|2,0
A0A140G945|EUKARYA|NO_SP|0,0
O59705|EUKARYA|NO_SP|2,0
A0A0G2K047|EUKARYA|NO_SP|0,0
Q9C9M6|EUKARYA|NO_SP|2,0
A7TUE1|EUKARYA|NO_SP|1,0
P40202|EUKARYA|NO_SP|2,0
Q9Y375|EUKARYA|NO_SP|0,0
Q9D8F1|EUKARYA|NO_SP|2,0
Q336R3|EUKARYA|NO_SP|1,0
Q8WUX2|EUKARYA|NO_SP|2,0
Q9QXK3|EUKARYA|NO_SP|1,0
K7X479|EUKARYA|NO_SP|0,0
P97275|EUKARYA|NO_SP|0,0
Q9P7N2|EUKARYA|NO_SP|2,0
A0A0A6YY25|EUKARYA|NO_SP|0,0
B4FUP5|EUKARYA|NO_SP|0,0
O15144|EUKARYA|NO_SP|1,0
Q9C8Y4|EUKARYA|NO_SP|2,0
Q99459|EUKARYA|NO_SP|2,0
P11802|EUKARYA|NO_SP|0,0
Q810M1|EUKARYA|NO_SP|1,0
Q8BTW8|EUKARYA|NO_SP|1,0
B4FNK8|EUKARYA|NO_SP|0,0
Q8TD16|EUKARYA|NO_SP|0,0
Q2QQ32|EUKARYA|NO_SP|1,0
O97101|EUKARYA|NO_SP|2,0
Q504J1|EUKARYA|NO_SP|0,0
O15234|EUKARYA|NO_SP|0,0
Q9U2M1|EUKARYA|NO_SP|1,0
P07872|EUKARYA|NO_SP|0,0
G5EDW1|EUKARYA|NO_SP|2,0
Q9Z1R2|EUKARYA|NO_SP|2,0
Q64559|EUKARYA|NO_SP|0,0
Q8AVT9|EUKARYA|NO_SP|2,0
P05631|EUKARYA|NO_SP|0,0
P0DO12|EUKARYA|NO_SP|1,0
Q8L743|EUKARYA|NO_SP|0,0
P15104|EUKARYA|NO_SP|2,0
Q969S8|EUKARYA|NO_SP|0,0
Q9JIY2|EUKARYA|NO_SP|1,0
Q9LXN4|EUKARYA|NO_SP|2,0
P84074|EUKARYA|NO_SP|1,0
A1Z1Q3|EUKARYA|NO_SP|2,0
Q9STL9|EUKARYA|NO_SP|1,0
Q9ZU25|EUKARYA|NO_SP|0,0
O14744|EUKARYA|NO_SP|1,0
Q9CZD3|EUKARYA|NO_SP|0,0
Q6GKV1|EUKARYA|NO_SP|1,0
Q0D7I3|EUKARYA|NO_SP|0,0
Q8BH86|EUKARYA|NO_SP|0,0
Q9ES71|EUKARYA|NO_SP|0,0
Q9LFC0|EUKARYA|NO_SP|2,0
Q22058|EUKARYA|NO_SP|1,0
P91277|EUKARYA|NO_SP|1,0
P14735|EUKARYA|NO_SP|2,0
A6NK58|EUKARYA|NO_SP|0,0
Q9M8S0|EUKARYA|NO_SP|1,0
P55081|EUKARYA|NO_SP|2,0
Q94BS2|EUKARYA|NO_SP|0,0
Q94AI4|EUKARYA|NO_SP|2,0
Q6NQ54|EUKARYA|NO_SP|2,0
P42842|EUKARYA|NO_SP|2,0
Q9SRN4|EUKARYA|NO_SP|0,0
P48721|EUKARYA|NO_SP|0,0
P08631|EUKARYA|NO_SP|1,0
Q5S007|EUKARYA|NO_SP|2,0
P43246|EUKARYA|NO_SP|2,0
P07150|EUKARYA|NO_SP|1,0
Q9LZD3|EUKARYA|NO_SP|2,0
P0DO11|EUKARYA|NO_SP|1,0
Q8C4V4|EUKARYA|NO_SP|1,0
P23772|EUKARYA|NO_SP|2,0
P40066|EUKARYA|NO_SP|0,0
Q9H2G9|EUKARYA|NO_SP|1,0
Q944I4|EUKARYA|NO_SP|2,0
Q3ED68|EUKARYA|NO_SP|1,0
Q99NI4|EUKARYA|NO_SP|0,0
Q9LV75|EUKARYA|NO_SP|1,0
Q63ZY3|EUKARYA|NO_SP|0,0
Q39011|EUKARYA|NO_SP|0,0
P92958|EUKARYA|NO_SP|0,0
O95777|EUKARYA|NO_SP|0,0
Q86W50|EUKARYA|NO_SP|1,0
Q8RZ35|EUKARYA|NO_SP|2,0
Q6DE18|EUKARYA|NO_SP|2,0
Q9NQX3|EUKARYA|NO_SP|1,0
O60443|EUKARYA|NO_SP|2,0
O88904|EUKARYA|NO_SP|1,0
Q2MJS2|EUKARYA|NO_SP|2,0
Q96P70|EUKARYA|NO_SP|0,0
Q14678|EUKARYA|NO_SP|0,0
Q96500|EUKARYA|NO_SP|0,0
Q8NHW3|EUKARYA|NO_SP|0,0
Q7L2J0|EUKARYA|NO_SP|0,0
L0R8F8|EUKARYA|NO_SP|0,0
Q8LPL7|EUKARYA|NO_SP|1,0
O15143|EUKARYA|NO_SP|2,0
Q9S7R7|EUKARYA|NO_SP|2,0
O17670|EUKARYA|NO_SP|2,0
Q10MI4|EUKARYA|NO_SP|0,0
Q84UI6|EUKARYA|NO_SP|0,0
G2TRN4|EUKARYA|NO_SP|1,0
Q8BMB0|EUKARYA|NO_SP|2,0
F1QN48|EUKARYA|NO_SP|2,0
Q6ISB3|EUKARYA|NO_SP|2,0
Q8BJA3|EUKARYA|NO_SP|1,0
O95760|EUKARYA|NO_SP|1,0
A3AHG5|EUKARYA|NO_SP|0,0
Q9Y333|EUKARYA|NO_SP|0,0
Q96T76|EUKARYA|NO_SP|0,0
O80917|EUKARYA|NO_SP|0,0
Q3MK94|EUKARYA|NO_SP|2,0
Q9ERZ6|EUKARYA|NO_SP|1,0
Q9SZI6|EUKARYA|NO_SP|1,0
Q69T99|EUKARYA|NO_SP|0,0
P10103|EUKARYA|NO_SP|1,0
Q23541|EUKARYA|NO_SP|2,0
G5EDB2|EUKARYA|NO_SP|0,0
O15145|EUKARYA|NO_SP|1,0
Q03001|EUKARYA|NO_SP|0,0
O80506|EUKARYA|NO_SP|1,0
Q96PP9|EUKARYA|NO_SP|0,0
P51610|EUKARYA|NO_SP|2,0
P46609|EUKARYA|NO_SP|0,0
Q12948|EUKARYA|NO_SP|0,0
Q7XP65|EUKARYA|NO_SP|0,0
P0CP68|EUKARYA|NO_SP|0,0
P63159|EUKARYA|NO_SP|1,0
Q8CHK4|EUKARYA|NO_SP|2,0
Q9SXP7|EUKARYA|NO_SP|2,0
Q7TNC4|EUKARYA|NO_SP|2,0
Q0DX67|EUKARYA|NO_SP|1,0
Q8N8Q3|EUKARYA|NO_SP|2,0
P38874|EUKARYA|NO_SP|2,0
K4B6C9|EUKARYA|NO_SP|1,0
O14321|EUKARYA|NO_SP|1,0
Q940M0|EUKARYA|NO_SP|2,0
Q402E1|EUKARYA|NO_SP|0,0
Q9H116|EUKARYA|NO_SP|0,0
Q8TF76|EUKARYA|NO_SP|0,0
Q9H2X6|EUKARYA|NO_SP|1,0
P09022|EUKARYA|NO_SP|1,0
F4HQD4|EUKARYA|NO_SP|2,0
E9P974|EUKARYA|NO_SP|0,0
Q9TY83|EUKARYA|NO_SP|2,0
Q96J02|EUKARYA|NO_SP|0,0
Q9P2G3|EUKARYA|NO_SP|0,0
Q2MJT0|EUKARYA|NO_SP|2,0
O00255|EUKARYA|NO_SP|1,0
Q96I76|EUKARYA|NO_SP|0,0
O35501|EUKARYA|NO_SP|0,0
P26583|EUKARYA|NO_SP|1,0
Q10I26|EUKARYA|NO_SP|0,0
Q9JKF1|EUKARYA|NO_SP|1,0
Q7YS70|EUKARYA|NO_SP|0,0
P09922|EUKARYA|NO_SP|0,0
A0A1B1FHP3|EUKARYA|NO_SP|2,0
Q9FMM3|EUKARYA|NO_SP|0,0
Q10F03|EUKARYA|NO_SP|0,0
P20081|EUKARYA|NO_SP|1,0
H0UZ81|EUKARYA|NO_SP|1,0
Q9FY99|EUKARYA|NO_SP|0,0
Q8ND71|EUKARYA|NO_SP|2,0
O97863|EUKARYA|NO_SP|1,0
Q9ZPI5|EUKARYA|NO_SP|0,0
Q9VBX2|EUKARYA|NO_SP|1,0
Q53NF7|EUKARYA|NO_SP|0,0
P16054|EUKARYA|NO_SP|1,0
Q9Y4Z0|EUKARYA|NO_SP|0,0
Q28165|EUKARYA|NO_SP|0,0
Q8R107|EUKARYA|NO_SP|2,0
Q92620|EUKARYA|NO_SP|2,0
P63012|EUKARYA|NO_SP|0,0
Q8VYZ5|EUKARYA|NO_SP|2,0
Q8NBN7|EUKARYA|NO_SP|0,0
P10896|EUKARYA|NO_SP|0,0
F1SZ41|EUKARYA|NO_SP|0,0
Q2VLK6|EUKARYA|NO_SP|2,0
Q8LDS4|EUKARYA|NO_SP|0,0
Q9VCH5|EUKARYA|NO_SP|0,0
Q9Y6F1|EUKARYA|NO_SP|1,0
Q8BTQ0|EUKARYA|NO_SP|0,0
Q13492|EUKARYA|NO_SP|2,0
Q99575|EUKARYA|NO_SP|1,0
Q571I4|EUKARYA|NO_SP|1,0
Q56XY2|EUKARYA|NO_SP|0,0
A0A1B1WAJ0|EUKARYA|NO_SP|2,0
O01803|EUKARYA|NO_SP|0,0
Q80Z29|EUKARYA|NO_SP|2,0
Q94JV5|EUKARYA|NO_SP|2,0
A0A386CAB9|EUKARYA|NO_SP|1,0
Q99MA9|EUKARYA|NO_SP|0,0
Q9VIT0|EUKARYA|NO_SP|2,0
A0A075TMP0|EUKARYA|NO_SP|2,0
Q8BRE0|EUKARYA|NO_SP|0,0
Q96I51|EUKARYA|NO_SP|0,0
Q6PCD5|EUKARYA|NO_SP|0,0
Q9SMR4|EUKARYA|NO_SP|0,0
Q5UIP0|EUKARYA|NO_SP|2,0
P0C7R2|EUKARYA|NO_SP|1,0
O88559|EUKARYA|NO_SP|1,0
Q8GZU0|EUKARYA|NO_SP|2,0
Q09357|EUKARYA|NO_SP|1,0
Q09591|EUKARYA|NO_SP|0,0
Q8K4J6|EUKARYA|NO_SP|0,0
Q8C5W4|EUKARYA|NO_SP|0,0
Q23243|EUKARYA|NO_SP|0,0
O49429|EUKARYA|NO_SP|0,0
I1LPE9|EUKARYA|NO_SP|0,0
Q9LZA5|EUKARYA|NO_SP|2,0
P52593|EUKARYA|NO_SP|1,0
P21957|EUKARYA|NO_SP|2,0
P80093|EUKARYA|NO_SP|2,0
P48483|EUKARYA|NO_SP|0,0
Q9VNX1|EUKARYA|NO_SP|1,0
Q9CQJ4|EUKARYA|NO_SP|1,0
P20591|EUKARYA|NO_SP|0,0
Q9SN12|EUKARYA|NO_SP|2,0
Q19345|EUKARYA|NO_SP|0,0
Q10Q07|EUKARYA|NO_SP|0,0
O54968|EUKARYA|NO_SP|2,0
P40064|EUKARYA|NO_SP|0,0
O00764|EUKARYA|NO_SP|2,0
Q92785|EUKARYA|NO_SP|1,0
P35244|EUKARYA|NO_SP|2,0
Q19537|EUKARYA|NO_SP|1,0
Q9BRJ2|EUKARYA|NO_SP|2,0
H9G301|EUKARYA|NO_SP|2,0
Q8VII8|EUKARYA|NO_SP|1,0
Q9Z0Y9|EUKARYA|NO_SP|0,0
P49687|EUKARYA|NO_SP|0,0
Q9UQ80|EUKARYA|NO_SP|0,0
Q8N328|EUKARYA|NO_SP|2,0
Q96PZ0|EUKARYA|NO_SP|2,0
F4KFB3|EUKARYA|NO_SP|1,0
P70698|EUKARYA|NO_SP|1,0
Q96N64|EUKARYA|NO_SP|0,0
Q13123|EUKARYA|NO_SP|2,0
Q9LUE6|EUKARYA|NO_SP|2,0
P53671|EUKARYA|NO_SP|2,0
Q5UG13|EUKARYA|NO_SP|0,0
P0DKB7|EUKARYA|NO_SP|2,0
A0A2R6S148|EUKARYA|NO_SP|2,0
Q9UBB6|EUKARYA|NO_SP|0,0
Q96PY6|EUKARYA|NO_SP|0,0
Q08213|EUKARYA|NO_SP|1,0
Q9Z1J3|EUKARYA|NO_SP|0,0
E9Q7G0|EUKARYA|NO_SP|2,0
Q2PEG7|EUKARYA|NO_SP|2,0
Q02218|EUKARYA|NO_SP|2,0
Q0JNI9|EUKARYA|NO_SP|0,0
Q8C167|EUKARYA|NO_SP|1,0
Q9LU86|EUKARYA|NO_SP|0,0
Q8LEV7|EUKARYA|NO_SP|0,0
Q9FIN1|EUKARYA|NO_SP|0,0
Q8HYL8|EUKARYA|NO_SP|0,0
Q8R0S1|EUKARYA|NO_SP|1,0
F4IAW1|EUKARYA|NO_SP|2,0
O94544|EUKARYA|NO_SP|1,0
Q9SJZ6|EUKARYA|NO_SP|2,0
Q91Y86|EUKARYA|NO_SP|0,0
Q8CGY8|EUKARYA|NO_SP|0,0
Q8C1B2|EUKARYA|NO_SP|2,0
P48486|EUKARYA|NO_SP|0,0
Q42418|EUKARYA|NO_SP|1,0
Q8LGZ9|EUKARYA|NO_SP|1,0
Q6K5X1|EUKARYA|NO_SP|0,0
O75496|EUKARYA|NO_SP|2,0
Q8BUV3|EUKARYA|NO_SP|1,0
P0DPK5|EUKARYA|NO_SP|0,0
Q6NYC1|EUKARYA|NO_SP|1,0
P05696|EUKARYA|NO_SP|0,0
Q9FFD8|EUKARYA|NO_SP|1,0
Q8LB47|EUKARYA|NO_SP|2,0
P11913|EUKARYA|NO_SP|0,0
A3AWH5|EUKARYA|NO_SP|2,0
Q9VCE6|EUKARYA|NO_SP|2,0
P40850|EUKARYA|NO_SP|2,0
F4KDA5|EUKARYA|NO_SP|0,0
Q62504|EUKARYA|NO_SP|0,0
A0A120KVR5|EUKARYA|NO_SP|0,0
Q10MB4|EUKARYA|NO_SP|2,0
Q9FJR9|EUKARYA|NO_SP|1,0
Q68DD2|EUKARYA|NO_SP|2,0
Q96S99|EUKARYA|NO_SP|0,0
Q9CQJ2|EUKARYA|NO_SP|2,0
Q5Z5B7|EUKARYA|NO_SP|0,0
Q8C8B0|EUKARYA|NO_SP|0,0
Q90596|EUKARYA|NO_SP|0,0
O57342|EUKARYA|NO_SP|0,0
Q0WUY1|EUKARYA|NO_SP|2,0
O00217|EUKARYA|NO_SP|0,0
O17072|EUKARYA|NO_SP|2,0
Q9VDV3|EUKARYA|NO_SP|0,0
O75679|EUKARYA|NO_SP|2,0
Q14344|EUKARYA|NO_SP|2,0
Q7TSE9|EUKARYA|NO_SP|1,0
Q94517|EUKARYA|NO_SP|1,0
E9QI36|EUKARYA|NO_SP|2,0
Q9UBX0|EUKARYA|NO_SP|1,0
O75840|EUKARYA|NO_SP|2,0
Q9BZL6|EUKARYA|NO_SP|0,0
Q9SRX6|EUKARYA|NO_SP|0,0
Q2KHI9|EUKARYA|NO_SP|2,0
Q9CAH0|EUKARYA|NO_SP|2,0
Q18711|EUKARYA|NO_SP|1,0
Q9SGU3|EUKARYA|NO_SP|2,0
Q8LH59|EUKARYA|NO_SP|0,0
O17286|EUKARYA|NO_SP|2,0
Q5QGS0|EUKARYA|NO_SP|2,0
Q9FZK4|EUKARYA|NO_SP|1,0
Q5PP51|EUKARYA|NO_SP|1,0
Q7JXF5|EUKARYA|NO_SP|0,0
P22059|EUKARYA|NO_SP|0,0
P38075|EUKARYA|NO_SP|2,0
Q8BP40|EUKARYA|NO_SP|2,0
Q9M9W3|EUKARYA|NO_SP|0,0
B6UV92|EUKARYA|NO_SP|0,0
Q13610|EUKARYA|NO_SP|0,0
Q99424|EUKARYA|NO_SP|1,0
Q9UKV8|EUKARYA|NO_SP|0,0
Q94JF2|EUKARYA|NO_SP|2,0
Q9ESL4|EUKARYA|NO_SP|0,0
Q96A72|EUKARYA|NO_SP|1,0
Q5HYI7|EUKARYA|NO_SP|1,0
Q8NBF2|EUKARYA|NO_SP|2,0
Q9FG73|EUKARYA|NO_SP|2,0
Q9XIP2|EUKARYA|NO_SP|2,0
Q9UKK3|EUKARYA|NO_SP|2,0
Q4QEZ7|EUKARYA|NO_SP|1,0
Q9Y580|EUKARYA|NO_SP|0,0
A0A145P7T2|EUKARYA|NO_SP|0,0
F1SZ42|EUKARYA|NO_SP|0,0
P53667|EUKARYA|NO_SP|2,0
O75030|EUKARYA|NO_SP|1,0
Q9LTW4|EUKARYA|NO_SP|1,0
Q24JK1|EUKARYA|NO_SP|2,0
Q60674|EUKARYA|NO_SP|0,0
P0DJD4|EUKARYA|NO_SP|0,0
Q9P258|EUKARYA|NO_SP|0,0
Q9W2E7|EUKARYA|NO_SP|0,0
Q03200|EUKARYA|NO_SP|0,0
Q9QXA5|EUKARYA|NO_SP|0,0
Q9UI95|EUKARYA|NO_SP|2,0
Q8TD08|EUKARYA|NO_SP|0,0
Q2RB33|EUKARYA|NO_SP|0,0
Q5DTT1|EUKARYA|NO_SP|2,0
Q9Y530|EUKARYA|NO_SP|2,0
Q8N414|EUKARYA|NO_SP|0,0
Q9Y3C6|EUKARYA|NO_SP|0,0
Q99KP6|EUKARYA|NO_SP|2,0
Q9H0R1|EUKARYA|NO_SP|1,0
Q13568|EUKARYA|NO_SP|0,0
P17256|EUKARYA|NO_SP|0,0
P47929|EUKARYA|NO_SP|2,0
Q03112|EUKARYA|NO_SP|2,0
Q9NRN9|EUKARYA|NO_SP|1,0
P42345|EUKARYA|NO_SP|2,0
Q9LS24|EUKARYA|NO_SP|0,0
P97460|EUKARYA|NO_SP|1,0
Q9H1P3|EUKARYA|NO_SP|1,0
Q01804|EUKARYA|NO_SP|0,0
Q940L4|EUKARYA|NO_SP|2,0
Q9SZD4|EUKARYA|NO_SP|0,0
P48484|EUKARYA|NO_SP|0,0
Q08655|EUKARYA|NO_SP|1,0
Q9UIS9|EUKARYA|NO_SP|0,0
P14908|EUKARYA|NO_SP|2,0
P18588|EUKARYA|NO_SP|0,0
Q6NNL9|EUKARYA|NO_SP|0,0
H2KYU6|EUKARYA|NO_SP|2,0
P54845|EUKARYA|NO_SP|0,0
P16554|EUKARYA|NO_SP|2,0
Q8L7U4|EUKARYA|NO_SP|2,0
P32499|EUKARYA|NO_SP|2,0
P32243|EUKARYA|NO_SP|2,0
O75928|EUKARYA|NO_SP|2,0
P60900|EUKARYA|NO_SP|0,0
A4Z6H1|EUKARYA|NO_SP|0,0
P24483|EUKARYA|NO_SP|0,0
O95239|EUKARYA|NO_SP|2,0
A0A0P0WQ90|EUKARYA|NO_SP|0,0
Q9V5M3|EUKARYA|NO_SP|0,0
P0DKB8|EUKARYA|NO_SP|2,0
Q9Y6D9|EUKARYA|NO_SP|1,0
Q9D2Y4|EUKARYA|NO_SP|1,0
P30952|EUKARYA|NO_SP|1,0
Q9FX36|EUKARYA|NO_SP|2,0
Q9C6U1|EUKARYA|NO_SP|2,0
P10676|EUKARYA|NO_SP|1,0
Q5ZEP9|EUKARYA|NO_SP|2,0
Q0JD85|EUKARYA|NO_SP|0,0
F4IDB2|EUKARYA|NO_SP|2,0
Q04364|EUKARYA|NO_SP|2,0
P51023|EUKARYA|NO_SP|2,0
P17220|EUKARYA|NO_SP|0,0
Q801P7|EUKARYA|NO_SP|0,0
O17894|EUKARYA|NO_SP|0,0
P63242|EUKARYA|NO_SP|2,0
P51812|EUKARYA|NO_SP|2,0
Q39084|EUKARYA|NO_SP|0,0
O75439|EUKARYA|NO_SP|0,0
Q9S9Z2|EUKARYA|NO_SP|2,0
Q9LVA9|EUKARYA|NO_SP|0,0
P36014|EUKARYA|NO_SP|2,0
P47031|EUKARYA|NO_SP|2,0
P97411|EUKARYA|NO_SP|1,0
Q9SU05|EUKARYA|NO_SP|1,0
Q8BZT9|EUKARYA|NO_SP|1,0
Q9V5M6|EUKARYA|NO_SP|0,0
Q8N5Y2|EUKARYA|NO_SP|1,0
P15650|EUKARYA|NO_SP|0,0
Q8BWN8|EUKARYA|NO_SP|0,0
A0MES8|EUKARYA|NO_SP|0,0
Q9JLJ3|EUKARYA|NO_SP|2,0
A0A0N7KJT8|EUKARYA|NO_SP|0,0
P34440|EUKARYA|NO_SP|1,0
O65502|EUKARYA|NO_SP|0,0
Q9FX31|EUKARYA|NO_SP|2,0
P0DMV8|EUKARYA|NO_SP|2,0
Q10KL8|EUKARYA|NO_SP|0,0
Q20716|EUKARYA|NO_SP|2,0
Q9GSF8|EUKARYA|NO_SP|0,0
Q7KQZ4|EUKARYA|NO_SP|0,0
Q9M2D9|EUKARYA|NO_SP|2,0
Q6I621|EUKARYA|NO_SP|0,0
Q3U108|EUKARYA|NO_SP|1,0
Q8BXQ6|EUKARYA|NO_SP|2,0
G5EFZ3|EUKARYA|NO_SP|1,0
P57764|EUKARYA|NO_SP|2,0
G5ED47|EUKARYA|NO_SP|0,0
Q94234|EUKARYA|NO_SP|2,0
Q54PN9|EUKARYA|NO_SP|2,0
P26584|EUKARYA|NO_SP|1,0
P23291|EUKARYA|NO_SP|1,0
O64948|EUKARYA|NO_SP|2,0
P16050|EUKARYA|NO_SP|0,0
Q99732|EUKARYA|NO_SP|0,0
P28321|EUKARYA|NO_SP|2,0
A0A0P0X0C0|EUKARYA|NO_SP|2,0
Q9M2V1|EUKARYA|NO_SP|1,0
P79135|EUKARYA|NO_SP|0,0
Q9SQX9|EUKARYA|NO_SP|0,0
O35710|EUKARYA|NO_SP|0,0
P34283|EUKARYA|NO_SP|2,0
Q9XH37|EUKARYA|NO_SP|0,0
O00182|EUKARYA|NO_SP|0,0
Q9ZVP5|EUKARYA|NO_SP|0,0
Q69ZX6|EUKARYA|NO_SP|0,0
Q9C7U7|EUKARYA|NO_SP|2,0
Q6AT41|EUKARYA|NO_SP|2,0
Q96P20|EUKARYA|NO_SP|0,0
Q92621|EUKARYA|NO_SP|2,0
Q66HC5|EUKARYA|NO_SP|2,0
P39705|EUKARYA|NO_SP|1,0
Q5VRM0|EUKARYA|NO_SP|0,0
Q9FI53|EUKARYA|NO_SP|0,0
P20821|EUKARYA|NO_SP|0,0
O14558|EUKARYA|NO_SP|0,0
P10749|EUKARYA|NO_SP|1,0
Q9SAR1|EUKARYA|NO_SP|2,0
Q9ULD2|EUKARYA|NO_SP|2,0
Q75HE5|EUKARYA|NO_SP|0,0
Q9XVS4|EUKARYA|NO_SP|1,0
Q9FME2|EUKARYA|NO_SP|1,0
O43913|EUKARYA|NO_SP|1,0
Q05166|EUKARYA|NO_SP|0,0
O70456|EUKARYA|NO_SP|0,0
P97562|EUKARYA|NO_SP|1,0
K7UTH7|EUKARYA|NO_SP|0,0
Q01543|EUKARYA|NO_SP|1,0
Q14192|EUKARYA|NO_SP|1,0
Q8GRN0|EUKARYA|NO_SP|2,0
Q4PSK3|EUKARYA|NO_SP|1,0
A1L4Y1|EUKARYA|NO_SP|0,0
P62993|EUKARYA|NO_SP|2,0
Q9FLY5|EUKARYA|NO_SP|2,0
P41779|EUKARYA|NO_SP|2,0
Q3KP66|EUKARYA|NO_SP|0,0
P86937|EUKARYA|NO_SP|1,0
Q9UK45|EUKARYA|NO_SP|0,0
Q78ZR5|EUKARYA|NO_SP|1,0
P32019|EUKARYA|NO_SP|2,0
Q05084|EUKARYA|NO_SP|1,0
Q96CB8|EUKARYA|NO_SP|2,0
Q05CL8|EUKARYA|NO_SP|1,0
Q9Y4Y9|EUKARYA|NO_SP|0,0
P62310|EUKARYA|NO_SP|0,0
Q9H063|EUKARYA|NO_SP|1,0
P21826|EUKARYA|NO_SP|1,0
Q9XZ06|EUKARYA|NO_SP|2,0
P38181|EUKARYA|NO_SP|2,0
Q920Q8|EUKARYA|NO_SP|0,0
O93800|EUKARYA|NO_SP|2,0
P56522|EUKARYA|NO_SP|0,0
Q94165|EUKARYA|NO_SP|1,0
F4KCE9|EUKARYA|NO_SP|2,0
Q8K3Y3|EUKARYA|NO_SP|0,0
Q9DAM1|EUKARYA|NO_SP|1,0
O80548|EUKARYA|NO_SP|2,0
P10507|EUKARYA|NO_SP|0,0
Q19131|EUKARYA|NO_SP|1,0
P36161|EUKARYA|NO_SP|2,0
Q9FIF5|EUKARYA|NO_SP|1,0
P36957|EUKARYA|NO_SP|0,0
Q9BZF2|EUKARYA|NO_SP|0,0
A0A075TRC0|EUKARYA|NO_SP|0,0
Q96DE5|EUKARYA|NO_SP|0,0
P35559|EUKARYA|NO_SP|2,0
Q9VLP7|EUKARYA|NO_SP|0,0
A0A0P0XB70|EUKARYA|NO_SP|1,0
P49030|EUKARYA|NO_SP|1,0
Q9P0P8|EUKARYA|NO_SP|0,0
A9T142|EUKARYA|NO_SP|0,0
P35729|EUKARYA|NO_SP|2,0
Q09252|EUKARYA|NO_SP|1,0
Q02199|EUKARYA|NO_SP|0,0
Q9JHR7|EUKARYA|NO_SP|2,0
Q9SCQ6|EUKARYA|NO_SP|2,0
Q9SD11|EUKARYA|NO_SP|2,0
Q0JFZ0|EUKARYA|NO_SP|0,0
G3XKQ9|EUKARYA|NO_SP|1,0
Q9M349|EUKARYA|NO_SP|2,0
O17862|EUKARYA|NO_SP|2,0
Q10571|EUKARYA|NO_SP|2,0
Q07243|EUKARYA|NO_SP|2,0
Q9FIM4|EUKARYA|NO_SP|1,0
Q9FY60|EUKARYA|NO_SP|1,0
P41227|EUKARYA|NO_SP|1,0
Q9C7F5|EUKARYA|NO_SP|1,0
Q9UBD5|EUKARYA|NO_SP|2,0
Q9U1H9|EUKARYA|NO_SP|2,0
Q13427|EUKARYA|NO_SP|0,0
A1Z7A6|EUKARYA|NO_SP|2,0
Q8TB92|EUKARYA|NO_SP|2,0
P53846|EUKARYA|NO_SP|1,0
P54310|EUKARYA|NO_SP|1,0
Q92585|EUKARYA|NO_SP|1,0
A6NJ78|EUKARYA|NO_SP|2,0
P47085|EUKARYA|NO_SP|2,0
Q39026|EUKARYA|NO_SP|0,0
P46150|EUKARYA|NO_SP|1,0
Q9LTV4|EUKARYA|NO_SP|2,0
Q4W9R0|EUKARYA|NO_SP|1,0
Q7XTK3|EUKARYA|NO_SP|0,0
A0A140LI88|EUKARYA|NO_SP|2,0
Q9SND6|EUKARYA|NO_SP|0,0
Q27W02|EUKARYA|NO_SP|1,0
A0A120KVW2|EUKARYA|NO_SP|0,0
P10085|EUKARYA|NO_SP|0,0
D3ZGX1|EUKARYA|NO_SP|2,0
Q6KC79|EUKARYA|NO_SP|2,0
Q9NUU6|EUKARYA|NO_SP|1,0
Q9UP65|EUKARYA|NO_SP|2,0
B8Y6I0|EUKARYA|NO_SP|0,0
Q8IH18|EUKARYA|NO_SP|1,0
Q9P4U9|EUKARYA|NO_SP|2,0
A2AS55|EUKARYA|NO_SP|0,0
Q7Z7F0|EUKARYA|NO_SP|0,0
Q5XVG3|EUKARYA|NO_SP|2,0
O23676|EUKARYA|NO_SP|1,0
Q10S65|EUKARYA|NO_SP|0,0
Q9SN78|EUKARYA|NO_SP|2,0
Q03790|EUKARYA|NO_SP|1,0
Q6K881|EUKARYA|NO_SP|2,0
Q10CH5|EUKARYA|NO_SP|1,0
Q9UNP9|EUKARYA|NO_SP|0,0
Q7Y220|EUKARYA|NO_SP|2,0
O94906|EUKARYA|NO_SP|0,0
P20108|EUKARYA|NO_SP|0,0
Q8QZV7|EUKARYA|NO_SP|1,0
Q9DC28|EUKARYA|NO_SP|0,0
Q8W4Q4|EUKARYA|NO_SP|2,0
P51960|EUKARYA|NO_SP|1,0
Q86TC9|EUKARYA|NO_SP|0,0
P46940|EUKARYA|NO_SP|1,0
Q8VXV7|EUKARYA|NO_SP|2,0
Q9FMT1|EUKARYA|NO_SP|0,0
Q0JHU7|EUKARYA|NO_SP|0,0
P97500|EUKARYA|NO_SP|0,0
P51521|EUKARYA|NO_SP|1,0
Q8WXW3|EUKARYA|NO_SP|1,0
P62937|EUKARYA|NO_SP|0,0
G5EFF1|EUKARYA|NO_SP|1,0
O59737|EUKARYA|NO_SP|0,0
P01584|EUKARYA|NO_SP|1,0
E5L8F7|EUKARYA|NO_SP|2,0
Q5S006|EUKARYA|NO_SP|2,0
Q867Z4|EUKARYA|NO_SP|0,0
Q63943|EUKARYA|NO_SP|2,0
A8ITB0|EUKARYA|NO_SP|0,0
P38769|EUKARYA|NO_SP|2,0
Q15843|EUKARYA|NO_SP|0,0
P11940|EUKARYA|NO_SP|0,0
Q84P24|EUKARYA|NO_SP|0,0
Q9NYB9|EUKARYA|NO_SP|0,0
Q96QP1|EUKARYA|NO_SP|1,0
Q8BVZ5|EUKARYA|NO_SP|1,0
P46822|EUKARYA|NO_SP|1,0
O75608|EUKARYA|NO_SP|0,0
Q05469|EUKARYA|NO_SP|1,0
Q9NXL9|EUKARYA|NO_SP|2,0
A0A120KVR8|EUKARYA|NO_SP|1,0
Q29122|EUKARYA|NO_SP|1,0
P43490|EUKARYA|NO_SP|2,0
B0XTT5|EUKARYA|NO_SP|1,0
Q9SQY0|EUKARYA|NO_SP|0,0
Q13765|EUKARYA|NO_SP|0,0
Q07418|EUKARYA|NO_SP|2,0
P21952|EUKARYA|NO_SP|0,0
H2KYH4|EUKARYA|NO_SP|2,0
P41934|EUKARYA|NO_SP|1,0
Q17604|EUKARYA|NO_SP|2,0
O43504|EUKARYA|NO_SP|1,0
F4IAT8|EUKARYA|NO_SP|2,0
P42284|EUKARYA|NO_SP|0,0
P23249|EUKARYA|NO_SP|2,0
Q61474|EUKARYA|NO_SP|0,0
E9P8D2|EUKARYA|NO_SP|2,0
P11914|EUKARYA|NO_SP|0,0
Q9H9S0|EUKARYA|NO_SP|0,0
Q7F2L3|EUKARYA|NO_SP|0,0
Q9FLL1|EUKARYA|NO_SP|1,0
Q93YU8|EUKARYA|NO_SP|2,0
Q9QZA2|EUKARYA|NO_SP|2,0
P78356|EUKARYA|NO_SP|1,0
P53396|EUKARYA|NO_SP|1,0
Q9LTK0|EUKARYA|NO_SP|2,0
Q6U6H1|EUKARYA|NO_SP|2,0
Q03526|EUKARYA|NO_SP|2,0
Q14145|EUKARYA|NO_SP|1,0
A0A5K7RLP0|EUKARYA|NO_SP|1,0
D3ZNT6|EUKARYA|NO_SP|0,0
Q6P0N0|EUKARYA|NO_SP|1,0
P40457|EUKARYA|NO_SP|2,0
Q9WTU6|EUKARYA|NO_SP|0,0
Q94BR1|EUKARYA|NO_SP|2,0
P13349|EUKARYA|NO_SP|2,0
Q8NG66|EUKARYA|NO_SP|2,0
O75323|EUKARYA|NO_SP|0,0
Q9V466|EUKARYA|NO_SP|0,0
Q9V463|EUKARYA|NO_SP|1,0
A2AAJ9|EUKARYA|NO_SP|1,0
Q86TB9|EUKARYA|NO_SP|2,0
Q4X095|EUKARYA|NO_SP|1,0
Q99733|EUKARYA|NO_SP|1,0
P41829|EUKARYA|NO_SP|2,0
E9AGH7|EUKARYA|NO_SP|0,0
Q9VXE6|EUKARYA|NO_SP|2,0
A0A075TXZ8|EUKARYA|NO_SP|1,0
Q42527|EUKARYA|NO_SP|1,0
Q9QZR8|EUKARYA|NO_SP|2,0
F4HXL0|EUKARYA|NO_SP|2,0
P0C089|EUKARYA|NO_SP|1,0
O64740|EUKARYA|NO_SP|2,0
Q94AI6|EUKARYA|NO_SP|2,0
Q9NP64|EUKARYA|NO_SP|1,0
Q8BJ71|EUKARYA|NO_SP|2,0
Q7Z3E1|EUKARYA|NO_SP|2,0
P35558|EUKARYA|NO_SP|1,0
Q9LU85|EUKARYA|NO_SP|0,0
P48485|EUKARYA|NO_SP|0,0
Q9JMJ4|EUKARYA|NO_SP|2,0
Q8WWY3|EUKARYA|NO_SP|1,0
Q5FVH8|EUKARYA|NO_SP|2,0
P00128|EUKARYA|NO_SP|1,0
O70260|EUKARYA|NO_SP|2,0
Q7RTV0|EUKARYA|NO_SP|1,0
Q8NI37|EUKARYA|NO_SP|0,0
Q56Y52|EUKARYA|NO_SP|2,0
P27612|EUKARYA|NO_SP|2,0
O64750|EUKARYA|NO_SP|0,0
Q8N2H3|EUKARYA|NO_SP|0,0
Q9Y388|EUKARYA|NO_SP|1,0
Q96G75|EUKARYA|NO_SP|2,0
Q9BWG6|EUKARYA|NO_SP|2,0
O43255|EUKARYA|NO_SP|0,0
Q9VF27|EUKARYA|NO_SP|1,0
Q8C886|EUKARYA|NO_SP|0,0
Q01851|EUKARYA|NO_SP|2,0
Q9R1P0|EUKARYA|NO_SP|0,0
F4HT77|EUKARYA|NO_SP|0,0
P00873|EUKARYA|NO_SP|0,0
Q8N0T1|EUKARYA|NO_SP|1,0
Q9LFN6|EUKARYA|NO_SP|2,0
P09234|EUKARYA|NO_SP|2,0
P09661|EUKARYA|NO_SP|2,0
Q93YU5|EUKARYA|NO_SP|1,0
A0A024B7I0|EUKARYA|NO_SP|0,0
Q99LX0|EUKARYA|NO_SP|0,0
Q5JVF3|EUKARYA|NO_SP|2,0
P29590|EUKARYA|NO_SP|0,0
Q94230|EUKARYA|NO_SP|2,0
Q9M3C6|EUKARYA|NO_SP|0,0
P17812|EUKARYA|NO_SP|1,0
Q7KMJ6|EUKARYA|NO_SP|0,0
Q8K120|EUKARYA|NO_SP|0,0
P34077|EUKARYA|NO_SP|2,0
P40477|EUKARYA|NO_SP|2,0
Q9FX45|EUKARYA|NO_SP|0,0
Q8RXU6|EUKARYA|NO_SP|1,0
O62203|EUKARYA|NO_SP|0,0
A8J637|EUKARYA|NO_SP|0,0
Q91WE2|EUKARYA|NO_SP|0,0
Q9SNB7|EUKARYA|NO_SP|0,0
Q9H875|EUKARYA|NO_SP|1,0
Q9BWN1|EUKARYA|NO_SP|0,0
Q9JK66|EUKARYA|NO_SP|0,0
A0A1D6KL43|EUKARYA|NO_SP|0,0
F1SZ44|EUKARYA|NO_SP|0,0
O22666|EUKARYA|NO_SP|2,0
O15318|EUKARYA|NO_SP|0,0
A0A096MJY4|EUKARYA|NO_SP|2,0
Q8BVN9|EUKARYA|NO_SP|2,0
Q14872|EUKARYA|NO_SP|2,0
Q6IQ20|EUKARYA|NO_SP|1,0
B4XT64|EUKARYA|NO_SP|0,0
A0A2R6PN00|EUKARYA|NO_SP|2,0
Q9S7L2|EUKARYA|NO_SP|2,0
Q9GZZ1|EUKARYA|NO_SP|0,0
Q7X809|EUKARYA|NO_SP|0,0
P48482|EUKARYA|NO_SP|0,0
P42001|EUKARYA|NO_SP|1,0
F1R2J1|EUKARYA|NO_SP|1,0
Q38882|EUKARYA|NO_SP|2,0
Q9SL67|EUKARYA|NO_SP|0,0
O43660|EUKARYA|NO_SP|1,0
Q6L5B5|EUKARYA|NO_SP|2,0
Q9XID5|EUKARYA|NO_SP|1,0
P61353|EUKARYA|NO_SP|2,0
P63006|EUKARYA|NO_SP|1,0
Q6Z6W2|EUKARYA|NO_SP|2,0
Q9Y586|EUKARYA|NO_SP|2,0
Q9BQA1|EUKARYA|NO_SP|0,0
Q9VYQ0|EUKARYA|NO_SP|1,0
Q7X7A4|EUKARYA|NO_SP|0,0
O54972|EUKARYA|NO_SP|0,0
Q8GYP5|EUKARYA|NO_SP|2,0
Q86VP3|EUKARYA|NO_SP|0,0
P38197|EUKARYA|NO_SP|2,0
Q8TCS8|EUKARYA|NO_SP|0,0
Q64702|EUKARYA|NO_SP|0,0
P61290|EUKARYA|NO_SP|2,0
Q1HFZ0|EUKARYA|NO_SP|2,0
Q09601|EUKARYA|NO_SP|2,0
P57093|EUKARYA|NO_SP|2,0
P23798|EUKARYA|NO_SP|0,0
Q6P2Q9|EUKARYA|NO_SP|1,0
Q61550|EUKARYA|NO_SP|1,0
Q0VBL3|EUKARYA|NO_SP|0,0
Q7G1L2|EUKARYA|NO_SP|1,0
A2XKG2|EUKARYA|NO_SP|2,0
P0C5D6|EUKARYA|NO_SP|0,0
Q8GWY0|EUKARYA|NO_SP|0,0
G5EDT1|EUKARYA|NO_SP|2,0
Q8CFN5|EUKARYA|NO_SP|2,0
Q9C8R8|EUKARYA|NO_SP|0,0
O60393|EUKARYA|NO_SP|1,0
Q95QZ9|EUKARYA|NO_SP|2,0
P53081|EUKARYA|NO_SP|2,0
P35658|EUKARYA|NO_SP|1,0
Q8GY84|EUKARYA|NO_SP|0,0
Q02878|EUKARYA|NO_SP|2,0
Q9SR62|EUKARYA|NO_SP|2,0
Q9FGT1|EUKARYA|NO_SP|0,0
A7VJC2|EUKARYA|NO_SP|0,0
P43138|EUKARYA|NO_SP|2,0
Q8CIG8|EUKARYA|NO_SP|1,0
O04847|EUKARYA|NO_SP|1,0
Q6IA86|EUKARYA|NO_SP|1,0
Q9JII1|EUKARYA|NO_SP|0,0
Q8GYC1|EUKARYA|NO_SP|2,0
Q9H910|EUKARYA|NO_SP|2,0
Q9H079|EUKARYA|NO_SP|1,0
Q9SA14|EUKARYA|NO_SP|0,0
P40471|EUKARYA|NO_SP|0,0
P0DO03|EUKARYA|NO_SP|0,0
Q5U458|EUKARYA|NO_SP|0,0
Q22053|EUKARYA|NO_SP|0,0
Q9BZ67|EUKARYA|NO_SP|0,0
P38919|EUKARYA|NO_SP|0,0
Q944L3|EUKARYA|NO_SP|2,0
Q9H5V9|EUKARYA|NO_SP|1,0
P38143|EUKARYA|NO_SP|2,0
Q96HW7|EUKARYA|NO_SP|2,0
A0A1P8ASY1|EUKARYA|NO_SP|1,0
A8MZ59|EUKARYA|NO_SP|2,0
P35639|EUKARYA|NO_SP|2,0
Q9Z207|EUKARYA|NO_SP|1,0
Q54BW5|EUKARYA|NO_SP|1,0
Q9UBX2|EUKARYA|NO_SP|0,0
P55039|EUKARYA|NO_SP|2,0
P84090|EUKARYA|NO_SP|1,0
P40566|EUKARYA|NO_SP|2,0
O59858|EUKARYA|NO_SP|2,0
O94244|EUKARYA|NO_SP|1,0
P51858|EUKARYA|NO_SP|2,0
P42858|EUKARYA|NO_SP|0,0
Q8K0U4|EUKARYA|NO_SP|2,0
P49775|EUKARYA|NO_SP|1,0
Q9ASP6|EUKARYA|NO_SP|0,0
O43390|EUKARYA|NO_SP|2,0
Q99MR0|EUKARYA|NO_SP|0,0
Q9XXK1|EUKARYA|NO_SP|0,0
Q8W3L9|EUKARYA|NO_SP|2,0
A1XBS5|EUKARYA|NO_SP|2,0
P04117|EUKARYA|NO_SP|0,0
P62942|EUKARYA|NO_SP|1,0
Q96HJ9|EUKARYA|NO_SP|2,0
P25373|EUKARYA|NO_SP|1,0
O88895|EUKARYA|NO_SP|1,0
P22315|EUKARYA|NO_SP|1,0
P31170|EUKARYA|NO_SP|0,0
Q7Z6Z7|EUKARYA|NO_SP|2,0
Q9ULR0|EUKARYA|NO_SP|2,0
Q9QY84|EUKARYA|NO_SP|2,0
Q9JII6|EUKARYA|NO_SP|0,0
Q9Y4X0|EUKARYA|NO_SP|0,0
Q93VB2|EUKARYA|NO_SP|0,0
Q75N62|EUKARYA|NO_SP|0,0
A2RVJ8|EUKARYA|NO_SP|2,0
P40037|EUKARYA|NO_SP|0,0
Q96PE3|EUKARYA|NO_SP|2,0
Q9VHJ6|EUKARYA|NO_SP|1,0
Q12906|EUKARYA|NO_SP|1,0
Q15811|EUKARYA|NO_SP|2,0
Q8H1F7|EUKARYA|NO_SP|2,0
P55265|EUKARYA|NO_SP|2,0
I1JIC4|EUKARYA|NO_SP|2,0
Q9UKT4|EUKARYA|NO_SP|1,0
Q9UF56|EUKARYA|NO_SP|0,0
Q96GX5|EUKARYA|NO_SP|0,0
Q8W4D6|EUKARYA|NO_SP|1,0
P0C870|EUKARYA|NO_SP|1,0
Q16526|EUKARYA|NO_SP|0,0
P30999|EUKARYA|NO_SP|1,0
Q6ICB0|EUKARYA|NO_SP|2,0
P09038|EUKARYA|NO_SP|0,0
O35387|EUKARYA|NO_SP|1,0
Q9P0M6|EUKARYA|NO_SP|0,0
P0DPK2|EUKARYA|NO_SP|0,0
Q94BU8|EUKARYA|NO_SP|2,0
P69246|EUKARYA|NO_SP|0,0
Q9H6K1|EUKARYA|NO_SP|1,0
Q5VNM3|EUKARYA|NO_SP|0,0
Q92831|EUKARYA|NO_SP|0,0
Q923K9|EUKARYA|NO_SP|0,0
F4HUK6|EUKARYA|NO_SP|2,0
Q13155|EUKARYA|NO_SP|2,0
I6LAD1|EUKARYA|NO_SP|2,0
K4CA50|EUKARYA|NO_SP|2,0
Q8VDP2|EUKARYA|NO_SP|1,0
Q42463|EUKARYA|NO_SP|0,0
G5EGE9|EUKARYA|NO_SP|1,0
Q9Z2V5|EUKARYA|NO_SP|0,0
Q9D8T2|EUKARYA|NO_SP|2,0
P84076|EUKARYA|NO_SP|1,0
P19483|EUKARYA|NO_SP|0,0
Q62915|EUKARYA|NO_SP|0,0
Q9Z2F5|EUKARYA|NO_SP|1,0
O60716|EUKARYA|NO_SP|1,0
Q9UMR2|EUKARYA|NO_SP|2,0
Q9ZTK5|EUKARYA|NO_SP|2,0
Q86SG3|EUKARYA|NO_SP|0,0
Q9NYP3|EUKARYA|NO_SP|0,0
Q8IY37|EUKARYA|NO_SP|2,0
Q96EV8|EUKARYA|NO_SP|2,0
Q9P7F8|EUKARYA|NO_SP|0,0
Q9FNI1|EUKARYA|NO_SP|0,0
Q921D9|EUKARYA|NO_SP|2,0
Q8H0W2|EUKARYA|NO_SP|1,0
Q9QZQ8|EUKARYA|NO_SP|0,0
G4N7S6|EUKARYA|NO_SP|1,0
Q9UK76|EUKARYA|NO_SP|2,0
Q9ES74|EUKARYA|NO_SP|1,0
P52891|EUKARYA|NO_SP|2,0
Q6ID70|EUKARYA|NO_SP|2,0
A0A075TXZ1|EUKARYA|NO_SP|1,0
Q50L42|EUKARYA|NO_SP|2,0
Q7Z3Z4|EUKARYA|NO_SP|0,0
P67779|EUKARYA|NO_SP|0,0
P62913|EUKARYA|NO_SP|0,0
O82204|EUKARYA|NO_SP|1,0
Q96ER3|EUKARYA|NO_SP|2,0
Q96P11|EUKARYA|NO_SP|2,0
P49686|EUKARYA|NO_SP|0,0
O81439|EUKARYA|NO_SP|0,0
Q0WNP3|EUKARYA|NO_SP|2,0
P49722|EUKARYA|NO_SP|0,0
Q2QLV9|EUKARYA|NO_SP|0,0
Q8VH31|EUKARYA|NO_SP|1,0
F4IS91|EUKARYA|NO_SP|0,0
Q80SW1|EUKARYA|NO_SP|2,0
A0A0K3AUE4|EUKARYA|NO_SP|1,0
Q18616|EUKARYA|NO_SP|0,0
P40424|EUKARYA|NO_SP|1,0
Q50L41|EUKARYA|NO_SP|2,0
P62822|EUKARYA|NO_SP|0,0
Q27W01|EUKARYA|NO_SP|2,0
P10826|EUKARYA|NO_SP|0,0
P10276|EUKARYA|NO_SP|0,0
P52301|EUKARYA|NO_SP|0,0
Q8VC56|EUKARYA|NO_SP|2,0
V9M2S5|EUKARYA|NO_SP|0,0
P0CX38|EUKARYA|NO_SP|2,0
Q9FJ00|EUKARYA|NO_SP|1,0
Q4WF55|EUKARYA|NO_SP|2,0
Q20481|EUKARYA|NO_SP|2,0
Q9V3H8|EUKARYA|NO_SP|2,0
P40368|EUKARYA|NO_SP|1,0
Q922S4|EUKARYA|NO_SP|0,0
Q0J954|EUKARYA|NO_SP|0,0
P62854|EUKARYA|NO_SP|1,0
P97351|EUKARYA|NO_SP|2,0
F4JHH5|EUKARYA|NO_SP|1,0
X5JA13|EUKARYA|NO_SP|0,0
X5JB51|EUKARYA|NO_SP|0,0
Q9UPN6|EUKARYA|NO_SP|2,0
Q651B6|EUKARYA|NO_SP|0,0
O23160|EUKARYA|NO_SP|2,0
Q9Y3R4|EUKARYA|NO_SP|0,0
Q6KCD5|EUKARYA|NO_SP|2,0
O00567|EUKARYA|NO_SP|0,0
Q9LNW3|EUKARYA|NO_SP|1,0
P48837|EUKARYA|NO_SP|0,0
Q6QJ72|EUKARYA|NO_SP|2,0
Q96EQ9|EUKARYA|NO_SP|2,0
V5IM94|EUKARYA|NO_SP|2,0
P0CU17|EUKARYA|NO_SP|1,0
P22626|EUKARYA|NO_SP|0,0
Q63425|EUKARYA|NO_SP|0,0
E9Q8T2|EUKARYA|NO_SP|2,0
Q3TMV7|EUKARYA|NO_SP|0,0
Q7Z3Z2|EUKARYA|NO_SP|0,0
Q9FFZ6|EUKARYA|NO_SP|0,0
P49207|EUKARYA|NO_SP|2,0
P69243|EUKARYA|NO_SP|1,0
G8GJ94|EUKARYA|NO_SP|1,0
Q12874|EUKARYA|NO_SP|2,0
Q10LI1|EUKARYA|NO_SP|2,0
P70340|EUKARYA|NO_SP|2,0
P49591|EUKARYA|NO_SP|2,0
Q6K1S6|EUKARYA|NO_SP|2,0
F4JTS8|EUKARYA|NO_SP|1,0
P0DO24|EUKARYA|NO_SP|1,0
Q9VZ23|EUKARYA|NO_SP|0,0
Q96CM3|EUKARYA|NO_SP|2,0
Q9VHI4|EUKARYA|NO_SP|2,0
Q8TEV9|EUKARYA|NO_SP|2,0
P48436|EUKARYA|NO_SP|1,0
Q02630|EUKARYA|NO_SP|0,0
O14313|EUKARYA|NO_SP|0,0
Q96T49|EUKARYA|NO_SP|1,0
Q969H6|EUKARYA|NO_SP|1,0
P60484|EUKARYA|NO_SP|1,0
Q07020|EUKARYA|NO_SP|1,0
B8YIE8|EUKARYA|NO_SP|1,0
P62320|EUKARYA|NO_SP|0,0
P35228|EUKARYA|NO_SP|1,0
P46673|EUKARYA|NO_SP|2,0
Q9LFY0|EUKARYA|NO_SP|1,0
Q6PBT5|EUKARYA|NO_SP|0,0
F4HYD7|EUKARYA|NO_SP|1,0
P69566|EUKARYA|NO_SP|0,0
Q9D708|EUKARYA|NO_SP|2,0
Q96BD6|EUKARYA|NO_SP|0,0
Q9VTE2|EUKARYA|NO_SP|1,0
B2D6P4|EUKARYA|NO_SP|2,0
Q9JKD8|EUKARYA|NO_SP|0,0
Q9M9H4|EUKARYA|NO_SP|1,0
Q12036|EUKARYA|NO_SP|2,0
Q9VC56|EUKARYA|NO_SP|1,0
Q38834|EUKARYA|NO_SP|2,0
Q8TEC5|EUKARYA|NO_SP|0,0
Q9NZD8|EUKARYA|NO_SP|2,0
Q93WE4|EUKARYA|NO_SP|1,0
Q500V5|EUKARYA|NO_SP|1,0
P55957|EUKARYA|NO_SP|2,0
P97302|EUKARYA|NO_SP|0,0
P49760|EUKARYA|NO_SP|0,0
Q9LTV6|EUKARYA|NO_SP|0,0
Q6P5E8|EUKARYA|NO_SP|0,0
Q10L91|EUKARYA|NO_SP|2,0
Q9H2U1|EUKARYA|NO_SP|0,0
Q9UJ83|EUKARYA|NO_SP|0,0
P08238|EUKARYA|NO_SP|2,0
P09429|EUKARYA|NO_SP|1,0
Q7TMK9|EUKARYA|NO_SP|2,0
S8GIB3|EUKARYA|NO_SP|1,0
Q8VDS3|EUKARYA|NO_SP|2,0
P51556|EUKARYA|NO_SP|2,0
P00367|EUKARYA|NO_SP|0,0
Q6K271|EUKARYA|NO_SP|0,0
Q9SXZ2|EUKARYA|NO_SP|2,0
Q9FJI5|EUKARYA|NO_SP|1,0
Q12947|EUKARYA|NO_SP|0,0
Q91X44|EUKARYA|NO_SP|1,0
D3Z7P3|EUKARYA|NO_SP|0,0
Q8N3J3|EUKARYA|NO_SP|1,0
P63158|EUKARYA|NO_SP|1,0
Q9BRD0|EUKARYA|NO_SP|0,0
O94812|EUKARYA|NO_SP|0,0
O46098|EUKARYA|NO_SP|0,0
G8GJ96|EUKARYA|NO_SP|0,0
P39985|EUKARYA|NO_SP|0,0
Q9VWN4|EUKARYA|NO_SP|0,0
E9AE57|EUKARYA|NO_SP|2,0
P97855|EUKARYA|NO_SP|1,0
P41320|EUKARYA|NO_SP|2,0
O08691|EUKARYA|NO_SP|0,0
A0A396IUP1|EUKARYA|NO_SP|1,0
Q86X51|EUKARYA|NO_SP|0,0
P03372|EUKARYA|NO_SP|0,0
Q9VQ56|EUKARYA|NO_SP|1,0
P35197|EUKARYA|NO_SP|2,0
Q9BXV9|EUKARYA|NO_SP|2,0
Q5M8Q2|EUKARYA|NO_SP|0,0
P70696|EUKARYA|NO_SP|2,0
Q96SZ6|EUKARYA|NO_SP|1,0
Q9LH52|EUKARYA|NO_SP|2,0
Q5JVS0|EUKARYA|NO_SP|1,0
P46607|EUKARYA|NO_SP|0,0
Q9LMX8|EUKARYA|NO_SP|0,0
P30153|EUKARYA|NO_SP|0,0
Q9D2V7|EUKARYA|NO_SP|1,0
Q9BZJ0|EUKARYA|NO_SP|1,0
A0A0P0X9Z7|EUKARYA|NO_SP|0,0
P39880|EUKARYA|NO_SP|2,0
P0DPK0|EUKARYA|NO_SP|2,0
P00044|EUKARYA|NO_SP|2,0
Q90Z80|EUKARYA|NO_SP|2,0
P11413|EUKARYA|NO_SP|1,0
Q9CQ70|EUKARYA|NO_SP|0,0
O94524|EUKARYA|NO_SP|2,0
P43120|EUKARYA|NO_SP|0,0
Q9VLL3|EUKARYA|NO_SP|2,0
Q32M00|EUKARYA|NO_SP|2,0
P23743|EUKARYA|NO_SP|2,0
Q9VJV8|EUKARYA|NO_SP|2,0
Q09472|EUKARYA|NO_SP|0,0
Q6AVI1|EUKARYA|NO_SP|1,0
Q8S2G4|EUKARYA|NO_SP|0,0
A1L1K8|EUKARYA|NO_SP|1,0
Q7L5N1|EUKARYA|NO_SP|1,0
A0A1D6IEG9|EUKARYA|NO_SP|0,0
F4HVZ5|EUKARYA|NO_SP|1,0
Q681Z2|EUKARYA|NO_SP|2,0
Q65XX7|EUKARYA|NO_SP|2,0
Q01469|EUKARYA|NO_SP|0,0
Q8LC79|EUKARYA|NO_SP|1,0
K4DF01|EUKARYA|NO_SP|0,0
Q9W088|EUKARYA|NO_SP|2,0
Q9VWE6|EUKARYA|NO_SP|2,0
Q6ZIK5|EUKARYA|NO_SP|0,0
P26526|EUKARYA|NO_SP|2,0
Q9C642|EUKARYA|NO_SP|0,0
Q9NRI5|EUKARYA|NO_SP|0,0
O02324|EUKARYA|NO_SP|0,0
Q7G065|EUKARYA|NO_SP|2,0
Q96QF7|EUKARYA|NO_SP|1,0
O35381|EUKARYA|NO_SP|2,0
Q18885|EUKARYA|NO_SP|2,0
Q8H1F0|EUKARYA|NO_SP|0,0
Q9ULD4|EUKARYA|NO_SP|2,0
Q9SIG8|EUKARYA|NO_SP|0,0
Q9M7I7|EUKARYA|NO_SP|1,0
O00571|EUKARYA|NO_SP|2,0
Q14562|EUKARYA|NO_SP|0,0
O35250|EUKARYA|NO_SP|2,0
Q18579|EUKARYA|NO_SP|2,0
I1S2J8|EUKARYA|NO_SP|2,0
Q9V6L9|EUKARYA|NO_SP|2,0
P47102|EUKARYA|NO_SP|1,0
Q6AVT2|EUKARYA|NO_SP|0,0
Q14CW9|EUKARYA|NO_SP|1,0
P00966|EUKARYA|NO_SP|0,0
P0DPG4|EUKARYA|NO_SP|2,0
O80386|EUKARYA|NO_SP|1,0
Q96EB1|EUKARYA|NO_SP|0,0
Q08891|EUKARYA|NO_SP|2,0
Q61572|EUKARYA|NO_SP|0,0
Q9LK23|EUKARYA|NO_SP|1,0
P16580|EUKARYA|NO_SP|2,0
A0A178VBJ0|EUKARYA|NO_SP|2,0
P78540|EUKARYA|NO_SP|0,0
K7WQ45|EUKARYA|NO_SP|2,0
C1K5M2|EUKARYA|NO_SP|2,0
Q01359|EUKARYA|NO_SP|2,0
P54358|EUKARYA|NO_SP|1,0
Q04742|EUKARYA|NO_SP|0,0
B1B534|EUKARYA|NO_SP|0,0
A2Q5W1|EUKARYA|NO_SP|1,0
Q9SGZ8|EUKARYA|NO_SP|1,0
Q9SL94|EUKARYA|NO_SP|2,0
Q8H443|EUKARYA|NO_SP|0,0
Q8GVD0|EUKARYA|NO_SP|1,0
Q69V10|EUKARYA|NO_SP|0,0
P00045|EUKARYA|NO_SP|2,0
Q99LT0|EUKARYA|NO_SP|1,0
Q5VYK3|EUKARYA|NO_SP|0,0
Q6CLY8|EUKARYA|NO_SP|0,0
Q5JPI9|EUKARYA|NO_SP|0,0
Q10M41|EUKARYA|NO_SP|2,0
Q13216|EUKARYA|NO_SP|0,0
Q9FGQ9|EUKARYA|NO_SP|2,0
Q8BMP6|EUKARYA|NO_SP|0,0
Q949M9|EUKARYA|NO_SP|0,0
Q688T8|EUKARYA|NO_SP|2,0
Q00278|EUKARYA|NO_SP|2,0
O93400|EUKARYA|NO_SP|0,0
P49619|EUKARYA|NO_SP|2,0
Q08274|EUKARYA|NO_SP|0,0
Q9V444|EUKARYA|NO_SP|0,0
Q9LMJ4|EUKARYA|NO_SP|0,0
P49411|EUKARYA|NO_SP|0,0
Q8VY80|EUKARYA|NO_SP|1,0
F4JW68|EUKARYA|NO_SP|1,0
Q4QAU9|EUKARYA|NO_SP|2,0
Q12778|EUKARYA|NO_SP|0,0
Q15744|EUKARYA|NO_SP|0,0
P63040|EUKARYA|NO_SP|0,0
K7W9N9|EUKARYA|NO_SP|0,0
Q9JIK5|EUKARYA|NO_SP|0,0
Q9C6K3|EUKARYA|NO_SP|0,0
P25686|EUKARYA|NO_SP|0,0
Q810H6|EUKARYA|NO_SP|0,0
Q02647|EUKARYA|NO_SP|1,0
A0A178VEK7|EUKARYA|NO_SP|2,0
P23116|EUKARYA|NO_SP|1,0
B9TSP7|EUKARYA|NO_SP|2,0
Q9ER69|EUKARYA|NO_SP|2,0
B4F8Z1|EUKARYA|NO_SP|0,0
Q9LIQ9|EUKARYA|NO_SP|1,0
P08679|EUKARYA|NO_SP|0,0
P61201|EUKARYA|NO_SP|0,0
Q9CQF3|EUKARYA|NO_SP|1,0
Q22618|EUKARYA|NO_SP|2,0
Q90257|EUKARYA|NO_SP|1,0
Q8GYX2|EUKARYA|NO_SP|2,0
Q12178|EUKARYA|NO_SP|2,0
Q80WE1|EUKARYA|NO_SP|0,0
Q84ZW8|EUKARYA|NO_SP|0,0
Q13618|EUKARYA|NO_SP|1,0
Q9NR90|EUKARYA|NO_SP|0,0
O44997|EUKARYA|NO_SP|0,0
P19525|EUKARYA|NO_SP|1,0
A9Y0K9|EUKARYA|NO_SP|1,0
P34420|EUKARYA|NO_SP|0,0
Q61539|EUKARYA|NO_SP|0,0
F4JEX5|EUKARYA|NO_SP|2,0
P42568|EUKARYA|NO_SP|1,0
O00499|EUKARYA|NO_SP|0,0
P20192|EUKARYA|NO_SP|2,0
O60832|EUKARYA|NO_SP|1,0
P31689|EUKARYA|NO_SP|0,0
Q6K537|EUKARYA|NO_SP|1,0
Q9SU72|EUKARYA|NO_SP|1,0
Q9SFE4|EUKARYA|NO_SP|0,0
Q9LTB0|EUKARYA|NO_SP|0,0
P42128|EUKARYA|NO_SP|0,0
O75603|EUKARYA|NO_SP|2,0
Q9NR19|EUKARYA|NO_SP|0,0
P07891|EUKARYA|NO_SP|1,0
O35658|EUKARYA|NO_SP|0,0
P26232|EUKARYA|NO_SP|1,0
Q16698|EUKARYA|NO_SP|2,0
Q13117|EUKARYA|NO_SP|0,0
F4J7T3|EUKARYA|NO_SP|0,0
O75521|EUKARYA|NO_SP|0,0
P82926|EUKARYA|NO_SP|2,0
Q9N4A7|EUKARYA|NO_SP|2,0
Q9Y3B4|EUKARYA|NO_SP|0,0
Q20480|EUKARYA|NO_SP|2,0
P53874|EUKARYA|NO_SP|2,0
Q92575|EUKARYA|NO_SP|1,0
Q969T9|EUKARYA|NO_SP|2,0
Q9UUG2|EUKARYA|NO_SP|2,0
Q5JL96|EUKARYA|NO_SP|1,0
D2K8N5|EUKARYA|NO_SP|2,0
Q8BLY2|EUKARYA|NO_SP|0,0
P10599|EUKARYA|NO_SP|2,0
Q9LEW0|EUKARYA|NO_SP|2,0
P86452|EUKARYA|NO_SP|2,0
P11416|EUKARYA|NO_SP|0,0
P46060|EUKARYA|NO_SP|0,0
Q8LEG1|EUKARYA|NO_SP|2,0
P82908|EUKARYA|NO_SP|1,0
Q29PU2|EUKARYA|NO_SP|2,0
P43267|EUKARYA|NO_SP|0,0
Q8CGW4|EUKARYA|NO_SP|0,0
Q94A84|EUKARYA|NO_SP|2,0
P63280|EUKARYA|NO_SP|0,0
P0CB49|EUKARYA|NO_SP|0,0
Q9VL14|EUKARYA|NO_SP|2,0
O43865|EUKARYA|NO_SP|2,0
Q5XJV7|EUKARYA|NO_SP|2,0
Q700C7|EUKARYA|NO_SP|2,0
Q9HCS7|EUKARYA|NO_SP|1,0
P07814|EUKARYA|NO_SP|2,0
Q9R1K7|EUKARYA|NO_SP|2,0
Q29VN2|EUKARYA|NO_SP|0,0
Q6DKK2|EUKARYA|NO_SP|0,0
P35129|EUKARYA|NO_SP|0,0
Q9ER99|EUKARYA|NO_SP|0,0
Q9VHB0|EUKARYA|NO_SP|0,0
O93309|EUKARYA|NO_SP|0,0
Q04724|EUKARYA|NO_SP|1,0
P39961|EUKARYA|NO_SP|1,0
P22469|EUKARYA|NO_SP|2,0
E9Q784|EUKARYA|NO_SP|1,0
Q9QZ48|EUKARYA|NO_SP|0,0
Q9H5U6|EUKARYA|NO_SP|0,0
Q9JMD0|EUKARYA|NO_SP|1,0
P84022|EUKARYA|NO_SP|2,0
Q8R3H9|EUKARYA|NO_SP|1,0
K4D422|EUKARYA|NO_SP|2,0
O14146|EUKARYA|NO_SP|2,0
Q9TVM2|EUKARYA|NO_SP|2,0
P63220|EUKARYA|NO_SP|1,0
Q8CI15|EUKARYA|NO_SP|0,0
Q3URQ0|EUKARYA|NO_SP|1,0
K4CWS6|EUKARYA|NO_SP|2,0
Q8R2V3|EUKARYA|NO_SP|0,0
Q8N488|EUKARYA|NO_SP|1,0
Q13435|EUKARYA|NO_SP|2,0
P53011|EUKARYA|NO_SP|2,0
Q9N4U5|EUKARYA|NO_SP|1,0
Q9NRA0|EUKARYA|NO_SP|2,0
P52630|EUKARYA|NO_SP|2,0
Q9AXU3|EUKARYA|NO_SP|2,0
Q9UGU0|EUKARYA|NO_SP|0,0
Q9BQ87|EUKARYA|NO_SP|0,0
F4HU58|EUKARYA|NO_SP|1,0
Q8CC21|EUKARYA|NO_SP|0,0
Q7JKC3|EUKARYA|NO_SP|2,0
G5ECC7|EUKARYA|NO_SP|1,0
Q9XSC3|EUKARYA|NO_SP|2,0
Q8K3Y6|EUKARYA|NO_SP|2,0
Q92753|EUKARYA|NO_SP|0,0
Q92681|EUKARYA|NO_SP|0,0
O94979|EUKARYA|NO_SP|2,0
Q8K136|EUKARYA|NO_SP|2,0
Q4WJX7|EUKARYA|NO_SP|1,0
A0A0H5BMX5|EUKARYA|NO_SP|0,0
P27796|EUKARYA|NO_SP|2,0
P67809|EUKARYA|NO_SP|0,0
Q84W56|EUKARYA|NO_SP|0,0
P62266|EUKARYA|NO_SP|1,0
P48434|EUKARYA|NO_SP|1,0
O95271|EUKARYA|NO_SP|0,0
P97343|EUKARYA|NO_SP|0,0
Q4QZZ9|EUKARYA|NO_SP|2,0
P35710|EUKARYA|NO_SP|2,0
O01683|EUKARYA|NO_SP|2,0
C8KI33|EUKARYA|NO_SP|1,0
Q22453|EUKARYA|NO_SP|1,0
Q9C9L2|EUKARYA|NO_SP|0,0
P56280|EUKARYA|NO_SP|2,0
P37840|EUKARYA|NO_SP|0,0
Q10B19|EUKARYA|NO_SP|0,0
Q9UL17|EUKARYA|NO_SP|0,0
Q9MA75|EUKARYA|NO_SP|1,0
Q9Y2I8|EUKARYA|NO_SP|2,0
Q9ERQ3|EUKARYA|NO_SP|0,0
Q6IEL0|EUKARYA|NO_SP|2,0
Q9HGN5|EUKARYA|NO_SP|1,0
Q6IQX8|EUKARYA|NO_SP|0,0
V9M398|EUKARYA|NO_SP|0,0
Q6PDS3|EUKARYA|NO_SP|0,0
Q9VN03|EUKARYA|NO_SP|0,0
Q6NL34|EUKARYA|NO_SP|2,0
Q0IIM8|EUKARYA|NO_SP|2,0
Q5VWP2|EUKARYA|NO_SP|2,0
A0JP82|EUKARYA|NO_SP|2,0
O75494|EUKARYA|NO_SP|0,0
Q14142|EUKARYA|NO_SP|0,0
Q21148|EUKARYA|NO_SP|1,0
P49842|EUKARYA|NO_SP|0,0
Q8L5Z4|EUKARYA|NO_SP|2,0
P36151|EUKARYA|NO_SP|2,0
Q9QY24|EUKARYA|NO_SP|2,0
P84025|EUKARYA|NO_SP|2,0
Q5HZG4|EUKARYA|NO_SP|2,0
Q9JJD0|EUKARYA|NO_SP|2,0
Q19584|EUKARYA|NO_SP|2,0
Q8BZ47|EUKARYA|NO_SP|2,0
Q15326|EUKARYA|NO_SP|1,0
P40630|EUKARYA|NO_SP|0,0
Q12888|EUKARYA|NO_SP|1,0
P0DI81|EUKARYA|NO_SP|1,0
A2AIV2|EUKARYA|NO_SP|2,0
Q9LY00|EUKARYA|NO_SP|2,0
Q9ZUZ6|EUKARYA|NO_SP|1,0
Q9UJL9|EUKARYA|NO_SP|0,0
P14868|EUKARYA|NO_SP|2,0
Q9VQ91|EUKARYA|NO_SP|1,0
O02101|EUKARYA|NO_SP|2,0
Q16650|EUKARYA|NO_SP|1,0
F4KH86|EUKARYA|NO_SP|1,0
Q9LVW6|EUKARYA|NO_SP|0,0
Q9JJL0|EUKARYA|NO_SP|2,0
Q9NRR5|EUKARYA|NO_SP|0,0
Q8NAP3|EUKARYA|NO_SP|0,0
Q6U6G5|EUKARYA|NO_SP|0,0
O15541|EUKARYA|NO_SP|2,0
O74910|EUKARYA|NO_SP|2,0
P46778|EUKARYA|NO_SP|1,0
Q9H871|EUKARYA|NO_SP|2,0
P08775|EUKARYA|NO_SP|2,0
P78345|EUKARYA|NO_SP|1,0
Q8S948|EUKARYA|NO_SP|2,0
Q9Z2Y1|EUKARYA|NO_SP|2,0
P54857|EUKARYA|NO_SP|2,0
P63244|EUKARYA|NO_SP|0,0
P22935|EUKARYA|NO_SP|0,0
A0A0M3U1B0|EUKARYA|NO_SP|2,0
Q95XQ1|EUKARYA|NO_SP|1,0
Q00059|EUKARYA|NO_SP|0,0
Q0WV90|EUKARYA|NO_SP|2,0
Q7XR46|EUKARYA|NO_SP|0,0
B6UFC7|EUKARYA|NO_SP|0,0
Q6NXY9|EUKARYA|NO_SP|0,0
Q7L523|EUKARYA|NO_SP|0,0
B9F1C0|EUKARYA|NO_SP|0,0
Q9VRV7|EUKARYA|NO_SP|0,0
A0A163UT06|EUKARYA|NO_SP|2,0
Q92922|EUKARYA|NO_SP|0,0
Q6K8D9|EUKARYA|NO_SP|0,0
Q9LEZ1|EUKARYA|NO_SP|1,0
O95900|EUKARYA|NO_SP|0,0
P50479|EUKARYA|NO_SP|0,0
O75340|EUKARYA|NO_SP|0,0
P50542|EUKARYA|NO_SP|0,0
O82734|EUKARYA|NO_SP|0,0
P35233|EUKARYA|NO_SP|1,0
Q9BT43|EUKARYA|NO_SP|0,0
Q6SZW1|EUKARYA|NO_SP|0,0
Q9DAG5|EUKARYA|NO_SP|1,0
B1AUS7|EUKARYA|NO_SP|2,0
Q8N3V7|EUKARYA|NO_SP|0,0
Q15543|EUKARYA|NO_SP|1,0
P63279|EUKARYA|NO_SP|0,0
A0A075TRB3|EUKARYA|NO_SP|2,0
Q94JY0|EUKARYA|NO_SP|1,0
Q9BSJ6|EUKARYA|NO_SP|2,0
Q9LRI8|EUKARYA|NO_SP|0,0
Q8L844|EUKARYA|NO_SP|0,0
Q9FWA6|EUKARYA|NO_SP|2,0
P27048|EUKARYA|NO_SP|0,0
Q4WF54|EUKARYA|NO_SP|1,0
Q9FGN7|EUKARYA|NO_SP|0,0
O89090|EUKARYA|NO_SP|0,0
Q9SY09|EUKARYA|NO_SP|0,0
P97306|EUKARYA|NO_SP|0,0
F4JWT7|EUKARYA|NO_SP|1,0
Q9Y7F0|EUKARYA|NO_SP|2,0
Q9SA91|EUKARYA|NO_SP|2,0
Q8VWH2|EUKARYA|NO_SP|2,0
Q6GLP4|EUKARYA|NO_SP|2,0
P49903|EUKARYA|NO_SP|2,0
O42998|EUKARYA|NO_SP|2,0
P43680|EUKARYA|NO_SP|0,0
Q04888|EUKARYA|NO_SP|0,0
C7AJA4|EUKARYA|NO_SP|1,0
F4J3R7|EUKARYA|NO_SP|0,0
P46062|EUKARYA|NO_SP|0,0
A0A0R0IHP4|EUKARYA|NO_SP|0,0
P28147|EUKARYA|NO_SP|2,0
P29084|EUKARYA|NO_SP|2,0
Q5Q0E6|EUKARYA|NO_SP|1,0
Q99MD6|EUKARYA|NO_SP|0,0
P22803|EUKARYA|NO_SP|2,0
O23212|EUKARYA|NO_SP|0,0
P09118|EUKARYA|NO_SP|1,0
P82669|EUKARYA|NO_SP|1,0
Q0D4J7|EUKARYA|NO_SP|0,0
Q9V3J4|EUKARYA|NO_SP|2,0
Q9W0M7|EUKARYA|NO_SP|0,0
Q10148|EUKARYA|NO_SP|2,0
Q04206|EUKARYA|NO_SP|1,0
Q8WQX5|EUKARYA|NO_SP|1,0
Q6R6M4|EUKARYA|NO_SP|2,0
Q6VNB8|EUKARYA|NO_SP|1,0
P83006|EUKARYA|NO_SP|2,0
Q01062|EUKARYA|NO_SP|0,0
Q6AYD3|EUKARYA|NO_SP|0,0
Q3TB82|EUKARYA|NO_SP|0,0
O88907|EUKARYA|NO_SP|2,0
Q6YYX9|EUKARYA|NO_SP|0,0
Q9N5R9|EUKARYA|NO_SP|2,0
Q96B02|EUKARYA|NO_SP|0,0
Q9UMX0|EUKARYA|NO_SP|0,0
Q96RL7|EUKARYA|NO_SP|2,0
P42768|EUKARYA|NO_SP|2,0
Q6ZQL4|EUKARYA|NO_SP|1,0
Q66WT7|EUKARYA|NO_SP|2,0
Q9NX04|EUKARYA|NO_SP|2,0
Q9V452|EUKARYA|NO_SP|2,0
Q9ZQH0|EUKARYA|NO_SP|0,0
P0DO23|EUKARYA|NO_SP|2,0
P00427|EUKARYA|NO_SP|2,0
Q9CWW7|EUKARYA|NO_SP|1,0
Q9JLV5|EUKARYA|NO_SP|1,0
Q9WU82|EUKARYA|NO_SP|2,0
Q9JHL4|EUKARYA|NO_SP|2,0
P15330|EUKARYA|NO_SP|1,0
P53992|EUKARYA|NO_SP|0,0
Q4V8P4|EUKARYA|NO_SP|1,0
Q15459|EUKARYA|NO_SP|1,0
Q94BV2|EUKARYA|NO_SP|2,0
Q9W0S7|EUKARYA|NO_SP|0,0
Q13472|EUKARYA|NO_SP|2,0
Q8RX78|EUKARYA|NO_SP|0,0
Q9UBK9|EUKARYA|NO_SP|2,0
Q9UIA9|EUKARYA|NO_SP|2,0
C8VSZ2|EUKARYA|NO_SP|2,0
Q9LQI6|EUKARYA|NO_SP|2,0
P08579|EUKARYA|NO_SP|0,0
Q8C8M1|EUKARYA|NO_SP|2,0
Q4WR83|EUKARYA|NO_SP|2,0
Q9BY12|EUKARYA|NO_SP|1,0
Q67YG7|EUKARYA|NO_SP|1,0
Q96FS4|EUKARYA|NO_SP|0,0
Q8SAB7|EUKARYA|NO_SP|2,0
Q9BV38|EUKARYA|NO_SP|1,0
Q8TAF3|EUKARYA|NO_SP|1,0
O15027|EUKARYA|NO_SP|0,0
O01737|EUKARYA|NO_SP|0,0
Q9H190|EUKARYA|NO_SP|2,0
Q66WT5|EUKARYA|NO_SP|0,0
X5HYT8|EUKARYA|NO_SP|0,0
A1Z9G2|EUKARYA|NO_SP|1,0
P49590|EUKARYA|NO_SP|0,0
P24752|EUKARYA|NO_SP|0,0
Q99J99|EUKARYA|NO_SP|0,0
Q9BRJ7|EUKARYA|NO_SP|0,0
A6X8Z9|EUKARYA|NO_SP|2,0
P59923|EUKARYA|NO_SP|0,0
O88974|EUKARYA|NO_SP|2,0
P56693|EUKARYA|NO_SP|0,0
Q96QU8|EUKARYA|NO_SP|2,0
Q6NS86|EUKARYA|NO_SP|0,0
Q9HAI6|EUKARYA|NO_SP|2,0
B2C6R6|EUKARYA|NO_SP|0,0
Q14166|EUKARYA|NO_SP|0,0
Q96S55|EUKARYA|NO_SP|1,0
Q810J8|EUKARYA|NO_SP|1,0
Q2MHN3|EUKARYA|NO_SP|0,0
Q6PJT7|EUKARYA|NO_SP|2,0
O60293|EUKARYA|NO_SP|0,0
O95391|EUKARYA|NO_SP|2,0
Q08926|EUKARYA|NO_SP|2,0
Q99NB8|EUKARYA|NO_SP|0,0
Q9JJR2|EUKARYA|NO_SP|1,0
Q8K4P0|EUKARYA|NO_SP|1,0
P55060|EUKARYA|NO_SP|0,0
Q6LA54|EUKARYA|NO_SP|2,0
Q9LU44|EUKARYA|NO_SP|2,0
Q05066|EUKARYA|NO_SP|1,0
D3ZKT0|EUKARYA|NO_SP|2,0
O75478|EUKARYA|NO_SP|1,0
Q7XM13|EUKARYA|NO_SP|2,0
Q9SV15|EUKARYA|NO_SP|2,0
Q9LSZ3|EUKARYA|NO_SP|1,0
U4PCM1|EUKARYA|NO_SP|1,0
Q8NEY3|EUKARYA|NO_SP|0,0
Q10MI0|EUKARYA|NO_SP|2,0
Q3TWW8|EUKARYA|NO_SP|0,0
Q9LFG0|EUKARYA|NO_SP|1,0
Q96JM2|EUKARYA|NO_SP|2,0
Q7XKA8|EUKARYA|NO_SP|0,0
Q3TKT4|EUKARYA|NO_SP|0,0
Q8IYB3|EUKARYA|NO_SP|1,0
P78362|EUKARYA|NO_SP|0,0
A0A2K8FQU5|EUKARYA|NO_SP|2,0
P06526|EUKARYA|NO_SP|2,0
Q9U1W1|EUKARYA|NO_SP|2,0
A0JNW5|EUKARYA|NO_SP|1,0
Q4JG17|EUKARYA|NO_SP|0,0
Q8BG31|EUKARYA|NO_SP|1,0
Q9FMH6|EUKARYA|NO_SP|2,0
O00401|EUKARYA|NO_SP|2,0
P61964|EUKARYA|NO_SP|0,0
P22985|EUKARYA|NO_SP|2,0
Q9FJG9|EUKARYA|NO_SP|2,0
Q9C9E1|EUKARYA|NO_SP|2,0
Q8CJ67|EUKARYA|NO_SP|1,0
Q0E3V2|EUKARYA|NO_SP|1,0
Q9NZ71|EUKARYA|NO_SP|2,0
Q9NYA1|EUKARYA|NO_SP|0,0
P49888|EUKARYA|NO_SP|2,0
Q19S50|EUKARYA|NO_SP|2,0
P53212|EUKARYA|NO_SP|1,0
B5DFN2|EUKARYA|NO_SP|1,0
O75533|EUKARYA|NO_SP|2,0
Q18412|EUKARYA|NO_SP|2,0
Q63623|EUKARYA|NO_SP|2,0
Q9Y6J8|EUKARYA|NO_SP|2,0
Q99816|EUKARYA|NO_SP|2,0
Q12768|EUKARYA|NO_SP|2,0
Q654B3|EUKARYA|NO_SP|2,0
Q15436|EUKARYA|NO_SP|1,0
Q9C9U5|EUKARYA|NO_SP|2,0
Q9BUR4|EUKARYA|NO_SP|0,0
P49848|EUKARYA|NO_SP|2,0
O95104|EUKARYA|NO_SP|2,0
Q9UGM6|EUKARYA|NO_SP|2,0
Q9W1F4|EUKARYA|NO_SP|1,0
Q00403|EUKARYA|NO_SP|2,0
Q27GK7|EUKARYA|NO_SP|2,0
Q8L716|EUKARYA|NO_SP|0,0
Q9NEZ5|EUKARYA|NO_SP|2,0
F4J8G7|EUKARYA|NO_SP|2,0
P11473|EUKARYA|NO_SP|0,0
A0A1L8FZ84|EUKARYA|NO_SP|2,0
Q28618|EUKARYA|NO_SP|0,0
P38081|EUKARYA|NO_SP|1,0
Q99315|EUKARYA|NO_SP|1,0
Q7TMD5|EUKARYA|NO_SP|2,0
E9PW05|EUKARYA|NO_SP|0,0
Q15649|EUKARYA|NO_SP|2,0
Q2EF74|EUKARYA|NO_SP|0,0
Q9JHU6|EUKARYA|NO_SP|1,0
Q8LPR5|EUKARYA|NO_SP|0,0
Q9W3M3|EUKARYA|NO_SP|1,0
Q9SI37|EUKARYA|NO_SP|2,0
P33418|EUKARYA|NO_SP|2,0
P46938|EUKARYA|NO_SP|0,0
Q64321|EUKARYA|NO_SP|0,0
Q9FFB6|EUKARYA|NO_SP|2,0
Q7T3I0|EUKARYA|NO_SP|2,0
Q05343|EUKARYA|NO_SP|0,0
Q41062|EUKARYA|NO_SP|0,0
Q86TU7|EUKARYA|NO_SP|1,0
Q6IQ49|EUKARYA|NO_SP|2,0
Q15428|EUKARYA|NO_SP|2,0
Q96EE3|EUKARYA|NO_SP|2,0
Q9NRC8|EUKARYA|NO_SP|0,0
Q8R2K4|EUKARYA|NO_SP|2,0
Q0WX57|EUKARYA|NO_SP|2,0
Q9BE64|EUKARYA|NO_SP|0,0
Q8L794|EUKARYA|NO_SP|2,0
D3J162|EUKARYA|NO_SP|1,0
Q8L6Z4|EUKARYA|NO_SP|0,0
Q96KG9|EUKARYA|NO_SP|1,0
Q9Z266|EUKARYA|NO_SP|0,0
Q2TAY7|EUKARYA|NO_SP|2,0
Q86WV1|EUKARYA|NO_SP|2,0
P45896|EUKARYA|NO_SP|2,0
P20293|EUKARYA|NO_SP|2,0
Q93Z00|EUKARYA|NO_SP|2,0
P13437|EUKARYA|NO_SP|2,0
Q01081|EUKARYA|NO_SP|1,0
Q9C500|EUKARYA|NO_SP|2,0
Q9U3V9|EUKARYA|NO_SP|1,0
Q9BW85|EUKARYA|NO_SP|2,0
O95625|EUKARYA|NO_SP|1,0
Q96CX3|EUKARYA|NO_SP|0,0
P24349|EUKARYA|NO_SP|1,0
P55735|EUKARYA|NO_SP|2,0
Q9BWJ5|EUKARYA|NO_SP|2,0
P17987|EUKARYA|NO_SP|2,0
Q42606|EUKARYA|NO_SP|1,0
P61961|EUKARYA|NO_SP|1,0
F4I700|EUKARYA|NO_SP|0,0
P0DKH5|EUKARYA|NO_SP|1,0
Q8CC88|EUKARYA|NO_SP|0,0
Q66HP6|EUKARYA|NO_SP|2,0
Q8S3N1|EUKARYA|NO_SP|2,0
Q8R1B0|EUKARYA|NO_SP|0,0
Q6PL11|EUKARYA|NO_SP|0,0
P35691|EUKARYA|NO_SP|1,0
Q9R037|EUKARYA|NO_SP|2,0
Q53JF7|EUKARYA|NO_SP|1,0
A0A087WPF7|EUKARYA|NO_SP|0,0
Q9ESU6|EUKARYA|NO_SP|0,0
Q9JHX4|EUKARYA|NO_SP|2,0
A0AAR7|EUKARYA|NO_SP|0,0
P04037|EUKARYA|NO_SP|0,0
Q9D7K5|EUKARYA|NO_SP|0,0
Q9FMX6|EUKARYA|NO_SP|2,0
Q86MA2|EUKARYA|NO_SP|1,0
O82230|EUKARYA|NO_SP|2,0
Q8L557|EUKARYA|NO_SP|2,0
Q93ZE5|EUKARYA|NO_SP|2,0
Q05816|EUKARYA|NO_SP|0,0
Q14153|EUKARYA|NO_SP|2,0
Q9LYE4|EUKARYA|NO_SP|0,0
Q02637|EUKARYA|NO_SP|0,0
Q8N684|EUKARYA|NO_SP|1,0
Q3E731|EUKARYA|NO_SP|2,0
O60231|EUKARYA|NO_SP|2,0
Q9XF23|EUKARYA|NO_SP|1,0
P40939|EUKARYA|NO_SP|2,0
Q8N5C7|EUKARYA|NO_SP|2,0
P0DP91|EUKARYA|NO_SP|2,0
Q9UNN5|EUKARYA|NO_SP|0,0
Q9R059|EUKARYA|NO_SP|1,0
P41223|EUKARYA|NO_SP|1,0
Q9Y6D6|EUKARYA|NO_SP|1,0
Q3MKP9|EUKARYA|NO_SP|0,0
O00154|EUKARYA|NO_SP|0,0
D5LXJ0|EUKARYA|NO_SP|2,0
Q7GBF7|EUKARYA|NO_SP|0,0
Q08211|EUKARYA|NO_SP|1,0
O70433|EUKARYA|NO_SP|1,0
Q9NRW3|EUKARYA|NO_SP|2,0
Q9ZQI7|EUKARYA|NO_SP|2,0
P23196|EUKARYA|NO_SP|2,0
P55789|EUKARYA|NO_SP|0,0
Q69TW5|EUKARYA|NO_SP|2,0
O60885|EUKARYA|NO_SP|0,0
P0C565|EUKARYA|NO_SP|0,0
P00185|EUKARYA|NO_SP|2,0
Q9R194|EUKARYA|NO_SP|0,0
Q9LZ56|EUKARYA|NO_SP|2,0
P0DO01|EUKARYA|NO_SP|0,0
Q9Y118|EUKARYA|NO_SP|1,0
Q27607|EUKARYA|NO_SP|2,0
O95503|EUKARYA|NO_SP|2,0
Q66LG9|EUKARYA|NO_SP|0,0
Q6A068|EUKARYA|NO_SP|2,0
Q6DFW0|EUKARYA|NO_SP|0,0
Q91X84|EUKARYA|NO_SP|0,0
Q8L983|EUKARYA|NO_SP|1,0
P35638|EUKARYA|NO_SP|2,0
P68104|EUKARYA|NO_SP|0,0
Q9H6Z9|EUKARYA|NO_SP|2,0
P70372|EUKARYA|NO_SP|0,0
A9Y0K8|EUKARYA|NO_SP|1,0
Q6IRB1|EUKARYA|NO_SP|1,0
A8IXB8|EUKARYA|NO_SP|0,0
B0F481|EUKARYA|NO_SP|2,0
A2YH60|EUKARYA|NO_SP|1,0
Q8L8T7|EUKARYA|NO_SP|2,0
P26233|EUKARYA|NO_SP|2,0
Q8BVG4|EUKARYA|NO_SP|1,0
P23965|EUKARYA|NO_SP|0,0
Q9LJE5|EUKARYA|NO_SP|1,0
A0A161CFW5|EUKARYA|NO_SP|1,0
B6VQ60|EUKARYA|NO_SP|0,0
K7WCI9|EUKARYA|NO_SP|1,0
Q16531|EUKARYA|NO_SP|1,0
Q7GBF8|EUKARYA|NO_SP|0,0
O75937|EUKARYA|NO_SP|1,0
P36152|EUKARYA|NO_SP|2,0
O82798|EUKARYA|NO_SP|0,0
O55029|EUKARYA|NO_SP|1,0
Q9H4W6|EUKARYA|NO_SP|2,0
Q53ET0|EUKARYA|NO_SP|0,0
Q8VY27|EUKARYA|NO_SP|0,0
Q9VYX1|EUKARYA|NO_SP|2,0
Q9LV14|EUKARYA|NO_SP|1,0
Q02410|EUKARYA|NO_SP|0,0
A0A3B6KF13|EUKARYA|NO_SP|0,0
Q9JKV2|EUKARYA|NO_SP|0,0
Q9LUR3|EUKARYA|NO_SP|2,0
O93801|EUKARYA|NO_SP|1,0
Q8C8R3|EUKARYA|NO_SP|1,0
P50995|EUKARYA|NO_SP|0,0
O17850|EUKARYA|NO_SP|1,0
Q9QYE3|EUKARYA|NO_SP|0,0
Q9Y3M2|EUKARYA|NO_SP|0,0
Q64429|EUKARYA|NO_SP|2,0
P06809|EUKARYA|NO_SP|0,0
Q9VB62|EUKARYA|NO_SP|1,0
Q22799|EUKARYA|NO_SP|1,0
Q9NZJ0|EUKARYA|NO_SP|2,0
P00523|EUKARYA|NO_SP|0,0
Q920F6|EUKARYA|NO_SP|0,0
P28320|EUKARYA|NO_SP|2,0
Q9HBF4|EUKARYA|NO_SP|1,0
A2A761|EUKARYA|NO_SP|0,0
Q8BZ89|EUKARYA|NO_SP|2,0
Q65Z55|EUKARYA|NO_SP|2,0
Q91WQ5|EUKARYA|NO_SP|1,0
P17610|EUKARYA|NO_SP|0,0
O55170|EUKARYA|NO_SP|0,0
Q04887|EUKARYA|NO_SP|1,0
P32085|EUKARYA|NO_SP|0,0
Q14BI7|EUKARYA|NO_SP|1,0
K7MTW9|EUKARYA|NO_SP|0,0
Q9BZR9|EUKARYA|NO_SP|0,0
A0A178U9Y5|EUKARYA|NO_SP|1,0
B7FAL5|EUKARYA|NO_SP|0,0
Q5SV85|EUKARYA|NO_SP|0,0
Q9LVM5|EUKARYA|NO_SP|1,0
Q91V10|EUKARYA|NO_SP|0,0
Q5HZG9|EUKARYA|NO_SP|2,0
A1Z6M6|EUKARYA|NO_SP|2,0
Q9CAQ2|EUKARYA|NO_SP|1,0
O95365|EUKARYA|NO_SP|0,0
A0A1D6LTV0|EUKARYA|NO_SP|0,0
Q86MV5|EUKARYA|NO_SP|2,0
O95801|EUKARYA|NO_SP|1,0
P34447|EUKARYA|NO_SP|1,0
Q99PP2|EUKARYA|NO_SP|0,0
Q99593|EUKARYA|NO_SP|2,0
P29083|EUKARYA|NO_SP|1,0
Q22703|EUKARYA|NO_SP|1,0
Q8WQX6|EUKARYA|NO_SP|0,0
Q5D1E8|EUKARYA|NO_SP|1,0
Q96AP4|EUKARYA|NO_SP|2,0
Q99K23|EUKARYA|NO_SP|2,0
O15014|EUKARYA|NO_SP|2,0
O75132|EUKARYA|NO_SP|2,0
Q84WK0|EUKARYA|NO_SP|1,0
O95487|EUKARYA|NO_SP|0,0
O23530|EUKARYA|NO_SP|0,0
B1AWL2|EUKARYA|NO_SP|2,0
P49887|EUKARYA|NO_SP|2,0
P38746|EUKARYA|NO_SP|1,0
H2L008|EUKARYA|NO_SP|2,0
Q9Y294|EUKARYA|NO_SP|2,0
P00829|EUKARYA|NO_SP|0,0
D4A693|EUKARYA|NO_SP|1,0
Q9BUX1|EUKARYA|NO_SP|2,0
Q1K8U2|EUKARYA|NO_SP|1,0
P00429|EUKARYA|NO_SP|1,0
O17907|EUKARYA|NO_SP|1,0
Q9NXE8|EUKARYA|NO_SP|2,0
O88764|EUKARYA|NO_SP|0,0
Q9C005|EUKARYA|NO_SP|1,0
Q1M168|EUKARYA|NO_SP|1,0
Q6RET7|EUKARYA|NO_SP|0,0
A0A2R6QE26|EUKARYA|NO_SP|2,0
Q23357|EUKARYA|NO_SP|2,0
O22527|EUKARYA|NO_SP|2,0
Q9NYJ1|EUKARYA|NO_SP|1,0
Q9FDX6|EUKARYA|NO_SP|1,0
Q0DIQ5|EUKARYA|NO_SP|0,0
J9VT33|EUKARYA|NO_SP|1,0
P14854|EUKARYA|NO_SP|1,0
Q17569|EUKARYA|NO_SP|1,0
D3ZEY4|EUKARYA|NO_SP|0,0
Q96LT7|EUKARYA|NO_SP|0,0
P61203|EUKARYA|NO_SP|0,0
K4D3U9|EUKARYA|NO_SP|0,0
Q9HCG8|EUKARYA|NO_SP|0,0
Q05329|EUKARYA|NO_SP|0,0
Q9NQ94|EUKARYA|NO_SP|0,0
Q07912|EUKARYA|NO_SP|0,0
Q966L3|EUKARYA|NO_SP|0,0
Q9U3D6|EUKARYA|NO_SP|0,0
Q4WMH0|EUKARYA|NO_SP|1,0
E3SCZ8|EUKARYA|NO_SP|1,0
P06182|EUKARYA|NO_SP|2,0
O35491|EUKARYA|NO_SP|0,0
Q9V6Q2|EUKARYA|NO_SP|1,0
Q9BT78|EUKARYA|NO_SP|1,0
P84087|EUKARYA|NO_SP|0,0
P80021|EUKARYA|NO_SP|0,0
Q0JHF1|EUKARYA|NO_SP|0,0
Q9XF14|EUKARYA|NO_SP|2,0
Q60865|EUKARYA|NO_SP|0,0
Q9I9L7|EUKARYA|NO_SP|0,0
Q9Y2W7|EUKARYA|NO_SP|2,0
Q9NUQ9|EUKARYA|NO_SP|2,0
Q0DRX6|EUKARYA|NO_SP|1,0
Q9SY88|EUKARYA|NO_SP|1,0
O14122|EUKARYA|NO_SP|2,0
Q05048|EUKARYA|NO_SP|2,0
P62330|EUKARYA|NO_SP|0,0
P19880|EUKARYA|NO_SP|2,0
Q9MZE0|EUKARYA|NO_SP|0,0
Q9QXV1|EUKARYA|NO_SP|2,0
Q6AVM3|EUKARYA|NO_SP|0,0
P38936|EUKARYA|NO_SP|1,0
P49711|EUKARYA|NO_SP|1,0
Q9FFS4|EUKARYA|NO_SP|0,0
O74907|EUKARYA|NO_SP|2,0
Q7XHR2|EUKARYA|NO_SP|2,0
Q96BS2|EUKARYA|NO_SP|0,0
A0A0N7KIY3|EUKARYA|NO_SP|1,0
P41208|EUKARYA|NO_SP|0,0
Q02732|EUKARYA|NO_SP|1,0
Q7Z624|EUKARYA|NO_SP|0,0
Q9H9E3|EUKARYA|NO_SP|2,0
Q96F07|EUKARYA|NO_SP|2,0
F1QGH7|EUKARYA|NO_SP|2,0
Q9NXW9|EUKARYA|NO_SP|2,0
P04083|EUKARYA|NO_SP|1,0
Q06596|EUKARYA|NO_SP|2,0
G5EG86|EUKARYA|NO_SP|2,0
F4JCB2|EUKARYA|NO_SP|1,0
O94677|EUKARYA|NO_SP|2,0
Q5NBM8|EUKARYA|NO_SP|0,0
Q09349|EUKARYA|NO_SP|1,0
Q2V3L3|EUKARYA|NO_SP|2,0
Q9BYN7|EUKARYA|NO_SP|1,0
Q9P2Y4|EUKARYA|NO_SP|0,0
O02274|EUKARYA|NO_SP|2,0
Q9NXF1|EUKARYA|NO_SP|1,0
Q9C0A1|EUKARYA|NO_SP|0,0
P22519|NEGATIVE|NO_SP|2,0
P31706|NEGATIVE|NO_SP|2,0
P0ABV2|NEGATIVE|NO_SP|1,0
P31710|NEGATIVE|NO_SP|1,0
P06739|NEGATIVE|NO_SP|2,0
P06583|EUKARYA|NO_SP|0,0
P02919|NEGATIVE|NO_SP|1,0
P0ACG5|NEGATIVE|NO_SP|1,0
P02929|NEGATIVE|NO_SP|0,0
P07340|EUKARYA|NO_SP|0,0
P25061|NEGATIVE|NO_SP|1,0
P0ABA3|NEGATIVE|NO_SP|0,0
Q3J170|NEGATIVE|NO_SP|2,0
P06008|NEGATIVE|NO_SP|2,0
Q5SJ80|NEGATIVE|NO_SP|2,0
P61013|EUKARYA|NO_SP|1,0
P97253|NEGATIVE|NO_SP|2,0
P61015|EUKARYA|NO_SP|1,0
P02947|NEGATIVE|NO_SP|2,0
Q2RQ23|NEGATIVE|NO_SP|2,0
P77921|NEGATIVE|NO_SP|2,0
Q9H2X3|EUKARYA|NO_SP|2,0
P04233|EUKARYA|NO_SP|1,0
P29965|EUKARYA|NO_SP|2,0
Q13241|EUKARYA|NO_SP|2,0
P21707|EUKARYA|NO_SP|0,0
P54820|NEGATIVE|NO_SP|1,0
P27548|EUKARYA|NO_SP|2,0
P50591|EUKARYA|NO_SP|2,0
P08473|EUKARYA|NO_SP|2,0
P40748|EUKARYA|NO_SP|2,0
P07306|EUKARYA|NO_SP|2,0
Q07108|EUKARYA|NO_SP|1,0
P98072|EUKARYA|NO_SP|1,0
P22734|EUKARYA|NO_SP|2,0
P06734|EUKARYA|NO_SP|1,0
P20693|EUKARYA|NO_SP|1,0
O35235|EUKARYA|NO_SP|0,0
P43221|NEGATIVE|NO_SP|0,0
Q9Y275|EUKARYA|NO_SP|2,0
P50600|NEGATIVE|NO_SP|1,0
P46014|EUKARYA|NO_SP|1,0
Q62760|EUKARYA|NO_SP|1,0
Q64329|EUKARYA|NO_SP|0,0
P59676|POSITIVE|NO_SP|1,0
P14677|POSITIVE|NO_SP|1,0
Q92838|EUKARYA|NO_SP|0,0
P19934|NEGATIVE|NO_SP|2,0
P69490|NEGATIVE|NO_SP|2,0
P41851|NEGATIVE|NO_SP|2,0
Q02223|EUKARYA|NO_SP|2,0
P28907|EUKARYA|NO_SP|2,0
P0AA86|NEGATIVE|NO_SP|1,0
Q12884|EUKARYA|NO_SP|2,0
P22411|EUKARYA|NO_SP|2,0
P54396|POSITIVE|NO_SP|2,0
P06804|EUKARYA|NO_SP|1,0
P13402|NEGATIVE|NO_SP|2,0
P0C0Y7|NEGATIVE|NO_SP|2,0
P14740|EUKARYA|NO_SP|2,0
P23510|EUKARYA|NO_SP|0,0
P43488|EUKARYA|NO_SP|0,0
P45777|NEGATIVE|NO_SP|0,0
Q72EF4|NEGATIVE|NO_SP|1,0
P0AG14|NEGATIVE|NO_SP|2,0
P38134|NEGATIVE|NO_SP|1,0
P77306|NEGATIVE|NO_SP|1,0
C4IX13|EUKARYA|NO_SP|0,0
P05027|EUKARYA|NO_SP|0,0
Q58K79|EUKARYA|NO_SP|2,0
P35874|POSITIVE|NO_SP|2,0
D0VWU4|NEGATIVE|NO_SP|2,0
P0C0X9|NEGATIVE|NO_SP|2,0
P61012|EUKARYA|NO_SP|1,0
D9IA44|NEGATIVE|NO_SP|2,0
Q59646|NEGATIVE|NO_SP|2,0
P38383|NEGATIVE|NO_SP|2,0
Q8KZP4|NEGATIVE|NO_SP|2,0
P04921|EUKARYA|NO_SP|1,0
P05026|EUKARYA|NO_SP|0,0
P07307|EUKARYA|NO_SP|2,0
P14410|EUKARYA|NO_SP|2,0
P14415|EUKARYA|NO_SP|0,0
P15144|EUKARYA|NO_SP|2,0
P15382|EUKARYA|NO_SP|1,0
P21757|EUKARYA|NO_SP|2,0
P42892|EUKARYA|NO_SP|0,0
P78380|EUKARYA|NO_SP|0,0
Q07075|EUKARYA|NO_SP|2,0
Q15166|EUKARYA|NO_SP|0,0
Q6NSJ0|EUKARYA|NO_SP|0,0
Q8N608|EUKARYA|NO_SP|1,0
Q9H0X4|EUKARYA|NO_SP|2,0
Q9UEW3|EUKARYA|NO_SP|2,0
Q9Y3Q0|EUKARYA|NO_SP|1,0
O16406|EUKARYA|NO_SP|1,0
O16887|EUKARYA|NO_SP|2,0
P04441|EUKARYA|NO_SP|1,0
P06802|EUKARYA|NO_SP|0,0
P14094|EUKARYA|NO_SP|0,0
P14231|EUKARYA|NO_SP|0,0
P15145|EUKARYA|NO_SP|2,0
P28843|EUKARYA|NO_SP|2,0
P36269|EUKARYA|NO_SP|0,0
P56677|EUKARYA|NO_SP|2,0
P90754|EUKARYA|NO_SP|1,0
P91406|EUKARYA|NO_SP|2,0
P97370|EUKARYA|NO_SP|0,0
P97449|EUKARYA|NO_SP|2,0
Q18253|EUKARYA|NO_SP|2,0
Q18673|EUKARYA|NO_SP|1,0
Q18788|EUKARYA|NO_SP|2,0
Q22523|EUKARYA|NO_SP|1,0
Q22957|EUKARYA|NO_SP|1,0
Q24046|EUKARYA|NO_SP|0,0
Q24048|EUKARYA|NO_SP|0,0
Q27367|EUKARYA|NO_SP|2,0
Q4G148|EUKARYA|NO_SP|0,0
Q5K8R6|EUKARYA|NO_SP|0,0
Q61391|EUKARYA|NO_SP|2,0
Q62351|EUKARYA|NO_SP|2,0
Q68CQ7|EUKARYA|NO_SP|2,0
Q69ZQ1|EUKARYA|NO_SP|0,0
Q6DYE8|EUKARYA|NO_SP|1,0
Q6PIU2|EUKARYA|NO_SP|1,0
Q7JKY3|EUKARYA|NO_SP|2,0
Q8C0Z1|EUKARYA|NO_SP|2,0
Q9CZR2|EUKARYA|NO_SP|1,0
Q8CJ26|EUKARYA|NO_SP|2,0
Q8K4Q8|EUKARYA|NO_SP|2,0
Q93235|EUKARYA|NO_SP|0,0
Q9JJ72|EUKARYA|NO_SP|1,0
P42840|EUKARYA|NO_SP|2,0
Q9Y5L2|EUKARYA|NO_SP|2,0
Q9Y2B1|EUKARYA|NO_SP|1,0
Q9H1B5|EUKARYA|NO_SP|0,0
Q9BVA6|EUKARYA|NO_SP|0,0
P32970|EUKARYA|NO_SP|0,0
Q6P4E1|EUKARYA|NO_SP|2,0
D2Z0P9|NEGATIVE|NO_SP|2,0
D2Z0P2|NEGATIVE|NO_SP|2,0
O34525|POSITIVE|NO_SP|2,0
O43451|EUKARYA|NO_SP|2,0
O66874|NEGATIVE|NO_SP|1,0
O88272|EUKARYA|NO_SP|0,0
O95150|EUKARYA|NO_SP|0,0
P05093|EUKARYA|NO_SP|2,0
P0A3S3|POSITIVE|NO_SP|0,0
P54710|EUKARYA|NO_SP|2,0
P0AEE3|NEGATIVE|NO_SP|0,0
P17798|NEGATIVE|NO_SP|0,0
P20937|EUKARYA|NO_SP|0,0
P27811|EUKARYA|NO_SP|0,0
P41273|EUKARYA|NO_SP|0,0
P43769|NEGATIVE|NO_SP|1,0
P49785|POSITIVE|NO_SP|2,0
P47523|POSITIVE|NO_SP|1,0
P55892|NEGATIVE|NO_SP|2,0
P56427|NEGATIVE|NO_SP|2,0
P71014|POSITIVE|NO_SP|2,0
P98073|EUKARYA|NO_SP|1,0
P9WIU5|POSITIVE|NO_SP|0,0
P9WJS9|POSITIVE|NO_SP|1,0
Q45612|POSITIVE|NO_SP|1,0
Q5L0X5|POSITIVE|NO_SP|2,0
Q60682|EUKARYA|NO_SP|0,0
Q60654|EUKARYA|NO_SP|0,0
Q60754|EUKARYA|NO_SP|2,0
Q794W0|POSITIVE|NO_SP|2,0
Q7CEG3|NEGATIVE|NO_SP|0,0
Q7Z1V1|EUKARYA|NO_SP|1,0
Q81SZ9|POSITIVE|NO_SP|2,0
Q7A0I6|POSITIVE|NO_SP|1,0
Q7WY78|POSITIVE|NO_SP|2,0
Q8EK44|NEGATIVE|NO_SP|2,0
Q8BGV8|EUKARYA|NO_SP|0,0
Q8DP63|POSITIVE|NO_SP|2,0
Q8VHK8|EUKARYA|NO_SP|2,0
Q8WXI8|EUKARYA|NO_SP|1,0
Q8N539|EUKARYA|NO_SP|1,0
Q8WTT0|EUKARYA|NO_SP|1,0
Q8X7A5|NEGATIVE|NO_SP|2,0
Q9NNX6|EUKARYA|NO_SP|2,0
Q9UBP0|EUKARYA|NO_SP|0,0
Q9P126|EUKARYA|NO_SP|2,0
Q9ULY5|EUKARYA|NO_SP|2,0
Q9UL52|EUKARYA|NO_SP|2,0
Q9WVF9|EUKARYA|NO_SP|1,0
Q9Y5W7|EUKARYA|NO_SP|1,0
P43590|EUKARYA|NO_SP|1,0
Q39017|EUKARYA|NO_SP|2,0
Q96514|EUKARYA|NO_SP|2,0
Q2M3T9|EUKARYA|NO_SP|1,0
Q8SXQ7|EUKARYA|NO_SP|1,0
P57680|EUKARYA|NO_SP|0,0
Q5HDJ9|POSITIVE|NO_SP|1,0
Q9SKR2|EUKARYA|NO_SP|2,0
P31602|NEGATIVE|NO_SP|2,0
P24282|POSITIVE|NO_SP|2,0
P12691|NEGATIVE|NO_SP|1,0
Q09427|EUKARYA|NO_SP|2,0
P07700|EUKARYA|NO_SP|0,0
P60034|EUKARYA|NO_SP|0,0
P08050|EUKARYA|NO_SP|0,0
P08034|EUKARYA|NO_SP|0,0
P08033|EUKARYA|NO_SP|0,0
P0ABK1|NEGATIVE|NO_SP|2,0
P0ABJ5|NEGATIVE|NO_SP|1,0
P0ABJ8|NEGATIVE|NO_SP|2,0
P0AEA5|NEGATIVE|NO_SP|1,0
P20672|NEGATIVE|NO_SP|2,0
P0ABN8|NEGATIVE|NO_SP|0,0
P0AEC8|NEGATIVE|NO_SP|1,0
P31712|NEGATIVE|NO_SP|1,0
P18777|NEGATIVE|NO_SP|0,0
P0C2U3|POSITIVE|NO_SP|2,0
P0AEJ5|NEGATIVE|NO_SP|2,0
P0ABU7|NEGATIVE|NO_SP|2,0
P0AEL0|NEGATIVE|NO_SP|0,0
P10955|NEGATIVE|NO_SP|1,0
P41440|EUKARYA|NO_SP|2,0
P11551|NEGATIVE|NO_SP|2,0
P19634|EUKARYA|NO_SP|2,0
P05701|NEGATIVE|NO_SP|1,0
P0ABN1|NEGATIVE|NO_SP|2,0
P0AEX4|NEGATIVE|NO_SP|1,0
P23889|NEGATIVE|NO_SP|1,0
P02920|NEGATIVE|NO_SP|2,0
P25737|NEGATIVE|NO_SP|0,0
P0AEY8|NEGATIVE|NO_SP|2,0
P52002|NEGATIVE|NO_SP|0,0
Q55282|NEGATIVE|NO_SP|2,0
P09348|NEGATIVE|NO_SP|0,0
P0A6W4|NEGATIVE|NO_SP|0,0
P0AAD3|NEGATIVE|NO_SP|2,0
P04116|EUKARYA|NO_SP|1,0
P60203|EUKARYA|NO_SP|1,0
P08005|NEGATIVE|NO_SP|0,0
P08006|NEGATIVE|NO_SP|1,0
P02699|EUKARYA|NO_SP|2,0
P29255|NEGATIVE|NO_SP|1,0
P04274|EUKARYA|NO_SP|0,0
P23462|NEGATIVE|NO_SP|2,0
P0A0J8|POSITIVE|NO_SP|2,0
P14319|POSITIVE|NO_SP|0,0
P0AGI1|NEGATIVE|NO_SP|0,0
P0C0Z0|NEGATIVE|NO_SP|2,0
P27125|NEGATIVE|NO_SP|2,0
P52205|EUKARYA|NO_SP|0,0
P0AGA5|NEGATIVE|NO_SP|2,0
P12866|EUKARYA|NO_SP|2,0
P30408|EUKARYA|NO_SP|0,0
P02980|NEGATIVE|NO_SP|0,0
P0ABV1|NEGATIVE|NO_SP|2,0
Q00185|NEGATIVE|NO_SP|2,0
P0AGC2|NEGATIVE|NO_SP|1,0
Q9L906|NEGATIVE|NO_SP|2,0
P06795|EUKARYA|NO_SP|2,0
P08183|EUKARYA|NO_SP|2,0
P0C1R8|POSITIVE|NO_SP|1,0
P09835|NEGATIVE|NO_SP|2,0
P09836|NEGATIVE|NO_SP|1,0
P04191|EUKARYA|NO_SP|0,0
P0AEY2|NEGATIVE|NO_SP|2,0
P0AEH2|NEGATIVE|NO_SP|2,0
P75851|NEGATIVE|NO_SP|0,0
P77463|NEGATIVE|NO_SP|2,0
P76343|NEGATIVE|NO_SP|2,0
P42603|NEGATIVE|NO_SP|2,0
P11286|NEGATIVE|NO_SP|2,0
P0A408|NEGATIVE|NO_SP|1,0
P0A425|NEGATIVE|NO_SP|2,0
P0A767|NEGATIVE|NO_SP|0,0
P21447|EUKARYA|NO_SP|2,0
P11167|EUKARYA|NO_SP|0,0
P02941|NEGATIVE|NO_SP|2,0
Q3J1A5|NEGATIVE|NO_SP|0,0
P68706|NEGATIVE|NO_SP|0,0
P06609|NEGATIVE|NO_SP|0,0
O67854|NEGATIVE|NO_SP|2,0
Q3J1A6|NEGATIVE|NO_SP|0,0
P98002|NEGATIVE|NO_SP|2,0
P0A334|POSITIVE|NO_SP|0,0
P11847|NEGATIVE|NO_SP|0,0
P49652|EUKARYA|NO_SP|2,0
P06009|NEGATIVE|NO_SP|0,0
P06010|NEGATIVE|NO_SP|0,0
B0R2U4|ARCHAEA|NO_SP|0,0
P17413|NEGATIVE|NO_SP|1,0
Q5SJ79|NEGATIVE|NO_SP|0,0
P60026|EUKARYA|NO_SP|0,0
P0A8Q0|NEGATIVE|NO_SP|1,0
P0A8Q5|NEGATIVE|NO_SP|2,0
P37019|NEGATIVE|NO_SP|1,0
Q8ZRP8|NEGATIVE|NO_SP|1,0
P03999|EUKARYA|NO_SP|2,0
P04001|EUKARYA|NO_SP|2,0
P04000|EUKARYA|NO_SP|2,0
O97467|EUKARYA|NO_SP|1,0
P33517|NEGATIVE|NO_SP|2,0
P84153|NEGATIVE|NO_SP|1,0
P69054|NEGATIVE|NO_SP|2,0
P0DMS8|EUKARYA|NO_SP|0,0
P21728|EUKARYA|NO_SP|0,0
P32238|EUKARYA|NO_SP|0,0
P08194|NEGATIVE|NO_SP|1,0
P11350|NEGATIVE|NO_SP|2,0
P06030|NEGATIVE|NO_SP|1,0
Q13520|EUKARYA|NO_SP|0,0
Q08853|EUKARYA|NO_SP|0,0
P51491|EUKARYA|NO_SP|2,0
Q7BRI1|NEGATIVE|NO_SP|2,0
Q8YSC4|NEGATIVE|NO_SP|0,0
P47900|EUKARYA|NO_SP|2,0
P0C0L7|NEGATIVE|NO_SP|1,0
Q8KRV3|NEGATIVE|NO_SP|0,0
O05111|NEGATIVE|NO_SP|1,0
Q6PXP3|EUKARYA|NO_SP|0,0
P41231|EUKARYA|NO_SP|1,0
P13738|NEGATIVE|NO_SP|2,0
A5GZW8|EUKARYA|NO_SP|0,0
D5ANZ3|NEGATIVE|NO_SP|2,0
P30556|EUKARYA|NO_SP|1,0
P43140|EUKARYA|NO_SP|0,0
P0A8Q3|NEGATIVE|NO_SP|2,0
Q15391|EUKARYA|NO_SP|2,0
Q9BPV8|EUKARYA|NO_SP|0,0
Q96G91|EUKARYA|NO_SP|2,0
Q15077|EUKARYA|NO_SP|1,0
Q41372|EUKARYA|NO_SP|2,0
P09241|EUKARYA|NO_SP|1,0
P08483|EUKARYA|NO_SP|0,0
P0AG99|NEGATIVE|NO_SP|1,0
P22732|EUKARYA|NO_SP|0,0
P26769|EUKARYA|NO_SP|1,0
P20166|POSITIVE|NO_SP|0,0
P0C188|NEGATIVE|NO_SP|2,0
Q99279|EUKARYA|NO_SP|2,0
Q99280|EUKARYA|NO_SP|2,0
P37090|EUKARYA|NO_SP|1,0
P32239|EUKARYA|NO_SP|0,0
Q9CHL8|POSITIVE|NO_SP|1,0
P12287|POSITIVE|NO_SP|2,0
P39928|EUKARYA|NO_SP|2,0
P52687|NEGATIVE|NO_SP|2,0
P31442|NEGATIVE|NO_SP|0,0
P39838|NEGATIVE|NO_SP|2,0
P07293|EUKARYA|NO_SP|0,0
Q16625|EUKARYA|NO_SP|1,0
P18357|POSITIVE|NO_SP|1,0
P0DM80|NEGATIVE|NO_SP|2,0
P9WQ34|POSITIVE|NO_SP|0,0
P9WGK6|POSITIVE|NO_SP|2,0
P54302|NEGATIVE|NO_SP|2,0
P15385|EUKARYA|NO_SP|0,0
P20309|EUKARYA|NO_SP|0,0
O95136|EUKARYA|NO_SP|1,0
P25095|EUKARYA|NO_SP|1,0
P25929|EUKARYA|NO_SP|2,0
P32245|EUKARYA|NO_SP|2,0
P50391|EUKARYA|NO_SP|2,0
P49146|EUKARYA|NO_SP|1,0
P0C0Y8|NEGATIVE|NO_SP|0,0
P0C0Y9|NEGATIVE|NO_SP|0,0
P0DMC6|NEGATIVE|NO_SP|1,0
O67077|NEGATIVE|NO_SP|2,0
Q9I0M3|NEGATIVE|NO_SP|2,0
P35351|EUKARYA|NO_SP|1,0
P59534|EUKARYA|NO_SP|1,0
P47863|EUKARYA|NO_SP|2,0
P0AA82|NEGATIVE|NO_SP|1,0
P33637|NEGATIVE|NO_SP|2,0
P18275|NEGATIVE|NO_SP|0,0
P35841|NEGATIVE|NO_SP|1,0
P42905|NEGATIVE|NO_SP|0,0
P32720|NEGATIVE|NO_SP|1,0
P0AE14|NEGATIVE|NO_SP|2,0
P0AE16|NEGATIVE|NO_SP|1,0
P0AE24|NEGATIVE|NO_SP|0,0
P23910|NEGATIVE|NO_SP|2,0
P0AE30|NEGATIVE|NO_SP|0,0
P76460|NEGATIVE|NO_SP|2,0
P0ABC0|NEGATIVE|NO_SP|2,0
P30844|NEGATIVE|NO_SP|1,0
P28246|NEGATIVE|NO_SP|0,0
P0AD99|NEGATIVE|NO_SP|0,0
P0ABL8|NEGATIVE|NO_SP|0,0
P0ABM1|NEGATIVE|NO_SP|2,0
P17334|NEGATIVE|NO_SP|2,0
P35272|NEGATIVE|NO_SP|1,0
P0AE82|NEGATIVE|NO_SP|1,0
P08401|NEGATIVE|NO_SP|0,0
P08369|NEGATIVE|NO_SP|1,0
P15078|NEGATIVE|NO_SP|2,0
P08550|NEGATIVE|NO_SP|2,0
P0ABE5|NEGATIVE|NO_SP|2,0
P0AAE0|NEGATIVE|NO_SP|0,0
P0AEB0|NEGATIVE|NO_SP|1,0
P0A6J3|NEGATIVE|NO_SP|2,0
P0ABN9|NEGATIVE|NO_SP|0,0
P0AA76|NEGATIVE|NO_SP|2,0
P0AEF8|NEGATIVE|NO_SP|0,0
P0AEG1|NEGATIVE|NO_SP|1,0
P23895|NEGATIVE|NO_SP|0,0
P15030|NEGATIVE|NO_SP|2,0
P26266|NEGATIVE|NO_SP|2,0
P23877|NEGATIVE|NO_SP|2,0
P76299|NEGATIVE|NO_SP|2,0
P52067|NEGATIVE|NO_SP|1,0
P37147|NEGATIVE|NO_SP|2,0
P25527|NEGATIVE|NO_SP|0,0
P0AER3|NEGATIVE|NO_SP|1,0
P21345|NEGATIVE|NO_SP|2,0
P31452|NEGATIVE|NO_SP|2,0
P0AC94|NEGATIVE|NO_SP|0,0
P25960|NEGATIVE|NO_SP|1,0
P0AET5|NEGATIVE|NO_SP|2,0
P0ACB7|NEGATIVE|NO_SP|1,0
P0AAM1|NEGATIVE|NO_SP|2,0
P37180|NEGATIVE|NO_SP|1,0
P16430|NEGATIVE|NO_SP|0,0
P23482|NEGATIVE|NO_SP|0,0
P77858|NEGATIVE|NO_SP|0,0
P0AEW1|NEGATIVE|NO_SP|2,0
P0A712|NEGATIVE|NO_SP|1,0
P0AEX7|NEGATIVE|NO_SP|2,0
P0AAG5|NEGATIVE|NO_SP|2,0
P23200|NEGATIVE|NO_SP|0,0
P0ABG7|NEGATIVE|NO_SP|1,0
P0ABH4|NEGATIVE|NO_SP|2,0
P0AF32|NEGATIVE|NO_SP|2,0
P33591|NEGATIVE|NO_SP|0,0
P0AFA9|NEGATIVE|NO_SP|2,0
P37340|NEGATIVE|NO_SP|0,0
P0AFD4|NEGATIVE|NO_SP|0,0
P0AFE0|NEGATIVE|NO_SP|0,0
P0AFE4|NEGATIVE|NO_SP|0,0
P0AFE8|NEGATIVE|NO_SP|1,0
P0AFF0|NEGATIVE|NO_SP|2,0
P0AFF2|NEGATIVE|NO_SP|1,0
P0AFF4|NEGATIVE|NO_SP|2,0
P0AFH2|NEGATIVE|NO_SP|0,0
P0AFH6|NEGATIVE|NO_SP|1,0
P16256|NEGATIVE|NO_SP|2,0
P0ABF8|NEGATIVE|NO_SP|1,0
P0AFJ7|NEGATIVE|NO_SP|2,0
P0AB67|NEGATIVE|NO_SP|2,0
P0AFK2|NEGATIVE|NO_SP|0,0
P0AFK4|NEGATIVE|NO_SP|2,0
P31135|NEGATIVE|NO_SP|1,0
Q46836|NEGATIVE|NO_SP|1,0
P0AAE2|NEGATIVE|NO_SP|0,0
P0AGH8|NEGATIVE|NO_SP|2,0
P69786|NEGATIVE|NO_SP|0,0
P27844|NEGATIVE|NO_SP|2,0
P27243|NEGATIVE|NO_SP|1,0
P37746|NEGATIVE|NO_SP|0,0
P0AC78|NEGATIVE|NO_SP|2,0
P18392|NEGATIVE|NO_SP|2,0
P0AGH3|NEGATIVE|NO_SP|2,0
P0AGH5|NEGATIVE|NO_SP|1,0
P0AAD6|NEGATIVE|NO_SP|2,0
P0AG93|NEGATIVE|NO_SP|1,0
P56579|NEGATIVE|NO_SP|1,0
P25396|NEGATIVE|NO_SP|0,0
P0AGK1|NEGATIVE|NO_SP|2,0
P10905|NEGATIVE|NO_SP|1,0
P0CE44|NEGATIVE|NO_SP|2,0
P0A8S5|NEGATIVE|NO_SP|2,0
P76387|NEGATIVE|NO_SP|1,0
P77377|NEGATIVE|NO_SP|2,0
P0AG00|NEGATIVE|NO_SP|1,0
P45562|NEGATIVE|NO_SP|2,0
P63235|NEGATIVE|NO_SP|1,0
P0AGI4|NEGATIVE|NO_SP|2,0
P30149|NEGATIVE|NO_SP|0,0
P31675|NEGATIVE|NO_SP|2,0
P0AFN6|NEGATIVE|NO_SP|1,0
P0AFP0|NEGATIVE|NO_SP|0,0
P31547|NEGATIVE|NO_SP|2,0
P77354|NEGATIVE|NO_SP|0,0
P75683|NEGATIVE|NO_SP|2,0
P77219|NEGATIVE|NO_SP|0,0
P75693|NEGATIVE|NO_SP|1,0
P0AAP7|NEGATIVE|NO_SP|2,0
P77726|NEGATIVE|NO_SP|0,0
P0AAR5|NEGATIVE|NO_SP|2,0
P77400|NEGATIVE|NO_SP|0,0
P0AAS3|NEGATIVE|NO_SP|0,0
P75712|NEGATIVE|NO_SP|1,0
P77328|NEGATIVE|NO_SP|2,0
P45570|NEGATIVE|NO_SP|2,0
P77485|NEGATIVE|NO_SP|2,0
P24077|NEGATIVE|NO_SP|2,0
P75742|NEGATIVE|NO_SP|2,0
P75757|NEGATIVE|NO_SP|2,0
P75763|NEGATIVE|NO_SP|0,0
P0AAC4|NEGATIVE|NO_SP|1,0
P75769|NEGATIVE|NO_SP|2,0
P75770|NEGATIVE|NO_SP|2,0
P0AAW5|NEGATIVE|NO_SP|2,0
P0AFP9|NEGATIVE|NO_SP|1,0
P0AFQ2|NEGATIVE|NO_SP|2,0
P75788|NEGATIVE|NO_SP|2,0
P75806|NEGATIVE|NO_SP|1,0
P75810|NEGATIVE|NO_SP|2,0
P64439|NEGATIVE|NO_SP|1,0
P0AAZ0|NEGATIVE|NO_SP|2,0
P21503|NEGATIVE|NO_SP|2,0
P75835|NEGATIVE|NO_SP|1,0
P0AAC6|NEGATIVE|NO_SP|2,0
P0AB12|NEGATIVE|NO_SP|2,0
P52636|NEGATIVE|NO_SP|1,0
P75870|NEGATIVE|NO_SP|2,0
P75892|NEGATIVE|NO_SP|1,0
P75908|NEGATIVE|NO_SP|2,0
P75916|NEGATIVE|NO_SP|0,0
P75925|NEGATIVE|NO_SP|1,0
P69367|NEGATIVE|NO_SP|2,0
P75955|NEGATIVE|NO_SP|2,0
P75961|NEGATIVE|NO_SP|2,0
P25743|NEGATIVE|NO_SP|2,0
Q46755|NEGATIVE|NO_SP|2,0
P0A710|NEGATIVE|NO_SP|2,0
P21365|NEGATIVE|NO_SP|1,0
P0ACV4|NEGATIVE|NO_SP|2,0
P0A8R7|NEGATIVE|NO_SP|0,0
P77716|NEGATIVE|NO_SP|2,0
P76103|NEGATIVE|NO_SP|2,0
P77156|NEGATIVE|NO_SP|0,0
P76111|NEGATIVE|NO_SP|2,0
P77308|NEGATIVE|NO_SP|0,0
P31125|NEGATIVE|NO_SP|0,0
P77672|NEGATIVE|NO_SP|1,0
P0AFS1|NEGATIVE|NO_SP|1,0
P77228|NEGATIVE|NO_SP|1,0
P0ACX0|NEGATIVE|NO_SP|2,0
P69212|NEGATIVE|NO_SP|0,0
P0AFS5|NEGATIVE|NO_SP|2,0
P0AAE5|NEGATIVE|NO_SP|0,0
P76180|NEGATIVE|NO_SP|2,0
P77304|NEGATIVE|NO_SP|2,0
P77389|NEGATIVE|NO_SP|2,0
P0AFS7|NEGATIVE|NO_SP|1,0
P76197|NEGATIVE|NO_SP|2,0
P76198|NEGATIVE|NO_SP|2,0
P38055|NEGATIVE|NO_SP|2,0
P77529|NEGATIVE|NO_SP|1,0
P76221|NEGATIVE|NO_SP|2,0
P76236|NEGATIVE|NO_SP|2,0
P76237|NEGATIVE|NO_SP|2,0
P76242|NEGATIVE|NO_SP|0,0
P76249|NEGATIVE|NO_SP|2,0
P76264|NEGATIVE|NO_SP|1,0
P0AD03|NEGATIVE|NO_SP|1,0
P0AFT2|NEGATIVE|NO_SP|0,0
P0AA70|NEGATIVE|NO_SP|0,0
P31064|NEGATIVE|NO_SP|1,0
P46125|NEGATIVE|NO_SP|0,0
P76330|NEGATIVE|NO_SP|2,0
P76334|NEGATIVE|NO_SP|1,0
P76339|NEGATIVE|NO_SP|1,0
P33011|NEGATIVE|NO_SP|2,0
P33015|NEGATIVE|NO_SP|1,0
P0AA47|NEGATIVE|NO_SP|2,0
P36554|NEGATIVE|NO_SP|0,0
P76389|NEGATIVE|NO_SP|0,0
P76398|NEGATIVE|NO_SP|0,0
P76399|NEGATIVE|NO_SP|0,0
P76417|NEGATIVE|NO_SP|2,0
P33361|NEGATIVE|NO_SP|1,0
P62723|NEGATIVE|NO_SP|2,0
P33021|NEGATIVE|NO_SP|0,0
P33024|NEGATIVE|NO_SP|0,0
P33026|NEGATIVE|NO_SP|2,0
P33915|NEGATIVE|NO_SP|2,0
P0AD27|NEGATIVE|NO_SP|2,0
P76470|NEGATIVE|NO_SP|2,0
P76474|NEGATIVE|NO_SP|2,0
P0AFU2|NEGATIVE|NO_SP|0,0
P0A8D9|NEGATIVE|NO_SP|2,0
P0AD30|NEGATIVE|NO_SP|2,0
P77549|NEGATIVE|NO_SP|2,0
P37327|NEGATIVE|NO_SP|2,0
P77682|NEGATIVE|NO_SP|1,0
P76538|NEGATIVE|NO_SP|2,0
P77172|NEGATIVE|NO_SP|1,0
P52101|NEGATIVE|NO_SP|0,0
P46139|NEGATIVE|NO_SP|1,0
P37908|NEGATIVE|NO_SP|2,0
P76628|NEGATIVE|NO_SP|0,0
P76630|NEGATIVE|NO_SP|2,0
P46141|NEGATIVE|NO_SP|2,0
Q46892|NEGATIVE|NO_SP|0,0
Q46916|NEGATIVE|NO_SP|2,0
P0ADR2|NEGATIVE|NO_SP|2,0
P67127|NEGATIVE|NO_SP|0,0
P39196|NEGATIVE|NO_SP|1,0
P11667|NEGATIVE|NO_SP|2,0
Q46839|NEGATIVE|NO_SP|2,0
Q46841|NEGATIVE|NO_SP|2,0
P60782|NEGATIVE|NO_SP|1,0
P39414|NEGATIVE|NO_SP|2,0
P42590|NEGATIVE|NO_SP|1,0
P42601|NEGATIVE|NO_SP|2,0
P0AGE4|NEGATIVE|NO_SP|2,0
P64590|NEGATIVE|NO_SP|1,0
P64592|NEGATIVE|NO_SP|1,0
P42628|NEGATIVE|NO_SP|2,0
P0AA80|NEGATIVE|NO_SP|2,0
P0AA73|NEGATIVE|NO_SP|1,0
P42640|NEGATIVE|NO_SP|2,0
P45428|NEGATIVE|NO_SP|1,0
P46481|NEGATIVE|NO_SP|2,0
P45768|NEGATIVE|NO_SP|1,0
P60778|NEGATIVE|NO_SP|2,0
P67143|NEGATIVE|NO_SP|2,0
P0AGH1|NEGATIVE|NO_SP|2,0
P37619|NEGATIVE|NO_SP|2,0
P0AGM0|NEGATIVE|NO_SP|2,0
P37630|NEGATIVE|NO_SP|1,0
P36837|NEGATIVE|NO_SP|2,0
P37643|NEGATIVE|NO_SP|1,0
P37649|NEGATIVE|NO_SP|2,0
P37660|NEGATIVE|NO_SP|2,0
P0ADJ8|NEGATIVE|NO_SP|2,0
P37669|NEGATIVE|NO_SP|2,0
P0ADK4|NEGATIVE|NO_SP|2,0
P0AFV0|NEGATIVE|NO_SP|1,0
P32108|NEGATIVE|NO_SP|2,0
P0AGM2|NEGATIVE|NO_SP|0,0
P31435|NEGATIVE|NO_SP|2,0
P31436|NEGATIVE|NO_SP|2,0
P31437|NEGATIVE|NO_SP|1,0
P0ADL1|NEGATIVE|NO_SP|2,0
P0ADL6|NEGATIVE|NO_SP|1,0
P0ADM0|NEGATIVE|NO_SP|0,0
P31448|NEGATIVE|NO_SP|2,0
P31462|NEGATIVE|NO_SP|0,0
P31468|NEGATIVE|NO_SP|1,0
P31474|NEGATIVE|NO_SP|0,0
P27837|NEGATIVE|NO_SP|0,0
P32129|NEGATIVE|NO_SP|2,0
P32135|NEGATIVE|NO_SP|1,0
P32137|NEGATIVE|NO_SP|2,0
P0AF40|NEGATIVE|NO_SP|2,0
P32701|NEGATIVE|NO_SP|2,0
P0AF54|NEGATIVE|NO_SP|2,0
P60061|NEGATIVE|NO_SP|0,0
P39270|NEGATIVE|NO_SP|0,0
P39276|NEGATIVE|NO_SP|2,0
P39282|NEGATIVE|NO_SP|2,0
P39284|NEGATIVE|NO_SP|1,0
P37772|NEGATIVE|NO_SP|2,0
P0AF80|NEGATIVE|NO_SP|2,0
P39338|NEGATIVE|NO_SP|2,0
P0AF98|NEGATIVE|NO_SP|0,0
P0ADC6|NEGATIVE|NO_SP|1,0
P0AEH8|NEGATIVE|NO_SP|2,0
P39386|NEGATIVE|NO_SP|2,0
P39398|NEGATIVE|NO_SP|2,0
P77473|NEGATIVE|NO_SP|2,0
P0AAS0|NEGATIVE|NO_SP|2,0
P75800|NEGATIVE|NO_SP|2,0
P76091|NEGATIVE|NO_SP|2,0
P76147|NEGATIVE|NO_SP|1,0
P76173|NEGATIVE|NO_SP|0,0
P43531|NEGATIVE|NO_SP|2,0
P76224|NEGATIVE|NO_SP|0,0
P76228|NEGATIVE|NO_SP|1,0
P0AEC0|NEGATIVE|NO_SP|0,0
P76345|NEGATIVE|NO_SP|2,0
P0AD17|NEGATIVE|NO_SP|2,0
P60632|NEGATIVE|NO_SP|1,0
P0AD19|NEGATIVE|NO_SP|1,0
P77579|NEGATIVE|NO_SP|2,0
P0AD47|NEGATIVE|NO_SP|2,0
P77315|NEGATIVE|NO_SP|2,0
P64432|NEGATIVE|NO_SP|2,0
P0ADR0|NEGATIVE|NO_SP|0,0
P77031|NEGATIVE|NO_SP|1,0
P63340|NEGATIVE|NO_SP|2,0
P76657|NEGATIVE|NO_SP|2,0
P0AA63|NEGATIVE|NO_SP|0,0
P64585|NEGATIVE|NO_SP|2,0
P42619|NEGATIVE|NO_SP|2,0
P45394|NEGATIVE|NO_SP|2,0
P45800|NEGATIVE|NO_SP|2,0
P39314|NEGATIVE|NO_SP|0,0
P0AE45|NEGATIVE|NO_SP|1,0
P39328|NEGATIVE|NO_SP|0,0
P37784|NEGATIVE|NO_SP|2,0
Q8WPZ6|EUKARYA|NO_SP|0,0
G3CEP7|EUKARYA|NO_SP|1,0
Q5SKE6|NEGATIVE|NO_SP|0,0
D0VWR5|NEGATIVE|NO_SP|2,0
B3Y963|POSITIVE|NO_SP|2,0
P31356|EUKARYA|NO_SP|1,0
Q16873|EUKARYA|NO_SP|0,0
Q9KQW9|NEGATIVE|NO_SP|2,0
P63359|NEGATIVE|NO_SP|2,0
Q82X47|NEGATIVE|NO_SP|1,0
Q98GN8|NEGATIVE|NO_SP|0,0
P44741|NEGATIVE|NO_SP|1,0
P0A444|NEGATIVE|NO_SP|2,0
P29033|EUKARYA|NO_SP|0,0
Q50541|NEGATIVE|NO_SP|2,0
P38054|NEGATIVE|NO_SP|0,0
P73745|NEGATIVE|NO_SP|1,0
P08172|EUKARYA|NO_SP|0,0
Q2S2F8|NEGATIVE|NO_SP|2,0
P96169|NEGATIVE|NO_SP|2,0
Q9X1I9|POSITIVE|NO_SP|2,0
Q9WYU9|POSITIVE|NO_SP|1,0
O66491|NEGATIVE|NO_SP|2,0
O66505|NEGATIVE|NO_SP|1,0
O66465|NEGATIVE|NO_SP|0,0
Q87TN7|NEGATIVE|NO_SP|1,0
Q3Z5K2|NEGATIVE|NO_SP|1,0
P55087|EUKARYA|NO_SP|2,0
Q6NYR1|EUKARYA|NO_SP|2,0
Q8E919|NEGATIVE|NO_SP|2,0
Q56446|NEGATIVE|NO_SP|2,0
P08011|EUKARYA|NO_SP|2,0
D6VTK4|EUKARYA|NO_SP|1,0
Q9KRE7|NEGATIVE|NO_SP|2,0
P34972|EUKARYA|NO_SP|2,0
P25103|EUKARYA|NO_SP|0,0
P40719|NEGATIVE|NO_SP|1,0
Q8UJW4|NEGATIVE|NO_SP|0,0
D9IA43|NEGATIVE|NO_SP|2,0
D9IA45|NEGATIVE|NO_SP|1,0
P0AC25|NEGATIVE|NO_SP|2,0
P60063|NEGATIVE|NO_SP|0,0
Q9Y6G1|EUKARYA|NO_SP|0,0
Q96BM0|EUKARYA|NO_SP|0,0
Q96I45|EUKARYA|NO_SP|1,0
Q9P0S9|EUKARYA|NO_SP|0,0
P35414|EUKARYA|NO_SP|0,0
O15431|EUKARYA|NO_SP|1,0
Q9JS17|NEGATIVE|NO_SP|2,0
Q57130|NEGATIVE|NO_SP|1,0
B6CAM1|EUKARYA|NO_SP|0,0
Q72LA6|NEGATIVE|NO_SP|0,0
P60066|NEGATIVE|NO_SP|0,0
Q59647|NEGATIVE|NO_SP|0,0
F2QVG4|EUKARYA|NO_SP|2,0
D3QL74|NEGATIVE|NO_SP|1,0
D3GV53|NEGATIVE|NO_SP|2,0
D0RMU8|NEGATIVE|NO_SP|0,0
Q8EKT7|NEGATIVE|NO_SP|2,0
P98005|NEGATIVE|NO_SP|1,0
Q9WYC4|POSITIVE|NO_SP|2,0
Q5SH67|NEGATIVE|NO_SP|0,0
P05418|NEGATIVE|NO_SP|2,0
O67305|NEGATIVE|NO_SP|2,0
A0A140NCY0|NEGATIVE|NO_SP|0,0
P61073|EUKARYA|NO_SP|0,0
Q8RGD7|NEGATIVE|NO_SP|0,0
Q3J5A7|NEGATIVE|NO_SP|2,0
Q74FS9|NEGATIVE|NO_SP|1,0
Q8XF76|NEGATIVE|NO_SP|2,0
P41146|EUKARYA|NO_SP|0,0
B9KDD4|NEGATIVE|NO_SP|1,0
A8EVM5|NEGATIVE|NO_SP|1,0
P56874|NEGATIVE|NO_SP|2,0
Q03NM0|POSITIVE|NO_SP|2,0
Q5M4H8|POSITIVE|NO_SP|2,0
A9VEV6|POSITIVE|NO_SP|2,0
Q56992|NEGATIVE|NO_SP|0,0
A0A140N571|NEGATIVE|NO_SP|1,0
A0A140N755|NEGATIVE|NO_SP|2,0
E8QGV2|NEGATIVE|NO_SP|2,0
P57789|EUKARYA|NO_SP|0,0
Q72IM4|NEGATIVE|NO_SP|0,0
Q9KPL5|NEGATIVE|NO_SP|0,0
C5W716|NEGATIVE|NO_SP|0,0
A0A140N7N4|NEGATIVE|NO_SP|1,0
A0A140N7W8|NEGATIVE|NO_SP|0,0
Q5QF96|EUKARYA|NO_SP|1,0
Q9KNE0|NEGATIVE|NO_SP|2,0
Q5QUJ8|NEGATIVE|NO_SP|2,0
P21453|EUKARYA|NO_SP|2,0
Q0ABW0|NEGATIVE|NO_SP|0,0
Q9K0A9|NEGATIVE|NO_SP|1,0
Q56217|NEGATIVE|NO_SP|2,0
Q56225|NEGATIVE|NO_SP|0,0
Q56226|NEGATIVE|NO_SP|0,0
Q60019|NEGATIVE|NO_SP|0,0
E8XEH9|NEGATIVE|NO_SP|1,0
M4GGS2|EUKARYA|NO_SP|2,0
Q8EHE6|NEGATIVE|NO_SP|2,0
O14817|EUKARYA|NO_SP|0,0
O95255|EUKARYA|NO_SP|0,0
O95342|EUKARYA|NO_SP|1,0
O96005|EUKARYA|NO_SP|0,0
P04839|EUKARYA|NO_SP|2,0
P13866|EUKARYA|NO_SP|2,0
P16671|EUKARYA|NO_SP|2,0
P19075|EUKARYA|NO_SP|0,0
P21918|EUKARYA|NO_SP|0,0
P27701|EUKARYA|NO_SP|0,0
P30825|EUKARYA|NO_SP|2,0
P31641|EUKARYA|NO_SP|0,0
P48230|EUKARYA|NO_SP|0,0
P49961|EUKARYA|NO_SP|0,0
Q0P6H9|EUKARYA|NO_SP|0,0
Q12908|EUKARYA|NO_SP|2,0
Q15758|EUKARYA|NO_SP|0,0
Q16563|EUKARYA|NO_SP|2,0
Q16570|EUKARYA|NO_SP|1,0
Q16581|EUKARYA|NO_SP|2,0
Q3T906|EUKARYA|NO_SP|1,0
Q4U2R8|EUKARYA|NO_SP|0,0
Q4ZIN3|EUKARYA|NO_SP|0,0
Q6ZUK4|EUKARYA|NO_SP|2,0
Q86VZ1|EUKARYA|NO_SP|2,0
Q86W47|EUKARYA|NO_SP|2,0
Q86YT5|EUKARYA|NO_SP|0,0
Q8IU99|EUKARYA|NO_SP|1,0
Q8IUA7|EUKARYA|NO_SP|2,0
Q8IWA5|EUKARYA|NO_SP|1,0
Q8N139|EUKARYA|NO_SP|2,0
Q8WTV0|EUKARYA|NO_SP|1,0
Q92545|EUKARYA|NO_SP|0,0
Q969L2|EUKARYA|NO_SP|0,0
Q96KA5|EUKARYA|NO_SP|1,0
Q96NT5|EUKARYA|NO_SP|0,0
Q96RD7|EUKARYA|NO_SP|2,0
Q99572|EUKARYA|NO_SP|2,0
Q99677|EUKARYA|NO_SP|2,0
Q99808|EUKARYA|NO_SP|2,0
Q9BZV2|EUKARYA|NO_SP|2,0
Q9GZU1|EUKARYA|NO_SP|0,0
Q9H330|EUKARYA|NO_SP|0,0
Q9H813|EUKARYA|NO_SP|0,0
Q9NV96|EUKARYA|NO_SP|0,0
Q9NY35|EUKARYA|NO_SP|2,0
A8N031|EUKARYA|NO_SP|1,0
B1YFV8|POSITIVE|NO_SP|2,0
O01634|EUKARYA|NO_SP|1,0
O01840|EUKARYA|NO_SP|2,0
O55026|EUKARYA|NO_SP|0,0
O35874|EUKARYA|NO_SP|0,0
O70401|EUKARYA|NO_SP|1,0
A8MYU2|EUKARYA|NO_SP|2,0
P06002|EUKARYA|NO_SP|2,0
P14246|EUKARYA|NO_SP|0,0
P26201|EUKARYA|NO_SP|2,0
P31355|EUKARYA|NO_SP|2,0
P32037|EUKARYA|NO_SP|0,0
P34358|EUKARYA|NO_SP|2,0
P40237|EUKARYA|NO_SP|0,0
P41233|EUKARYA|NO_SP|1,0
P47801|EUKARYA|NO_SP|2,0
P49049|EUKARYA|NO_SP|2,0
P49191|EUKARYA|NO_SP|1,0
P52592|EUKARYA|NO_SP|1,0
P56564|EUKARYA|NO_SP|2,0
P82295|EUKARYA|NO_SP|2,0
P90859|EUKARYA|NO_SP|2,0
Q00748|EUKARYA|NO_SP|2,0
Q03567|EUKARYA|NO_SP|0,0
Q09216|EUKARYA|NO_SP|1,0
Q09429|EUKARYA|NO_SP|2,0
Q09606|EUKARYA|NO_SP|2,0
Q10022|EUKARYA|NO_SP|1,0
Q10901|EUKARYA|NO_SP|2,0
Q10904|EUKARYA|NO_SP|2,0
Q17598|EUKARYA|NO_SP|1,0
Q17758|EUKARYA|NO_SP|2,0
Q18120|EUKARYA|NO_SP|2,0
Q18600|EUKARYA|NO_SP|1,0
Q19907|EUKARYA|NO_SP|2,0
Q20027|EUKARYA|NO_SP|1,0
Q20332|EUKARYA|NO_SP|2,0
Q21123|EUKARYA|NO_SP|1,0
Q21353|EUKARYA|NO_SP|2,0
Q3TWN3|EUKARYA|NO_SP|0,0
Q62962|EUKARYA|NO_SP|2,0
Q64302|EUKARYA|NO_SP|0,0
Q6ZQE4|EUKARYA|NO_SP|1,0
Q7Z139|EUKARYA|NO_SP|2,0
Q84TI7|EUKARYA|NO_SP|1,0
Q8BSM7|EUKARYA|NO_SP|2,0
Q8BY89|EUKARYA|NO_SP|1,0
Q91VA1|EUKARYA|NO_SP|1,0
Q8CEG0|EUKARYA|NO_SP|2,0
Q8CIV2|EUKARYA|NO_SP|0,0
Q8K385|EUKARYA|NO_SP|1,0
Q8R139|EUKARYA|NO_SP|2,0
Q9Z1M0|EUKARYA|NO_SP|2,0
Q9JIP4|EUKARYA|NO_SP|2,0
Q9TQZ3|EUKARYA|NO_SP|2,0
Q9JIM1|EUKARYA|NO_SP|2,0
Q9CQ88|EUKARYA|NO_SP|2,0
Q9U539|EUKARYA|NO_SP|2,0
Q9CQX5|EUKARYA|NO_SP|2,0
Q9DAX2|EUKARYA|NO_SP|2,0
Q9VCA2|EUKARYA|NO_SP|0,0
Q9JIP7|EUKARYA|NO_SP|2,0
Q9U7D5|EUKARYA|NO_SP|1,0
Q9VNJ5|EUKARYA|NO_SP|2,0
Q9W4C5|EUKARYA|NO_SP|0,0
P30878|NEGATIVE|NO_SP|2,0
O13512|EUKARYA|NO_SP|1,0
P39548|EUKARYA|NO_SP|1,0
P38189|EUKARYA|NO_SP|2,0
P38079|EUKARYA|NO_SP|2,0
P38240|EUKARYA|NO_SP|2,0
P38267|EUKARYA|NO_SP|2,0
P38312|EUKARYA|NO_SP|0,0
P38318|EUKARYA|NO_SP|2,0
P38329|EUKARYA|NO_SP|1,0
P0CX12|EUKARYA|NO_SP|2,0
P53109|EUKARYA|NO_SP|2,0
P25596|EUKARYA|NO_SP|2,0
P25354|EUKARYA|NO_SP|1,0
P25618|EUKARYA|NO_SP|1,0
P25619|EUKARYA|NO_SP|2,0
P25351|EUKARYA|NO_SP|2,0
P32466|EUKARYA|NO_SP|0,0
P25358|EUKARYA|NO_SP|1,0
P47159|EUKARYA|NO_SP|0,0
P25346|EUKARYA|NO_SP|2,0
P38954|EUKARYA|NO_SP|1,0
P56508|EUKARYA|NO_SP|2,0
P38723|EUKARYA|NO_SP|2,0
P53053|EUKARYA|NO_SP|2,0
P32584|EUKARYA|NO_SP|2,0
Q03289|EUKARYA|NO_SP|1,0
P43537|EUKARYA|NO_SP|0,0
Q07629|EUKARYA|NO_SP|2,0
P54854|EUKARYA|NO_SP|2,0
Q07788|EUKARYA|NO_SP|2,0
Q12117|EUKARYA|NO_SP|2,0
P53209|EUKARYA|NO_SP|2,0
Q01896|EUKARYA|NO_SP|2,0
Q12116|EUKARYA|NO_SP|0,0
P40986|EUKARYA|NO_SP|2,0
P46991|EUKARYA|NO_SP|0,0
P25340|EUKARYA|NO_SP|2,0
Q06676|EUKARYA|NO_SP|1,0
P39004|EUKARYA|NO_SP|0,0
P39003|EUKARYA|NO_SP|0,0
Q04162|EUKARYA|NO_SP|2,0
P40500|EUKARYA|NO_SP|1,0
P39932|EUKARYA|NO_SP|2,0
Q12209|EUKARYA|NO_SP|1,0
P47055|EUKARYA|NO_SP|2,0
P40073|EUKARYA|NO_SP|1,0
P43562|EUKARYA|NO_SP|0,0
P05374|EUKARYA|NO_SP|1,0
Q12235|EUKARYA|NO_SP|2,0
P39540|EUKARYA|NO_SP|1,0
P53174|EUKARYA|NO_SP|1,0
P19807|EUKARYA|NO_SP|2,0
P28584|EUKARYA|NO_SP|1,0
P53154|EUKARYA|NO_SP|2,0
P53012|EUKARYA|NO_SP|2,0
P50080|EUKARYA|NO_SP|0,0
Q06158|EUKARYA|NO_SP|1,0
Q07798|EUKARYA|NO_SP|2,0
P53120|EUKARYA|NO_SP|2,0
P47153|EUKARYA|NO_SP|2,0
P47187|EUKARYA|NO_SP|2,0
Q05131|EUKARYA|NO_SP|1,0
P50276|EUKARYA|NO_SP|2,0
P0CX13|EUKARYA|NO_SP|2,0
P14359|EUKARYA|NO_SP|2,0
P53279|EUKARYA|NO_SP|2,0
P36032|EUKARYA|NO_SP|2,0
P53047|EUKARYA|NO_SP|2,0
P40524|EUKARYA|NO_SP|2,0
P53344|EUKARYA|NO_SP|2,0
P38750|EUKARYA|NO_SP|1,0
P33413|EUKARYA|NO_SP|2,0
P38734|EUKARYA|NO_SP|2,0
Q12746|EUKARYA|NO_SP|1,0
P53748|EUKARYA|NO_SP|2,0
P23968|EUKARYA|NO_SP|2,0
P32465|EUKARYA|NO_SP|0,0
P33300|EUKARYA|NO_SP|1,0
Q99271|EUKARYA|NO_SP|2,0
P32462|EUKARYA|NO_SP|1,0
P53584|EUKARYA|NO_SP|2,0
P40475|EUKARYA|NO_SP|2,0
P47046|EUKARYA|NO_SP|1,0
P42833|EUKARYA|NO_SP|2,0
P40309|EUKARYA|NO_SP|2,0
P53928|EUKARYA|NO_SP|2,0
P42946|EUKARYA|NO_SP|1,0
P39542|EUKARYA|NO_SP|2,0
P40885|EUKARYA|NO_SP|0,0
P54862|EUKARYA|NO_SP|0,0
Q02889|EUKARYA|NO_SP|0,0
Q06200|EUKARYA|NO_SP|1,0
Q06538|EUKARYA|NO_SP|1,0
P06783|EUKARYA|NO_SP|2,0
P36142|EUKARYA|NO_SP|1,0
P36148|EUKARYA|NO_SP|2,0
Q08238|EUKARYA|NO_SP|2,0
P53932|EUKARYA|NO_SP|1,0
Q12253|EUKARYA|NO_SP|1,0
Q99382|EUKARYA|NO_SP|1,0
P54072|EUKARYA|NO_SP|1,0
P0C261|EUKARYA|NO_SP|2,0
Q05998|EUKARYA|NO_SP|2,0
P40319|EUKARYA|NO_SP|2,0
P46961|EUKARYA|NO_SP|1,0
Q04516|EUKARYA|NO_SP|2,0
P13090|EUKARYA|NO_SP|1,0
Q03687|EUKARYA|NO_SP|2,0
P23585|EUKARYA|NO_SP|0,0
Q04734|EUKARYA|NO_SP|2,0
P40219|EUKARYA|NO_SP|1,0
Q03795|EUKARYA|NO_SP|1,0
Q03263|EUKARYA|NO_SP|2,0
P53908|EUKARYA|NO_SP|1,0
Q08980|EUKARYA|NO_SP|2,0
P33335|EUKARYA|NO_SP|2,0
P53390|EUKARYA|NO_SP|0,0
Q12079|EUKARYA|NO_SP|1,0
P53822|EUKARYA|NO_SP|2,0
P53740|EUKARYA|NO_SP|0,0
P53389|EUKARYA|NO_SP|2,0
P53744|EUKARYA|NO_SP|2,0
P52924|EUKARYA|NO_SP|2,0
Q08232|EUKARYA|NO_SP|1,0
Q08902|EUKARYA|NO_SP|2,0
Q08240|EUKARYA|NO_SP|2,0
P0CF19|EUKARYA|NO_SP|2,0
Q99234|EUKARYA|NO_SP|1,0
A6NH11|EUKARYA|NO_SP|0,0
O75056|EUKARYA|NO_SP|0,0
Q9HBR0|EUKARYA|NO_SP|2,0
Q9BRQ5|EUKARYA|NO_SP|2,0
P56975|EUKARYA|NO_SP|0,0
Q04941|EUKARYA|NO_SP|2,0
Q86UK0|EUKARYA|NO_SP|1,0
Q7L1W4|EUKARYA|NO_SP|2,0
Q68DH5|EUKARYA|NO_SP|1,0
Q6ZXV5|EUKARYA|NO_SP|2,0
Q9Y6J6|EUKARYA|NO_SP|1,0
D2Z0P3|NEGATIVE|NO_SP|0,0
A8ASG6|NEGATIVE|NO_SP|0,0
Q9RMB5|POSITIVE|NO_SP|0,0
Q8R9C0|POSITIVE|NO_SP|2,0
Q9SWS1|EUKARYA|NO_SP|1,0
Q9Z0S5|EUKARYA|NO_SP|0,0
O07091|NEGATIVE|NO_SP|2,0
O29338|ARCHAEA|NO_SP|2,0
O31533|POSITIVE|NO_SP|2,0
O31671|POSITIVE|NO_SP|1,0
O34206|NEGATIVE|NO_SP|2,0
O34757|POSITIVE|NO_SP|1,0
O34952|POSITIVE|NO_SP|2,0
O62798|EUKARYA|NO_SP|2,0
P0A1I3|NEGATIVE|NO_SP|2,0
P0AEC6|NEGATIVE|NO_SP|2,0
Q15761|EUKARYA|NO_SP|2,0
Q72GR9|NEGATIVE|NO_SP|2,0
Q72GS0|NEGATIVE|NO_SP|2,0
O31539|POSITIVE|NO_SP|2,0
Q9X1B7|POSITIVE|NO_SP|2,0
Q9X2W0|NEGATIVE|NO_SP|0,0
Q70EF3|NEGATIVE|NO_SP|2,0
Q70EF4|NEGATIVE|NO_SP|1,0
P0C0F6|NEGATIVE|NO_SP|2,0
P0AG01|NEGATIVE|NO_SP|1,0
P17302|EUKARYA|NO_SP|0,0
P21448|EUKARYA|NO_SP|2,0
P21564|EUKARYA|NO_SP|0,0
P23545|POSITIVE|NO_SP|2,0
P28234|EUKARYA|NO_SP|0,0
P30989|EUKARYA|NO_SP|0,0
P35620|POSITIVE|NO_SP|2,0
P36383|EUKARYA|NO_SP|0,0
P37792|NEGATIVE|NO_SP|1,0
P40727|NEGATIVE|NO_SP|2,0
P37475|POSITIVE|NO_SP|2,0
P40702|NEGATIVE|NO_SP|2,0
P48050|EUKARYA|NO_SP|2,0
P51577|EUKARYA|NO_SP|2,0
P51800|EUKARYA|NO_SP|0,0
P69986|NEGATIVE|NO_SP|2,0
P71408|NEGATIVE|NO_SP|2,0
P97287|EUKARYA|NO_SP|0,0
Q04866|NEGATIVE|NO_SP|1,0
Q13698|EUKARYA|NO_SP|0,0
Q3TBT3|EUKARYA|NO_SP|2,0
Q45614|POSITIVE|NO_SP|2,0
Q7A1I3|POSITIVE|NO_SP|2,0
Q7A2Q0|POSITIVE|NO_SP|1,0
Q7A3Q5|POSITIVE|NO_SP|2,0
Q9Y691|EUKARYA|NO_SP|2,0
Q9WZ49|POSITIVE|NO_SP|1,0
Q9X0M7|POSITIVE|NO_SP|2,0
P46059|EUKARYA|NO_SP|2,0
Q3KNW5|EUKARYA|NO_SP|2,0
P31826|NEGATIVE|NO_SP|2,0
P39982|EUKARYA|NO_SP|2,0
P46964|EUKARYA|NO_SP|1,0
Q09428|EUKARYA|NO_SP|2,0
Q46867|NEGATIVE|NO_SP|2,0
O69279|NEGATIVE|NO_SP|0,0
P0A4Q0|POSITIVE|NO_SP|1,0
O55143|EUKARYA|NO_SP|0,0
P43542|EUKARYA|NO_SP|2,0
Q01628|EUKARYA|NO_SP|2,0
Q8NA29|EUKARYA|NO_SP|1,0
Q08900|EUKARYA|NO_SP|2,0
Q08974|EUKARYA|NO_SP|2,0
Q60714|EUKARYA|NO_SP|0,0
P13498|EUKARYA|NO_SP|0,0
P50738|POSITIVE|NO_SP|2,0
Q0P9C8|NEGATIVE|NO_SP|1,0
Q48262|NEGATIVE|NO_SP|1,0
Q56577|NEGATIVE|NO_SP|2,0
Q6X893|EUKARYA|NO_SP|1,0
Q9JL55|EUKARYA|NO_SP|1,0
Q9H295|EUKARYA|NO_SP|2,0
Q7RTT9|EUKARYA|NO_SP|2,0
Q8TCT6|EUKARYA|NO_SP|2,0
Q8R000|EUKARYA|NO_SP|2,0
Q8FJ36|NEGATIVE|NO_SP|0,0
P13164|EUKARYA|NO_SP|2,0
Q9HUR5|NEGATIVE|NO_SP|0,0
Q4KH25|NEGATIVE|NO_SP|0,0
P24017|NEGATIVE|NO_SP|0,0
Q9I6X0|NEGATIVE|NO_SP|0,0
Q9HWP4|NEGATIVE|NO_SP|0,0
Q9I202|NEGATIVE|NO_SP|0,0
Q9I5H4|NEGATIVE|NO_SP|0,0
Q8D0Z7|NEGATIVE|NO_SP|2,0
Q9I6P8|NEGATIVE|NO_SP|0,0
Q9HZH0|NEGATIVE|NO_SP|0,0
Q9I4U9|NEGATIVE|NO_SP|0,0
Q9HY38|NEGATIVE|NO_SP|0,0
Q9I1Q4|NEGATIVE|NO_SP|0,0
P69739|NEGATIVE|TAT|0,1
P33937|NEGATIVE|TAT|2,1
P63883|NEGATIVE|TAT|0,1
Q8A861|NEGATIVE|TAT|0,1
P69743|NEGATIVE|TAT|0,1
P69742|NEGATIVE|TAT|0,1
A0A369NIV7|POSITIVE|TAT|2,1
P40120|NEGATIVE|TAT|1,1
Q8FX16|NEGATIVE|TAT|1,1
P0AAL3|NEGATIVE|TAT|0,1
I6XEI5|POSITIVE|TAT|1,1
G8QMC2|NEGATIVE|TAT|1,1
Q9KLR4|NEGATIVE|TAT|2,1
Q83RW9|NEGATIVE|TAT|0,1
P9WIB1|POSITIVE|TAT|0,1
Q8ZCF3|NEGATIVE|TAT|2,1
Q8CVW4|NEGATIVE|TAT|2,1
Q8XE47|NEGATIVE|TAT|2,1
Q87GW6|NEGATIVE|TAT|2,1
Q7MD44|NEGATIVE|TAT|2,1
Q8ZNH6|NEGATIVE|TAT|2,1
B7LJU7|NEGATIVE|TAT|2,1
Q83QV0|NEGATIVE|TAT|2,1
Q3Z001|NEGATIVE|TAT|2,1
A9N5G2|NEGATIVE|TAT|2,1
B5RC85|NEGATIVE|TAT|2,1
Q8Z570|NEGATIVE|TAT|2,1
B7N5G7|NEGATIVE|TAT|2,1
B5BDZ4|NEGATIVE|TAT|2,1
A1AD59|NEGATIVE|TAT|2,1
B1JSJ0|NEGATIVE|TAT|2,1
B7NN18|NEGATIVE|TAT|2,1
Q02IZ4|NEGATIVE|TAT|2,1
B5R233|NEGATIVE|TAT|2,1
Q1R9L3|NEGATIVE|TAT|2,1
Q0T2R8|NEGATIVE|TAT|2,1
A7FG75|NEGATIVE|TAT|2,1
Q5PI61|NEGATIVE|TAT|2,1
A9MJZ6|NEGATIVE|TAT|2,1
B7MFB8|NEGATIVE|TAT|2,1
B6I1A4|NEGATIVE|TAT|2,1
B2K970|NEGATIVE|TAT|2,1
Q668I0|NEGATIVE|TAT|2,1
C0Q0P2|NEGATIVE|TAT|2,1
A4TMK8|NEGATIVE|TAT|2,1
A7ZP28|NEGATIVE|TAT|2,1
B1IY66|NEGATIVE|TAT|2,1
C3LVU3|NEGATIVE|TAT|2,1
B5FGW1|NEGATIVE|TAT|2,1
Q57M92|NEGATIVE|TAT|2,1
B4TAT3|NEGATIVE|TAT|2,1
B4TPE6|NEGATIVE|TAT|2,1
A9QZL3|NEGATIVE|TAT|2,1
B1LKV2|NEGATIVE|TAT|2,1
B5FNQ2|NEGATIVE|TAT|2,1
B7M5P6|NEGATIVE|TAT|2,1
B5EYU5|NEGATIVE|TAT|2,1
A8A268|NEGATIVE|TAT|2,1
B7LAM9|NEGATIVE|TAT|2,1
B4SYT3|NEGATIVE|TAT|2,1
B7UFL9|NEGATIVE|TAT|2,1
B2TV30|NEGATIVE|TAT|2,1
Q1C5S8|NEGATIVE|TAT|2,1
B7MXN6|NEGATIVE|TAT|2,1
B1X8A2|NEGATIVE|TAT|2,1
C4ZU48|NEGATIVE|TAT|2,1
B5YWZ7|NEGATIVE|TAT|2,1
Q3HS05|NEGATIVE|TAT|2,1
P9WIB2|POSITIVE|TAT|0,1
P39660|NEGATIVE|TATLIPO|1,1
P46911|POSITIVE|TAT|0,1
Q8XB74|NEGATIVE|TAT|1,1
Q7CI09|NEGATIVE|TAT|0,1
P67347|NEGATIVE|TAT|1,1
Q8FGI7|NEGATIVE|TAT|1,1
P67348|NEGATIVE|TAT|1,1
A9N876|NEGATIVE|TAT|1,1
P0A4R1|NEGATIVE|TAT|1,1
B5R1C0|NEGATIVE|TAT|1,1
A1ACB6|NEGATIVE|TAT|1,1
B5BGT1|NEGATIVE|TAT|1,1
Q1RAH1|NEGATIVE|TAT|1,1
Q5PJV7|NEGATIVE|TAT|1,1
B2TWL4|NEGATIVE|TAT|1,1
B7NBW2|NEGATIVE|TAT|1,1
B5REX5|NEGATIVE|TAT|1,1
B7USY1|NEGATIVE|TAT|1,1
B5FIV5|NEGATIVE|TAT|1,1
B6I116|NEGATIVE|TAT|1,1
B4SUN2|NEGATIVE|TAT|1,1
Q57J91|NEGATIVE|TAT|1,1
B7MWF7|NEGATIVE|TAT|1,1
B5F7N7|NEGATIVE|TAT|1,1
B4TJV1|NEGATIVE|TAT|1,1
B7M3A9|NEGATIVE|TAT|1,1
C4ZQP1|NEGATIVE|TAT|1,1
B5YSJ7|NEGATIVE|TAT|1,1
B1IZU1|NEGATIVE|TAT|1,1
Q5N0R0|NEGATIVE|TAT|0,1
Q0T616|NEGATIVE|TAT|0,1
Q1CHD5|NEGATIVE|TAT|0,1
C8WLC6|POSITIVE|TAT|2,1
Q45657|POSITIVE|TAT|0,1
Q9RI72|POSITIVE|TAT|1,1
P0AAK7|NEGATIVE|TAT|0,1
P44847|NEGATIVE|TAT|2,1
Q8Z765|NEGATIVE|TAT|1,1
Q8CW34|NEGATIVE|TAT|1,1
Q8ZPB3|NEGATIVE|TAT|1,1
Q8X9V1|NEGATIVE|TAT|1,1
B5R535|NEGATIVE|TAT|1,1
B5BJ86|NEGATIVE|TAT|1,1
A1AB32|NEGATIVE|TAT|1,1
Q1RBZ1|NEGATIVE|TAT|1,1
Q5PHT4|NEGATIVE|TAT|1,1
Q3Z1F4|NEGATIVE|TAT|1,1
B6IAG9|NEGATIVE|TAT|1,1
B1XDD6|NEGATIVE|TAT|1,1
Q320I8|NEGATIVE|TAT|1,1
A7ZLL8|NEGATIVE|TAT|1,1
B2U143|NEGATIVE|TAT|1,1
A0KV43|NEGATIVE|TAT|1,1
C4ZVG4|NEGATIVE|TAT|1,1
Q0HKG4|NEGATIVE|TAT|1,1
Q8P3C6|NEGATIVE|TAT|1,1
Q48BK0|NEGATIVE|TAT|1,1
B0RZ46|NEGATIVE|TAT|1,1
P0AAL4|NEGATIVE|TAT|0,1
P0AAK8|NEGATIVE|TAT|0,1
P0A5R9|POSITIVE|TAT|0,1
P0AB07|NEGATIVE|TAT|0,1
P0AB06|NEGATIVE|TAT|0,1
B0R5Y3|ARCHAEA|TAT|0,1
P9WM44|POSITIVE|TAT|2,1
P0AB09|NEGATIVE|TAT|0,1
P0A5E2|POSITIVE|TAT|2,1
P9WQP3|POSITIVE|TAT|1,1
P9WQP2|POSITIVE|TAT|1,1
B3GZ85|NEGATIVE|TAT|1,1
